report,date,team,player,role,duration_match,passes_attempted,passes_completed,pass_completion_pct,switches,crosses_attempted,crosses_completed,line_breaks_attempted,line_breaks_completed,line_break_completion_pct,ball_progressions,take_ons,step_ins,attempts,goals,minutes,starter,attempts_per90,goals_per90,passes_attempted_per90,passes_completed_per90,crosses_attempted_per90,line_breaks_completed_per90,ball_progressions_per90,take_ons_per90,step_ins_per90
PMSR-M100-ARG-V-SUI.pdf,2026-07-11,Argentina,Emiliano Martínez,GK,120,45,29,64,0,0,0,25,10,40,0,0,0,0,0,120,True,0.0,0.0,33.75,21.75,0.0,7.5,0.0,0.0,0.0
PMSR-M100-ARG-V-SUI.pdf,2026-07-11,Argentina,Nicolás Tagliafico,DEF,120,25,21,84,0,0,0,6,3,50,0,0,0,0,0,78,True,0.0,0.0,28.846153846153847,24.23076923076923,0.0,3.4615384615384617,0.0,0.0,0.0
PMSR-M100-ARG-V-SUI.pdf,2026-07-11,Argentina,Leandro Paredes,MID,120,118,111,94,1,0,0,18,18,100,1,0,1,0,0,120,True,0.0,0.0,88.5,83.25,0.0,13.5,0.75,0.0,0.75
PMSR-M100-ARG-V-SUI.pdf,2026-07-11,Argentina,Lisandro Martínez,DEF,120,76,66,87,0,1,0,19,12,63,4,2,2,2,0,120,True,1.5,0.0,57.0,49.5,0.75,9.0,3.0,1.5,1.5
PMSR-M100-ARG-V-SUI.pdf,2026-07-11,Argentina,Rodrigo De Paul,MID,120,35,32,91,0,1,0,6,5,83,1,0,1,0,0,85,True,0.0,0.0,37.05882352941177,33.88235294117647,1.0588235294117647,5.294117647058823,1.0588235294117647,0.0,1.0588235294117647
PMSR-M100-ARG-V-SUI.pdf,2026-07-11,Argentina,Julián Alvarez,FWD,120,45,40,89,0,0,0,8,6,75,1,1,0,3,1,120,True,2.25,0.75,33.75,30.0,0.0,4.5,0.75,0.75,0.0
PMSR-M100-ARG-V-SUI.pdf,2026-07-11,Argentina,Lionel Messi,FWD,120,75,62,83,1,6,4,20,12,60,8,3,5,4,0,120,True,3.0,0.0,56.25,46.5,4.5,9.0,6.0,2.25,3.75
PMSR-M100-ARG-V-SUI.pdf,2026-07-11,Argentina,Cristian Romero,DEF,120,43,41,95,0,0,0,10,9,90,0,0,0,1,0,120,True,0.75,0.0,32.25,30.75,0.0,6.75,0.0,0.0,0.0
PMSR-M100-ARG-V-SUI.pdf,2026-07-11,Argentina,Alexis Mac Allister,MID,120,54,51,94,1,1,0,5,5,100,1,1,0,4,1,120,True,3.0,0.75,40.5,38.25,0.75,3.75,0.75,0.75,0.0
PMSR-M100-ARG-V-SUI.pdf,2026-07-11,Argentina,Enzo Fernández,MID,120,65,61,94,1,2,1,7,6,86,1,1,0,0,0,90,True,0.0,0.0,65.0,61.0,2.0,6.0,1.0,1.0,0.0
PMSR-M100-ARG-V-SUI.pdf,2026-07-11,Argentina,Nahuel Molina,DEF,120,38,31,82,0,1,0,11,6,55,0,0,0,1,0,85,True,1.0588235294117647,0.0,40.23529411764706,32.8235294117647,1.0588235294117647,6.352941176470588,0.0,0.0,0.0
PMSR-M100-ARG-V-SUI.pdf,2026-07-11,Argentina,Gonzalo Montiel,DEF,120,22,17,77,0,1,0,2,1,50,0,0,0,0,0,35,False,0.0,0.0,56.57142857142857,43.714285714285715,2.5714285714285716,2.5714285714285716,0.0,0.0,0.0
PMSR-M100-ARG-V-SUI.pdf,2026-07-11,Argentina,Nico Gonzalez,FWD,120,31,27,87,0,2,2,2,0,0,2,2,0,2,0,42,False,4.285714285714286,0.0,66.42857142857143,57.857142857142854,4.285714285714286,0.0,4.285714285714286,4.285714285714286,0.0
PMSR-M100-ARG-V-SUI.pdf,2026-07-11,Argentina,Thiago Almada,FWD,120,28,26,93,1,1,0,5,5,100,1,1,0,3,0,30,False,9.0,0.0,84.0,78.0,3.0,15.0,3.0,3.0,0.0
PMSR-M100-ARG-V-SUI.pdf,2026-07-11,Argentina,Lautaro Martínez,FWD,120,7,6,86,0,0,0,0,0,0,1,1,0,2,1,35,False,5.142857142857143,2.5714285714285716,18.0,15.428571428571429,0.0,0.0,2.5714285714285716,2.5714285714285716,0.0
PMSR-M19-ARG-V-ALG.pdf,2026-06-16,Argentina,Emiliano Martínez,GK,90,41,31,76,0,0,0,16,8,50,0,0,0,0,0,90,True,0.0,0.0,41.0,31.0,0.0,8.0,0.0,0.0,0.0
PMSR-M19-ARG-V-ALG.pdf,2026-06-16,Argentina,Gonzalo Montiel,DEF,90,22,20,91,0,0,0,4,3,75,0,0,0,0,0,45,True,0.0,0.0,44.0,40.0,0.0,6.0,0.0,0.0,0.0
PMSR-M19-ARG-V-ALG.pdf,2026-06-16,Argentina,Lisandro Martínez,DEF,90,67,64,96,0,0,0,14,13,93,0,0,0,0,0,90,True,0.0,0.0,67.0,64.0,0.0,13.0,0.0,0.0,0.0
PMSR-M19-ARG-V-ALG.pdf,2026-06-16,Argentina,Rodrigo De Paul,MID,90,54,49,91,0,1,0,9,6,67,3,2,1,0,0,90,True,0.0,0.0,54.0,49.0,1.0,6.0,3.0,2.0,1.0
PMSR-M19-ARG-V-ALG.pdf,2026-06-16,Argentina,Lionel Messi,FWD,90,40,30,75,1,2,1,15,12,80,4,4,0,6,3,90,True,6.0,3.0,40.0,30.0,2.0,12.0,4.0,4.0,0.0
PMSR-M19-ARG-V-ALG.pdf,2026-06-16,Argentina,Cristian Romero,DEF,90,66,65,98,0,0,0,14,13,93,1,0,1,0,0,90,True,0.0,0.0,66.0,65.0,0.0,13.0,1.0,0.0,1.0
PMSR-M19-ARG-V-ALG.pdf,2026-06-16,Argentina,Thiago Almada,FWD,90,33,30,91,0,0,0,6,4,67,1,0,1,1,0,55,True,1.6363636363636365,0.0,54.0,49.09090909090909,0.0,6.545454545454546,1.6363636363636365,0.0,1.6363636363636365
PMSR-M19-ARG-V-ALG.pdf,2026-06-16,Argentina,Alexis Mac Allister,MID,90,65,62,95,1,0,0,11,10,91,0,0,0,2,0,90,True,2.0,0.0,65.0,62.0,0.0,10.0,0.0,0.0,0.0
PMSR-M19-ARG-V-ALG.pdf,2026-06-16,Argentina,Lautaro Martínez,FWD,90,15,12,80,0,0,0,1,1,100,1,1,0,1,0,55,True,1.6363636363636365,0.0,24.545454545454547,19.636363636363637,0.0,1.6363636363636365,1.6363636363636365,1.6363636363636365,0.0
PMSR-M19-ARG-V-ALG.pdf,2026-06-16,Argentina,Enzo Fernández,MID,90,69,65,94,1,0,0,16,15,94,5,3,2,0,0,90,True,0.0,0.0,69.0,65.0,0.0,15.0,5.0,3.0,2.0
PMSR-M19-ARG-V-ALG.pdf,2026-06-16,Argentina,Facundo Medina,DEF,90,36,35,97,0,1,0,7,7,100,0,0,0,0,0,90,True,0.0,0.0,36.0,35.0,1.0,7.0,0.0,0.0,0.0
PMSR-M19-ARG-V-ALG.pdf,2026-06-16,Argentina,Julián Alvarez,FWD,90,10,8,80,0,0,0,0,0,0,0,0,0,0,0,35,False,0.0,0.0,25.714285714285715,20.571428571428573,0.0,0.0,0.0,0.0,0.0
PMSR-M19-ARG-V-ALG.pdf,2026-06-16,Argentina,Nico Gonzalez,FWD,90,11,10,91,0,1,0,1,0,0,2,2,0,0,0,35,False,0.0,0.0,28.285714285714285,25.714285714285715,2.5714285714285716,0.0,5.142857142857143,5.142857142857143,0.0
PMSR-M19-ARG-V-ALG.pdf,2026-06-16,Argentina,Nahuel Molina,DEF,90,29,19,66,0,0,0,10,3,30,1,1,0,0,0,45,False,0.0,0.0,58.0,38.0,0.0,6.0,2.0,2.0,0.0
PMSR-M22-ENG-V-CRO.pdf,2026-06-17,England,Jordan Pickford,GK,90,62,48,77,0,0,0,19,8,42,0,0,0,0,0,90,True,0.0,0.0,62.0,48.0,0.0,8.0,0.0,0.0,0.0
PMSR-M22-ENG-V-CRO.pdf,2026-06-17,England,Ezri Konsa,DEF,90,70,66,94,0,0,0,16,13,81,1,0,1,2,0,90,True,2.0,0.0,70.0,66.0,0.0,13.0,1.0,0.0,1.0
PMSR-M22-ENG-V-CRO.pdf,2026-06-17,England,Nico O'Reilly,DEF,90,48,44,92,0,0,0,10,9,90,5,2,3,2,0,90,True,2.0,0.0,48.0,44.0,0.0,9.0,5.0,2.0,3.0
PMSR-M22-ENG-V-CRO.pdf,2026-06-17,England,Declan Rice,MID,90,37,33,89,0,9,4,7,5,71,1,1,0,1,0,72,True,1.25,0.0,46.25,41.25,11.25,6.25,1.25,1.25,0.0
PMSR-M22-ENG-V-CRO.pdf,2026-06-17,England,John Stones,DEF,90,64,60,94,0,0,0,11,10,91,1,0,1,0,0,87,True,0.0,0.0,66.20689655172414,62.06896551724138,0.0,10.344827586206897,1.0344827586206897,0.0,1.0344827586206897
PMSR-M22-ENG-V-CRO.pdf,2026-06-17,England,Elliot Anderson,MID,90,52,47,90,0,1,1,9,6,67,1,0,1,1,0,90,True,1.0,0.0,52.0,47.0,1.0,6.0,1.0,0.0,1.0
PMSR-M22-ENG-V-CRO.pdf,2026-06-17,England,Harry Kane,FWD,90,20,14,70,0,0,0,8,5,62,1,1,0,7,2,90,True,7.0,2.0,20.0,14.0,0.0,5.0,1.0,1.0,0.0
PMSR-M22-ENG-V-CRO.pdf,2026-06-17,England,Jude Bellingham,MID,90,22,18,82,0,1,0,7,4,57,3,3,0,3,1,90,True,3.0,1.0,22.0,18.0,1.0,4.0,3.0,3.0,0.0
PMSR-M22-ENG-V-CRO.pdf,2026-06-17,England,Anthony Gordon,FWD,90,12,10,83,0,0,0,1,1,100,2,2,0,2,0,72,True,2.5,0.0,15.0,12.5,0.0,1.25,2.5,2.5,0.0
PMSR-M22-ENG-V-CRO.pdf,2026-06-17,England,Noni Madueke,FWD,90,17,16,94,0,2,2,5,5,100,0,0,0,1,0,72,True,1.25,0.0,21.25,20.0,2.5,6.25,0.0,0.0,0.0
PMSR-M22-ENG-V-CRO.pdf,2026-06-17,England,Reece James,DEF,90,45,39,87,1,2,1,9,5,56,0,0,0,1,0,90,True,1.0,0.0,45.0,39.0,2.0,5.0,0.0,0.0,0.0
PMSR-M22-ENG-V-CRO.pdf,2026-06-17,England,Marc Guéhi,DEF,90,7,7,100,0,0,0,5,5,100,0,0,0,0,0,3,False,0.0,0.0,42.0,42.0,0.0,30.0,0.0,0.0,0.0
PMSR-M22-ENG-V-CRO.pdf,2026-06-17,England,Bukayo Saka,FWD,90,6,5,83,0,0,0,3,2,67,5,4,1,0,0,18,False,0.0,0.0,30.0,25.0,0.0,10.0,25.0,20.0,5.0
PMSR-M22-ENG-V-CRO.pdf,2026-06-17,England,Marcus Rashford,FWD,90,5,3,60,0,0,0,2,0,0,2,2,0,1,1,18,False,5.0,5.0,25.0,15.0,0.0,0.0,10.0,10.0,0.0
PMSR-M22-ENG-V-CRO.pdf,2026-06-17,England,Morgan Rogers,MID,90,7,5,71,0,0,0,2,2,100,1,0,1,0,0,18,False,0.0,0.0,35.0,25.0,0.0,10.0,5.0,0.0,5.0
PMSR-M43-ARG-V-AUT.pdf,2026-06-22,Argentina,Emiliano Martínez,GK,90,26,20,77,0,0,0,9,3,33,0,0,0,0,0,90,True,0.0,0.0,26.0,20.0,0.0,3.0,0.0,0.0,0.0
PMSR-M43-ARG-V-AUT.pdf,2026-06-22,Argentina,Lisandro Martínez,DEF,90,73,70,96,0,0,0,18,15,83,0,0,0,0,0,90,True,0.0,0.0,73.0,70.0,0.0,15.0,0.0,0.0,0.0
PMSR-M43-ARG-V-AUT.pdf,2026-06-22,Argentina,Rodrigo De Paul,MID,90,50,45,90,0,1,0,8,7,88,0,0,0,0,0,82,True,0.0,0.0,54.8780487804878,49.390243902439025,1.0975609756097562,7.682926829268292,0.0,0.0,0.0
PMSR-M43-ARG-V-AUT.pdf,2026-06-22,Argentina,Lionel Messi,FWD,90,40,29,72,0,2,1,12,7,58,7,6,1,7,2,90,True,7.0,2.0,40.0,29.0,2.0,7.0,7.0,6.0,1.0
PMSR-M43-ARG-V-AUT.pdf,2026-06-22,Argentina,Cristian Romero,DEF,90,47,45,96,0,0,0,6,6,100,0,0,0,0,0,90,True,0.0,0.0,47.0,45.0,0.0,6.0,0.0,0.0,0.0
PMSR-M43-ARG-V-AUT.pdf,2026-06-22,Argentina,Thiago Almada,FWD,90,38,34,89,0,0,0,5,5,100,1,1,0,0,0,64,True,0.0,0.0,53.4375,47.8125,0.0,7.03125,1.40625,1.40625,0.0
PMSR-M43-ARG-V-AUT.pdf,2026-06-22,Argentina,Alexis Mac Allister,MID,90,66,63,95,1,0,0,9,8,89,1,0,1,0,0,90,True,0.0,0.0,66.0,63.0,0.0,8.0,1.0,0.0,1.0
PMSR-M43-ARG-V-AUT.pdf,2026-06-22,Argentina,Lautaro Martínez,FWD,90,8,8,100,0,1,0,0,0,0,2,2,0,0,0,65,True,0.0,0.0,11.076923076923077,11.076923076923077,1.3846153846153846,0.0,2.769230769230769,2.769230769230769,0.0
PMSR-M43-ARG-V-AUT.pdf,2026-06-22,Argentina,Enzo Fernández,MID,90,70,63,90,2,1,0,18,17,94,2,1,1,2,0,90,True,2.0,0.0,70.0,63.0,1.0,17.0,2.0,1.0,1.0
PMSR-M43-ARG-V-AUT.pdf,2026-06-22,Argentina,Facundo Medina,DEF,90,53,49,92,0,1,1,11,9,82,0,0,0,0,0,82,True,0.0,0.0,58.170731707317074,53.78048780487805,1.0975609756097562,9.878048780487806,0.0,0.0,0.0
PMSR-M43-ARG-V-AUT.pdf,2026-06-22,Argentina,Nahuel Molina,DEF,90,39,34,87,0,0,0,7,4,57,0,0,0,0,0,90,True,0.0,0.0,39.0,34.0,0.0,4.0,0.0,0.0,0.0
PMSR-M43-ARG-V-AUT.pdf,2026-06-22,Argentina,Nicolás Tagliafico,DEF,90,2,2,100,0,0,0,1,1,100,0,0,0,0,0,8,False,0.0,0.0,12.0,12.0,0.0,6.0,0.0,0.0,0.0
PMSR-M43-ARG-V-AUT.pdf,2026-06-22,Argentina,Leandro Paredes,MID,90,9,9,100,0,0,0,0,0,0,0,0,0,0,0,8,False,0.0,0.0,54.0,54.0,0.0,0.0,0.0,0.0,0.0
PMSR-M43-ARG-V-AUT.pdf,2026-06-22,Argentina,Julián Alvarez,FWD,90,8,8,100,0,0,0,0,0,0,0,0,0,1,0,26,False,3.4615384615384617,0.0,27.692307692307693,27.692307692307693,0.0,0.0,0.0,0.0,0.0
PMSR-M43-ARG-V-AUT.pdf,2026-06-22,Argentina,Nico Gonzalez,FWD,90,9,5,56,0,0,0,2,1,50,1,1,0,2,0,25,False,7.2,0.0,32.4,18.0,0.0,3.6,3.6,3.6,0.0
PMSR-M45-ENG-V-GHA.pdf,2026-06-23,England,Jordan Pickford,GK,90,24,22,92,2,0,0,6,4,67,0,0,0,0,0,90,True,0.0,0.0,24.0,22.0,0.0,4.0,0.0,0.0,0.0
PMSR-M45-ENG-V-GHA.pdf,2026-06-23,England,Ezri Konsa,DEF,90,120,116,97,1,0,0,25,23,92,2,0,2,0,0,90,True,0.0,0.0,120.0,116.0,0.0,23.0,2.0,0.0,2.0
PMSR-M45-ENG-V-GHA.pdf,2026-06-23,England,Declan Rice,MID,90,48,42,88,1,11,3,13,8,62,1,1,0,3,0,90,True,3.0,0.0,48.0,42.0,11.0,8.0,1.0,1.0,0.0
PMSR-M45-ENG-V-GHA.pdf,2026-06-23,England,Marc Guéhi,DEF,90,128,126,98,1,0,0,16,14,88,5,0,5,1,0,90,True,1.0,0.0,128.0,126.0,0.0,14.0,5.0,0.0,5.0
PMSR-M45-ENG-V-GHA.pdf,2026-06-23,England,Elliot Anderson,MID,90,76,67,88,0,0,0,19,13,68,1,1,0,4,0,74,True,4.864864864864865,0.0,92.43243243243244,81.48648648648648,0.0,15.81081081081081,1.2162162162162162,1.2162162162162162,0.0
PMSR-M45-ENG-V-GHA.pdf,2026-06-23,England,Harry Kane,FWD,90,10,8,80,1,0,0,3,1,33,0,0,0,3,0,90,True,3.0,0.0,10.0,8.0,0.0,1.0,0.0,0.0,0.0
PMSR-M45-ENG-V-GHA.pdf,2026-06-23,England,Jude Bellingham,MID,90,30,27,90,0,1,0,4,2,50,1,1,0,1,0,74,True,1.2162162162162162,0.0,36.486486486486484,32.83783783783784,1.2162162162162162,2.4324324324324325,1.2162162162162162,1.2162162162162162,0.0
PMSR-M45-ENG-V-GHA.pdf,2026-06-23,England,Anthony Gordon,FWD,90,24,22,92,0,2,0,7,5,71,7,7,0,1,0,65,True,1.3846153846153846,0.0,33.23076923076923,30.46153846153846,2.769230769230769,6.923076923076923,9.692307692307692,9.692307692307692,0.0
PMSR-M45-ENG-V-GHA.pdf,2026-06-23,England,Noni Madueke,FWD,90,29,23,79,0,5,2,8,5,62,7,6,1,2,0,83,True,2.1686746987951806,0.0,31.44578313253012,24.93975903614458,5.421686746987952,5.421686746987952,7.590361445783133,6.506024096385542,1.0843373493975903
PMSR-M45-ENG-V-GHA.pdf,2026-06-23,England,Reece James,DEF,90,73,71,97,1,5,1,15,11,73,1,1,0,0,0,90,True,0.0,0.0,73.0,71.0,5.0,11.0,1.0,1.0,0.0
PMSR-M45-ENG-V-GHA.pdf,2026-06-23,England,Nico O'Reilly,DEF,90,12,11,92,0,0,0,1,1,100,1,1,0,2,0,0,False,12.0,0.0,72.0,66.0,0.0,6.0,6.0,6.0,0.0
PMSR-M45-ENG-V-GHA.pdf,2026-06-23,England,Bukayo Saka,FWD,90,8,8,100,0,1,0,1,0,0,1,1,0,2,0,25,False,7.2,0.0,28.8,28.8,3.6,0.0,3.6,3.6,0.0
PMSR-M45-ENG-V-GHA.pdf,2026-06-23,England,Marcus Rashford,FWD,90,7,6,86,1,4,1,5,3,60,0,0,0,0,0,7,False,0.0,0.0,42.0,36.0,24.0,18.0,0.0,0.0,0.0
PMSR-M45-ENG-V-GHA.pdf,2026-06-23,England,Morgan Rogers,MID,90,7,4,57,0,1,0,3,2,67,2,0,2,0,0,16,False,0.0,0.0,39.375,22.5,5.625,11.25,11.25,0.0,11.25
PMSR-M45-ENG-V-GHA.pdf,2026-06-23,England,Eberechi Eze,MID,90,10,7,70,0,1,1,0,0,0,1,1,0,0,0,16,False,0.0,0.0,56.25,39.375,5.625,0.0,5.625,5.625,0.0
PMSR-M67-PAN-V-ENG.pdf,2026-06-27,England,Jordan Pickford,GK,90,31,24,77,0,0,0,12,6,50,0,0,0,0,0,90,True,0.0,0.0,31.0,24.0,0.0,6.0,0.0,0.0,0.0
PMSR-M67-PAN-V-ENG.pdf,2026-06-27,England,Ezri Konsa,DEF,90,72,71,99,1,0,0,6,6,100,0,0,0,0,0,90,True,0.0,0.0,72.0,71.0,0.0,6.0,0.0,0.0,0.0
PMSR-M67-PAN-V-ENG.pdf,2026-06-27,England,Nico O'Reilly,DEF,90,55,49,89,0,1,1,14,13,93,1,1,0,1,0,90,True,1.0,0.0,55.0,49.0,1.0,13.0,1.0,1.0,0.0
PMSR-M67-PAN-V-ENG.pdf,2026-06-27,England,Marc Guéhi,DEF,90,79,77,97,1,0,0,10,10,100,1,0,1,0,0,90,True,0.0,0.0,79.0,77.0,0.0,10.0,1.0,0.0,1.0
PMSR-M67-PAN-V-ENG.pdf,2026-06-27,England,Bukayo Saka,FWD,90,25,20,80,0,8,1,6,4,67,4,4,0,3,0,63,True,4.285714285714286,0.0,35.714285714285715,28.571428571428573,11.428571428571429,5.714285714285714,5.714285714285714,5.714285714285714,0.0
PMSR-M67-PAN-V-ENG.pdf,2026-06-27,England,Elliot Anderson,MID,90,71,65,92,2,3,0,24,20,83,1,1,0,1,0,84,True,1.0714285714285714,0.0,76.07142857142857,69.64285714285714,3.2142857142857144,21.428571428571427,1.0714285714285714,1.0714285714285714,0.0
PMSR-M67-PAN-V-ENG.pdf,2026-06-27,England,Harry Kane,FWD,90,18,14,78,0,1,0,7,6,86,1,1,0,3,1,84,True,3.2142857142857144,1.0714285714285714,19.285714285714285,15.0,1.0714285714285714,6.428571428571429,1.0714285714285714,1.0714285714285714,0.0
PMSR-M67-PAN-V-ENG.pdf,2026-06-27,England,Jude Bellingham,MID,90,40,34,85,2,3,1,13,10,77,5,4,1,2,1,71,True,2.535211267605634,1.267605633802817,50.70422535211268,43.098591549295776,3.8028169014084505,12.67605633802817,6.338028169014085,5.070422535211268,1.267605633802817
PMSR-M67-PAN-V-ENG.pdf,2026-06-27,England,Marcus Rashford,FWD,90,42,35,83,0,7,1,17,10,59,6,5,1,5,0,90,True,5.0,0.0,42.0,35.0,7.0,10.0,6.0,5.0,1.0
PMSR-M67-PAN-V-ENG.pdf,2026-06-27,England,Morgan Rogers,MID,90,38,31,82,0,1,0,8,7,88,1,1,0,0,0,90,True,0.0,0.0,38.0,31.0,1.0,7.0,1.0,1.0,0.0
PMSR-M67-PAN-V-ENG.pdf,2026-06-27,England,Ollie Watkins,FWD,90,1,1,100,0,1,0,1,1,100,1,1,0,0,0,6,False,0.0,0.0,6.0,6.0,6.0,6.0,6.0,6.0,0.0
PMSR-M67-PAN-V-ENG.pdf,2026-06-27,England,Noni Madueke,FWD,90,5,2,40,0,2,1,2,1,50,3,3,0,1,0,27,False,3.3333333333333335,0.0,16.666666666666668,6.666666666666667,6.666666666666667,3.3333333333333335,10.0,10.0,0.0
PMSR-M67-PAN-V-ENG.pdf,2026-06-27,England,Eberechi Eze,MID,90,9,7,78,0,0,0,3,2,67,0,0,0,1,0,19,False,4.7368421052631575,0.0,42.63157894736842,33.1578947368421,0.0,9.473684210526315,0.0,0.0,0.0
PMSR-M70-JOR-V-ARG.pdf,2026-06-27,Argentina,Emiliano Martínez,GK,90,19,19,100,0,0,0,3,3,100,0,0,0,0,0,90,True,0.0,0.0,19.0,19.0,0.0,3.0,0.0,0.0,0.0
PMSR-M70-JOR-V-ARG.pdf,2026-06-27,Argentina,Nicolás Tagliafico,DEF,90,58,51,88,0,1,1,7,3,43,0,0,0,0,0,90,True,0.0,0.0,58.0,51.0,1.0,3.0,0.0,0.0,0.0
PMSR-M70-JOR-V-ARG.pdf,2026-06-27,Argentina,Leandro Paredes,MID,90,166,154,93,1,2,1,45,40,89,3,0,3,0,0,90,True,0.0,0.0,166.0,154.0,2.0,40.0,3.0,0.0,3.0
PMSR-M70-JOR-V-ARG.pdf,2026-06-27,Argentina,Julián Alvarez,FWD,90,32,24,75,0,0,0,4,3,75,1,0,1,1,0,90,True,1.0,0.0,32.0,24.0,0.0,3.0,1.0,0.0,1.0
PMSR-M70-JOR-V-ARG.pdf,2026-06-27,Argentina,Giovani Lo Celso,MID,90,51,47,92,0,1,1,11,10,91,5,1,4,1,1,60,True,1.5,1.5,76.5,70.5,1.5,15.0,7.5,1.5,6.0
PMSR-M70-JOR-V-ARG.pdf,2026-06-27,Argentina,Exequiel Palacios,MID,90,94,89,95,0,0,0,19,17,89,0,0,0,0,0,90,True,0.0,0.0,94.0,89.0,0.0,17.0,0.0,0.0,0.0
PMSR-M70-JOR-V-ARG.pdf,2026-06-27,Argentina,Lautaro Martínez,FWD,90,22,18,82,0,0,0,3,1,33,1,1,0,3,1,60,True,4.5,1.5,33.0,27.0,0.0,1.5,1.5,1.5,0.0
PMSR-M70-JOR-V-ARG.pdf,2026-06-27,Argentina,Lionel Messi,FWD,90,21,17,81,2,3,1,5,4,80,0,0,0,2,1,30,False,6.0,3.0,63.0,51.0,9.0,12.0,0.0,0.0,0.0
PMSR-M70-JOR-V-ARG.pdf,2026-06-27,Argentina,Thiago Almada,FWD,90,37,35,95,1,0,0,6,6,100,2,2,0,1,0,30,False,3.0,0.0,111.0,105.0,0.0,18.0,6.0,6.0,0.0
PMSR-M70-JOR-V-ARG.pdf,2026-06-27,Argentina,Alexis Mac Allister,MID,90,46,42,91,0,0,0,7,5,71,1,1,0,0,0,0,False,0.0,0.0,276.0,252.0,0.0,30.0,6.0,6.0,0.0
PMSR-M80-ENG-V-COD.pdf,2026-07-01,England,Jordan Pickford,GK,90,31,24,77,0,0,0,9,5,56,0,0,0,0,0,90,True,0.0,0.0,31.0,24.0,0.0,5.0,0.0,0.0,0.0
PMSR-M80-ENG-V-COD.pdf,2026-07-01,England,Ezri Konsa,DEF,90,73,71,97,1,0,0,18,16,89,1,0,1,0,0,90,True,0.0,0.0,73.0,71.0,0.0,16.0,1.0,0.0,1.0
PMSR-M80-ENG-V-COD.pdf,2026-07-01,England,Nico O'Reilly,DEF,90,44,44,100,1,2,0,8,8,100,2,1,1,1,0,90,True,1.0,0.0,44.0,44.0,2.0,8.0,2.0,1.0,1.0
PMSR-M80-ENG-V-COD.pdf,2026-07-01,England,Declan Rice,MID,90,56,53,95,0,11,4,22,19,86,1,0,1,0,0,90,True,0.0,0.0,56.0,53.0,11.0,19.0,1.0,0.0,1.0
PMSR-M80-ENG-V-COD.pdf,2026-07-01,England,Marc Guéhi,DEF,90,67,67,100,2,0,0,12,12,100,1,0,1,0,0,90,True,0.0,0.0,67.0,67.0,0.0,12.0,1.0,0.0,1.0
PMSR-M80-ENG-V-COD.pdf,2026-07-01,England,Elliot Anderson,MID,90,66,59,89,1,1,1,18,16,89,3,0,3,1,0,90,True,1.0,0.0,66.0,59.0,1.0,16.0,3.0,0.0,3.0
PMSR-M80-ENG-V-COD.pdf,2026-07-01,England,Harry Kane,FWD,90,11,8,73,0,0,0,4,3,75,4,3,1,5,2,90,True,5.0,2.0,11.0,8.0,0.0,3.0,4.0,3.0,1.0
PMSR-M80-ENG-V-COD.pdf,2026-07-01,England,Jude Bellingham,MID,90,39,34,87,1,4,0,12,9,75,4,4,0,3,0,90,True,3.0,0.0,39.0,34.0,4.0,9.0,4.0,4.0,0.0
PMSR-M80-ENG-V-COD.pdf,2026-07-01,England,Marcus Rashford,FWD,90,29,28,97,0,4,0,9,7,78,5,4,1,3,0,61,True,4.426229508196721,0.0,42.78688524590164,41.31147540983606,5.901639344262295,10.327868852459016,7.377049180327869,5.901639344262295,1.4754098360655739
PMSR-M80-ENG-V-COD.pdf,2026-07-01,England,Noni Madueke,FWD,90,26,24,92,0,10,3,14,9,64,9,9,0,2,0,61,True,2.9508196721311477,0.0,38.36065573770492,35.40983606557377,14.754098360655737,13.278688524590164,13.278688524590164,13.278688524590164,0.0
PMSR-M80-ENG-V-COD.pdf,2026-07-01,England,John Stones,DEF,90,0,0,0,0,0,0,0,0,0,0,0,0,0,0,0,False,0.0,0.0,0.0,0.0,0.0,0.0,0.0,0.0,0.0
PMSR-M80-ENG-V-COD.pdf,2026-07-01,England,Bukayo Saka,FWD,90,12,8,67,0,2,0,3,2,67,3,2,1,0,0,29,False,0.0,0.0,37.241379310344826,24.82758620689655,6.206896551724138,6.206896551724138,9.310344827586206,6.206896551724138,3.103448275862069
PMSR-M80-ENG-V-COD.pdf,2026-07-01,England,Anthony Gordon,FWD,90,20,19,95,0,3,1,9,8,89,4,3,1,1,0,29,False,3.103448275862069,0.0,62.06896551724138,58.96551724137931,9.310344827586206,24.82758620689655,12.413793103448276,9.310344827586206,3.103448275862069
PMSR-M80-ENG-V-COD.pdf,2026-07-01,England,Eberechi Eze,MID,90,5,5,100,0,0,0,2,2,100,0,0,0,0,0,0,False,0.0,0.0,30.0,30.0,0.0,12.0,0.0,0.0,0.0
PMSR-M86-ARG-V-CPV.pdf,2026-07-03,Argentina,Emiliano Martínez,GK,120,33,28,85,0,0,0,6,2,33,0,0,0,0,0,120,True,0.0,0.0,24.75,21.0,0.0,1.5,0.0,0.0,0.0
PMSR-M86-ARG-V-CPV.pdf,2026-07-03,Argentina,Lisandro Martínez,DEF,120,118,115,97,1,0,0,25,23,92,0,0,0,1,1,120,True,0.75,0.75,88.5,86.25,0.0,17.25,0.0,0.0,0.0
PMSR-M86-ARG-V-CPV.pdf,2026-07-03,Argentina,Rodrigo De Paul,MID,120,76,72,95,0,3,2,16,14,88,5,1,4,0,0,84,True,0.0,0.0,81.42857142857143,77.14285714285714,3.2142857142857144,15.0,5.357142857142857,1.0714285714285714,4.285714285714286
PMSR-M86-ARG-V-CPV.pdf,2026-07-03,Argentina,Lionel Messi,FWD,120,46,39,85,0,7,3,22,17,77,10,5,5,9,1,120,True,6.75,0.75,34.5,29.25,5.25,12.75,7.5,3.75,3.75
PMSR-M86-ARG-V-CPV.pdf,2026-07-03,Argentina,Cristian Romero,DEF,120,117,114,97,0,0,0,31,30,97,6,2,4,1,0,120,True,0.75,0.0,87.75,85.5,0.0,22.5,4.5,1.5,3.0
PMSR-M86-ARG-V-CPV.pdf,2026-07-03,Argentina,Thiago Almada,FWD,120,34,29,85,0,0,0,7,5,71,1,1,0,0,0,64,True,0.0,0.0,47.8125,40.78125,0.0,7.03125,1.40625,1.40625,0.0
PMSR-M86-ARG-V-CPV.pdf,2026-07-03,Argentina,Alexis Mac Allister,MID,120,89,80,90,0,0,0,17,15,88,0,0,0,2,0,120,True,1.5,0.0,66.75,60.0,0.0,11.25,0.0,0.0,0.0
PMSR-M86-ARG-V-CPV.pdf,2026-07-03,Argentina,Lautaro Martínez,FWD,120,13,13,100,0,0,0,0,0,0,1,1,0,0,0,64,True,0.0,0.0,18.28125,18.28125,0.0,0.0,1.40625,1.40625,0.0
PMSR-M86-ARG-V-CPV.pdf,2026-07-03,Argentina,Enzo Fernández,MID,120,111,102,92,2,1,0,26,22,85,2,1,1,4,0,120,True,3.0,0.0,83.25,76.5,0.75,16.5,1.5,0.75,0.75
PMSR-M86-ARG-V-CPV.pdf,2026-07-03,Argentina,Facundo Medina,DEF,120,50,47,94,0,2,1,3,2,67,0,0,0,0,0,86,True,0.0,0.0,52.325581395348834,49.18604651162791,2.0930232558139537,2.0930232558139537,0.0,0.0,0.0
PMSR-M86-ARG-V-CPV.pdf,2026-07-03,Argentina,Nahuel Molina,DEF,120,60,57,95,1,3,0,9,6,67,1,1,0,0,0,104,True,0.0,0.0,51.92307692307692,49.32692307692308,2.5961538461538463,5.1923076923076925,0.8653846153846154,0.8653846153846154,0.0
PMSR-M86-ARG-V-CPV.pdf,2026-07-03,Argentina,Nicolás Tagliafico,DEF,120,21,21,100,0,0,0,2,2,100,0,0,0,0,0,34,False,0.0,0.0,55.588235294117645,55.588235294117645,0.0,5.294117647058823,0.0,0.0,0.0
PMSR-M86-ARG-V-CPV.pdf,2026-07-03,Argentina,Gonzalo Montiel,DEF,120,5,3,60,0,0,0,0,0,0,0,0,0,1,0,16,False,5.625,0.0,28.125,16.875,0.0,0.0,0.0,0.0,0.0
PMSR-M86-ARG-V-CPV.pdf,2026-07-03,Argentina,Leandro Paredes,MID,120,40,39,98,1,0,0,8,7,88,1,0,1,1,0,36,False,2.5,0.0,100.0,97.5,0.0,17.5,2.5,0.0,2.5
PMSR-M86-ARG-V-CPV.pdf,2026-07-03,Argentina,Julián Alvarez,FWD,120,22,20,91,0,1,0,3,3,100,2,2,0,1,0,56,False,1.6071428571428572,0.0,35.357142857142854,32.142857142857146,1.6071428571428572,4.821428571428571,3.2142857142857144,3.2142857142857144,0.0
PMSR-M86-ARG-V-CPV.pdf,2026-07-03,Argentina,Nico Gonzalez,FWD,120,27,21,78,0,2,0,6,4,67,4,4,0,2,0,56,False,3.2142857142857144,0.0,43.392857142857146,33.75,3.2142857142857144,6.428571428571429,6.428571428571429,6.428571428571429,0.0
PMSR-M92-MEX-V-ENG.pdf,2026-07-05,England,Jordan Pickford,GK,90,39,23,59,1,0,0,23,10,43,0,0,0,0,0,90,True,0.0,0.0,39.0,23.0,0.0,10.0,0.0,0.0,0.0
PMSR-M92-MEX-V-ENG.pdf,2026-07-05,England,Ezri Konsa,DEF,90,32,29,91,0,0,0,7,4,57,1,0,1,0,0,90,True,0.0,0.0,32.0,29.0,0.0,4.0,1.0,0.0,1.0
PMSR-M92-MEX-V-ENG.pdf,2026-07-05,England,Nico O'Reilly,DEF,90,18,16,89,1,1,1,7,6,86,0,0,0,1,0,90,True,1.0,0.0,18.0,16.0,1.0,6.0,0.0,0.0,0.0
PMSR-M92-MEX-V-ENG.pdf,2026-07-05,England,Declan Rice,MID,90,30,27,90,0,1,0,7,4,57,2,0,2,0,0,90,True,0.0,0.0,30.0,27.0,1.0,4.0,2.0,0.0,2.0
PMSR-M92-MEX-V-ENG.pdf,2026-07-05,England,Marc Guéhi,DEF,90,34,31,91,0,0,0,12,10,83,1,1,0,0,0,90,True,0.0,0.0,34.0,31.0,0.0,10.0,1.0,1.0,0.0
PMSR-M92-MEX-V-ENG.pdf,2026-07-05,England,Bukayo Saka,FWD,90,6,6,100,0,2,1,0,0,0,1,1,0,0,0,57,True,0.0,0.0,9.473684210526315,9.473684210526315,3.1578947368421053,0.0,1.5789473684210527,1.5789473684210527,0.0
PMSR-M92-MEX-V-ENG.pdf,2026-07-05,England,Elliot Anderson,MID,90,24,19,79,0,0,0,6,5,83,0,0,0,0,0,90,True,0.0,0.0,24.0,19.0,0.0,5.0,0.0,0.0,0.0
PMSR-M92-MEX-V-ENG.pdf,2026-07-05,England,Harry Kane,FWD,90,7,7,100,0,1,1,0,0,0,1,1,0,1,1,90,True,1.0,1.0,7.0,7.0,1.0,0.0,1.0,1.0,0.0
PMSR-M92-MEX-V-ENG.pdf,2026-07-05,England,Jude Bellingham,MID,90,23,17,74,0,0,0,7,5,71,4,2,2,3,2,90,True,3.0,2.0,23.0,17.0,0.0,5.0,4.0,2.0,2.0
PMSR-M92-MEX-V-ENG.pdf,2026-07-05,England,Anthony Gordon,FWD,90,10,8,80,0,1,0,6,4,67,7,6,1,1,0,90,True,1.0,0.0,10.0,8.0,1.0,4.0,7.0,6.0,1.0
PMSR-M92-MEX-V-ENG.pdf,2026-07-05,England,John Stones,DEF,90,1,1,100,1,0,0,1,1,100,0,0,0,0,0,33,False,0.0,0.0,2.727272727272727,2.727272727272727,0.0,2.727272727272727,0.0,0.0,0.0
PMSR-M92-MEX-V-ENG.pdf,2026-07-05,England,Morgan Rogers,MID,90,2,0,0,0,0,0,0,0,0,0,0,0,0,0,0,False,0.0,0.0,12.0,0.0,0.0,0.0,0.0,0.0,0.0
PMSR-M95-ARG-V-EGY.pdf,2026-07-07,Argentina,Emiliano Martínez,GK,90,20,14,70,0,0,0,5,3,60,0,0,0,0,0,90,True,0.0,0.0,20.0,14.0,0.0,3.0,0.0,0.0,0.0
PMSR-M95-ARG-V-EGY.pdf,2026-07-07,Argentina,Nicolás Tagliafico,DEF,90,30,26,87,0,2,0,1,0,0,0,0,0,0,0,66,True,0.0,0.0,40.90909090909091,35.45454545454545,2.727272727272727,0.0,0.0,0.0,0.0
PMSR-M95-ARG-V-EGY.pdf,2026-07-07,Argentina,Leandro Paredes,MID,90,119,116,97,2,0,0,35,33,94,7,1,6,2,0,90,True,2.0,0.0,119.0,116.0,0.0,33.0,7.0,1.0,6.0
PMSR-M95-ARG-V-EGY.pdf,2026-07-07,Argentina,Lisandro Martínez,DEF,90,51,48,94,0,2,0,15,14,93,3,1,2,1,0,90,True,1.0,0.0,51.0,48.0,2.0,14.0,3.0,1.0,2.0
PMSR-M95-ARG-V-EGY.pdf,2026-07-07,Argentina,Rodrigo De Paul,MID,90,55,49,89,1,4,1,10,5,50,1,0,1,1,0,66,True,1.3636363636363635,0.0,75.0,66.81818181818181,5.454545454545454,6.818181818181818,1.3636363636363635,0.0,1.3636363636363635
PMSR-M95-ARG-V-EGY.pdf,2026-07-07,Argentina,Julián Alvarez,FWD,90,37,32,86,1,0,0,5,4,80,2,1,1,2,0,90,True,2.0,0.0,37.0,32.0,0.0,4.0,2.0,1.0,1.0
PMSR-M95-ARG-V-EGY.pdf,2026-07-07,Argentina,Lionel Messi,FWD,90,53,41,77,0,12,4,22,15,68,10,9,1,5,1,90,True,5.0,1.0,53.0,41.0,12.0,15.0,10.0,9.0,1.0
PMSR-M95-ARG-V-EGY.pdf,2026-07-07,Argentina,Cristian Romero,DEF,90,61,59,97,0,0,0,14,14,100,0,0,0,1,1,90,True,1.0,1.0,61.0,59.0,0.0,14.0,0.0,0.0,0.0
PMSR-M95-ARG-V-EGY.pdf,2026-07-07,Argentina,Alexis Mac Allister,MID,90,40,34,85,0,0,0,12,8,67,2,1,1,2,0,90,True,2.0,0.0,40.0,34.0,0.0,8.0,2.0,1.0,1.0
PMSR-M95-ARG-V-EGY.pdf,2026-07-07,Argentina,Enzo Fernández,MID,90,84,77,92,1,0,0,25,23,92,4,3,1,2,1,90,True,2.0,1.0,84.0,77.0,0.0,23.0,4.0,3.0,1.0
PMSR-M95-ARG-V-EGY.pdf,2026-07-07,Argentina,Nahuel Molina,DEF,90,37,35,95,0,1,0,7,6,86,0,0,0,0,0,73,True,0.0,0.0,45.61643835616438,43.15068493150685,1.2328767123287672,7.397260273972603,0.0,0.0,0.0
PMSR-M95-ARG-V-EGY.pdf,2026-07-07,Argentina,Gonzalo Montiel,DEF,90,15,14,93,0,1,0,2,2,100,0,0,0,0,0,17,False,0.0,0.0,79.41176470588235,74.11764705882354,5.294117647058823,10.588235294117647,0.0,0.0,0.0
PMSR-M95-ARG-V-EGY.pdf,2026-07-07,Argentina,Nico Gonzalez,FWD,90,10,10,100,0,3,2,2,2,100,3,1,2,0,0,24,False,0.0,0.0,37.5,37.5,11.25,7.5,11.25,3.75,7.5
PMSR-M95-ARG-V-EGY.pdf,2026-07-07,Argentina,Lautaro Martínez,FWD,90,6,3,50,0,1,1,0,0,0,0,0,0,3,0,24,False,11.25,0.0,22.5,11.25,3.75,0.0,0.0,0.0,0.0
PMSR-M95-ARG-V-EGY.pdf,2026-07-07,Argentina,Facundo Medina,DEF,90,0,0,0,0,0,0,0,0,0,0,0,0,0,0,0,False,0.0,0.0,0.0,0.0,0.0,0.0,0.0,0.0,0.0
PMSR-M99-NOR-V-ENG.pdf,2026-07-11,England,Jordan Pickford,GK,120,36,26,72,0,0,0,21,12,57,0,0,0,0,0,120,True,0.0,0.0,27.0,19.5,0.0,9.0,0.0,0.0,0.0
PMSR-M99-NOR-V-ENG.pdf,2026-07-11,England,Ezri Konsa,DEF,120,61,60,98,0,1,0,10,10,100,1,1,0,0,0,89,True,0.0,0.0,61.68539325842696,60.674157303370784,1.0112359550561798,10.112359550561798,1.0112359550561798,1.0112359550561798,0.0
PMSR-M99-NOR-V-ENG.pdf,2026-07-11,England,Nico O'Reilly,DEF,120,38,35,92,0,2,1,6,4,67,2,2,0,0,0,120,True,0.0,0.0,28.5,26.25,1.5,3.0,1.5,1.5,0.0
PMSR-M99-NOR-V-ENG.pdf,2026-07-11,England,Declan Rice,MID,120,46,45,98,3,3,1,11,9,82,1,0,1,0,0,45,True,0.0,0.0,92.0,90.0,6.0,18.0,2.0,0.0,2.0
PMSR-M99-NOR-V-ENG.pdf,2026-07-11,England,John Stones,DEF,120,82,80,98,2,0,0,15,14,93,2,0,2,0,0,120,True,0.0,0.0,61.5,60.0,0.0,10.5,1.5,0.0,1.5
PMSR-M99-NOR-V-ENG.pdf,2026-07-11,England,Marc Guéhi,DEF,120,84,79,94,0,0,0,20,18,90,3,1,2,0,0,120,True,0.0,0.0,63.0,59.25,0.0,13.5,2.25,0.75,1.5
PMSR-M99-NOR-V-ENG.pdf,2026-07-11,England,Elliot Anderson,MID,120,93,86,92,5,1,1,19,16,84,2,0,2,0,0,120,True,0.0,0.0,69.75,64.5,0.75,12.0,1.5,0.0,1.5
PMSR-M99-NOR-V-ENG.pdf,2026-07-11,England,Harry Kane,FWD,120,18,13,72,1,0,0,5,4,80,0,0,0,3,0,120,True,2.25,0.0,13.5,9.75,0.0,3.0,0.0,0.0,0.0
PMSR-M99-NOR-V-ENG.pdf,2026-07-11,England,Jude Bellingham,MID,120,42,34,81,2,0,0,9,4,44,6,5,1,5,2,45,True,10.0,4.0,84.0,68.0,0.0,8.0,12.0,10.0,2.0
PMSR-M99-NOR-V-ENG.pdf,2026-07-11,England,Anthony Gordon,FWD,120,33,28,85,0,2,1,12,8,67,10,9,1,0,0,71,True,0.0,0.0,41.83098591549296,35.49295774647887,2.535211267605634,10.140845070422536,12.67605633802817,11.408450704225352,1.267605633802817
PMSR-M99-NOR-V-ENG.pdf,2026-07-11,England,Noni Madueke,FWD,120,17,17,100,0,3,1,3,3,100,3,2,1,0,0,45,True,0.0,0.0,34.0,34.0,6.0,6.0,6.0,4.0,2.0
PMSR-M99-NOR-V-ENG.pdf,2026-07-11,England,Bukayo Saka,FWD,120,19,15,79,1,6,2,3,2,67,3,3,0,3,0,75,False,3.6,0.0,22.8,18.0,7.2,2.4,3.6,3.6,0.0
PMSR-M99-NOR-V-ENG.pdf,2026-07-11,England,Morgan Rogers,MID,120,13,13,100,0,0,0,0,0,0,1,1,0,1,0,31,False,2.903225806451613,0.0,37.74193548387097,37.74193548387097,0.0,0.0,2.903225806451613,2.903225806451613,0.0
PMSR-M99-NOR-V-ENG.pdf,2026-07-11,England,Eberechi Eze,MID,120,16,14,88,1,2,0,5,4,80,3,2,1,1,0,75,False,1.2,0.0,19.2,16.8,2.4,4.8,3.6,2.4,1.2
PMSR-M99-NOR-V-ENG.pdf,2026-07-11,England,Reece James,DEF,120,36,32,89,1,1,1,13,9,69,0,0,0,0,0,49,False,0.0,0.0,66.12244897959184,58.775510204081634,1.836734693877551,16.53061224489796,0.0,0.0,0.0
