minute,p_active,p_home_shot,p_away_shot,p_home_goal,p_away_goal,p_home_foul,p_away_foul,p_home_yellow,p_away_yellow,p_home_corner,p_away_corner,p_home_leading_after,p_draw_after,p_away_leading_after,expected_home_goals_after,expected_away_goals_after
1,1.0,0.10929666666666667,0.07356333333333333,0.009593333333333334,0.00865,0.13100333333333333,0.12704666666666667,0.004386666666666666,0.004263333333333333,0.046283333333333336,0.026976666666666666,0.00952,0.9819033333333334,0.008576666666666666,0.009593333333333334,0.00865
2,1.0,0.11923,0.08036666666666667,0.010113333333333334,0.009723333333333334,0.13096666666666668,0.12716666666666668,0.00401,0.004016666666666667,0.050326666666666665,0.028993333333333333,0.01927,0.9628533333333333,0.017876666666666666,0.019706666666666667,0.018373333333333332
3,1.0,0.11729333333333333,0.07885,0.010386666666666667,0.009883333333333333,0.1295,0.12549333333333335,0.00576,0.0054666666666666665,0.05239666666666667,0.030796666666666667,0.028936666666666666,0.94402,0.027043333333333332,0.030093333333333333,0.028256666666666666
4,1.0,0.12024,0.08016333333333334,0.01113,0.01007,0.13038666666666668,0.12497333333333334,0.006353333333333333,0.00605,0.055023333333333334,0.031523333333333334,0.03899,0.9248933333333333,0.036116666666666665,0.041223333333333334,0.03832666666666667
5,1.0,0.12881333333333334,0.08697333333333333,0.011536666666666667,0.010876666666666666,0.12918666666666667,0.12381,0.0068,0.006753333333333333,0.06308666666666667,0.03625,0.04893666666666667,0.9056033333333333,0.04546,0.05276,0.049203333333333335
6,1.0,0.13104,0.08825,0.01198,0.010883333333333333,0.12921666666666667,0.12591333333333332,0.007326666666666667,0.00737,0.06429666666666667,0.03627333333333333,0.05903,0.8864733333333333,0.054496666666666665,0.06474,0.06008666666666666
7,1.0,0.13198333333333334,0.08797,0.012403333333333334,0.011303333333333334,0.12525333333333333,0.12196,0.009193333333333333,0.00849,0.060083333333333336,0.03513666666666666,0.06906333333333334,0.8672666666666666,0.06367,0.07714333333333333,0.07139
8,1.0,0.13552666666666666,0.09179,0.012743333333333334,0.011703333333333333,0.12685,0.12329666666666667,0.00924,0.008676666666666666,0.06305,0.03664,0.079,0.84831,0.07269,0.08988666666666667,0.08309333333333334
9,1.0,0.13683666666666666,0.09109333333333333,0.012903333333333333,0.011766666666666667,0.12204333333333334,0.11997,0.010403333333333334,0.010676666666666666,0.06519666666666667,0.03725333333333333,0.08880666666666667,0.8297633333333333,0.08143,0.10279,0.09486
10,1.0,0.14043,0.09409,0.01321,0.012063333333333334,0.11747,0.11464,0.010103333333333334,0.009446666666666667,0.06675333333333333,0.03878,0.09868666666666667,0.8110633333333334,0.09025,0.116,0.10692333333333333
11,1.0,0.14247666666666667,0.09473666666666666,0.013093333333333334,0.011966666666666667,0.11621,0.11517666666666666,0.00989,0.009713333333333333,0.06942,0.0395,0.10792333333333333,0.79339,0.09868666666666667,0.12909333333333334,0.11889
12,1.0,0.13709,0.09176333333333334,0.01271,0.011556666666666666,0.12034666666666667,0.11576666666666667,0.011906666666666666,0.01123,0.06664666666666667,0.03829333333333333,0.11663333333333334,0.77696,0.10640666666666666,0.14180333333333334,0.13044666666666666
13,1.0,0.14338333333333333,0.09622,0.013463333333333334,0.012396666666666667,0.11567,0.10968,0.012333333333333333,0.01179,0.06474,0.03737,0.12572666666666665,0.7596333333333334,0.11464,0.15526666666666666,0.14284333333333332
14,1.0,0.14109,0.09484,0.012903333333333333,0.01228,0.11372333333333333,0.10976666666666667,0.011223333333333333,0.010696666666666667,0.06697333333333333,0.03841666666666667,0.13385333333333332,0.7436333333333334,0.12251333333333334,0.16817,0.15512333333333334
15,1.0,0.13413333333333333,0.09021666666666667,0.012423333333333333,0.01126,0.11243666666666667,0.10893666666666667,0.011283333333333333,0.010623333333333334,0.06533,0.03802333333333333,0.14143666666666665,0.7295266666666667,0.12903666666666666,0.18059333333333333,0.16638333333333333
16,1.0,0.13185666666666668,0.08931666666666667,0.0115,0.011033333333333332,0.11725,0.11527666666666667,0.01205,0.011656666666666666,0.062136666666666666,0.03512333333333333,0.14786333333333335,0.7166666666666667,0.13547,0.19209333333333334,0.17741666666666667
17,1.0,0.12212666666666666,0.08192666666666666,0.010266666666666667,0.00981,0.12847666666666666,0.12450333333333333,0.013353333333333333,0.012806666666666666,0.06075666666666667,0.03529,0.15375666666666668,0.7051366666666666,0.14110666666666666,0.20236,0.18722666666666668
18,1.0,0.12274333333333333,0.08166333333333334,0.010663333333333334,0.01005,0.12436333333333334,0.11997333333333333,0.01278,0.012916666666666667,0.05793333333333334,0.03349,0.15981333333333334,0.6934766666666666,0.14671,0.21302333333333334,0.19727666666666666
19,1.0,0.13015666666666667,0.08870333333333333,0.011853333333333334,0.011083333333333334,0.12365,0.11959333333333333,0.01136,0.011036666666666667,0.06417666666666667,0.03709333333333333,0.16614333333333334,0.68137,0.15248666666666666,0.22487666666666667,0.20836
20,1.0,0.13181666666666667,0.08780666666666667,0.011616666666666668,0.011,0.12623,0.12225,0.012536666666666666,0.012176666666666667,0.06736666666666667,0.03873666666666667,0.17211666666666667,0.6698433333333333,0.15804,0.23649333333333333,0.21936
21,1.0,0.12875666666666666,0.08707333333333334,0.01159,0.01095,0.12333666666666666,0.11905333333333333,0.012933333333333333,0.012426666666666667,0.06894333333333333,0.03935,0.17789666666666668,0.6586666666666666,0.16343666666666667,0.24808333333333332,0.23031
22,1.0,0.13017666666666666,0.08805666666666667,0.01197,0.011246666666666667,0.12542666666666666,0.12163333333333333,0.014466666666666666,0.013856666666666666,0.06739666666666666,0.038406666666666665,0.18385333333333334,0.6473666666666666,0.16878,0.26005333333333336,0.24155666666666667
23,1.0,0.12970333333333334,0.08879,0.01202,0.01148,0.11971666666666667,0.11821,0.012473333333333333,0.012496666666666666,0.06875666666666666,0.03988666666666667,0.18971,0.6360233333333334,0.17426666666666665,0.27207333333333333,0.2530366666666667
24,1.0,0.13686666666666666,0.09196333333333333,0.012626666666666666,0.011516666666666666,0.11689333333333334,0.11327666666666666,0.013743333333333333,0.01304,0.07103,0.040113333333333334,0.19564,0.6248733333333333,0.17948666666666666,0.2847,0.2645533333333333
25,1.0,0.13258,0.08867333333333334,0.0121,0.010776666666666667,0.12064333333333334,0.11609666666666667,0.014483333333333334,0.013996666666666666,0.07185333333333334,0.04035,0.20119,0.6147166666666667,0.18409333333333333,0.2968,0.27533
26,1.0,0.12756666666666666,0.08625333333333333,0.011096666666666666,0.01047,0.12221333333333333,0.11867,0.016123333333333333,0.015796666666666667,0.06552666666666666,0.03698333333333333,0.20584,0.6057633333333333,0.18839666666666666,0.30789666666666665,0.2858
27,1.0,0.12304,0.08289,0.01042,0.00955,0.12588666666666667,0.12182333333333334,0.016473333333333333,0.016036666666666668,0.060783333333333335,0.03531,0.21030666666666667,0.5974533333333333,0.19224,0.3183166666666667,0.29535
28,1.0,0.12383666666666666,0.08474666666666666,0.010693333333333332,0.010366666666666666,0.13048666666666667,0.12567666666666666,0.017356666666666666,0.016416666666666666,0.059416666666666666,0.03445666666666666,0.21462666666666666,0.5889766666666667,0.19639666666666666,0.32901,0.3057166666666667
29,1.0,0.12443,0.08467,0.010663333333333334,0.01018,0.13067333333333334,0.12623666666666666,0.018276666666666667,0.018076666666666668,0.06194,0.03531666666666667,0.21871333333333334,0.5810533333333333,0.20023333333333335,0.3396733333333333,0.31589666666666666
30,1.0,0.13241,0.08940666666666666,0.01149,0.01061,0.12779666666666667,0.12370666666666667,0.01955,0.018776666666666667,0.059006666666666666,0.03324,0.22311666666666666,0.5727466666666666,0.20413666666666666,0.3511633333333333,0.32650666666666667
31,1.0,0.13570333333333334,0.09046,0.012213333333333333,0.011073333333333333,0.12532,0.12094,0.018626666666666666,0.017793333333333335,0.05812666666666667,0.034146666666666665,0.22796666666666668,0.56363,0.20840333333333333,0.3633766666666667,0.33758
32,1.0,0.14443333333333333,0.09732333333333333,0.013046666666666666,0.012226666666666667,0.12205666666666666,0.11839333333333334,0.016963333333333334,0.016193333333333334,0.05708666666666667,0.03289,0.23287333333333332,0.5542633333333333,0.21286333333333332,0.37642333333333333,0.34980666666666665
33,1.0,0.14502666666666666,0.09758666666666667,0.01311,0.012423333333333333,0.12137,0.11965333333333333,0.01716,0.016343333333333335,0.05966,0.033916666666666664,0.23755666666666667,0.54514,0.21730333333333332,0.38953333333333334,0.36223
34,1.0,0.14182333333333333,0.09450333333333333,0.01284,0.011996666666666666,0.12009,0.11642333333333334,0.01489,0.01488,0.059026666666666665,0.03468333333333333,0.24218333333333333,0.5362866666666667,0.22153,0.40237333333333336,0.37422666666666665
35,1.0,0.14041666666666666,0.09347666666666667,0.013383333333333334,0.012283333333333334,0.12166,0.11792333333333334,0.01616333333333333,0.01541,0.0579,0.03346,0.24662333333333333,0.5280066666666666,0.22537,0.41575666666666666,0.38651
36,1.0,0.15337333333333333,0.10261,0.014746666666666667,0.013226666666666666,0.12063666666666667,0.11692333333333334,0.015213333333333334,0.014853333333333333,0.05875,0.03362333333333333,0.2515833333333333,0.5190466666666667,0.22937,0.43050333333333335,0.3997366666666667
37,1.0,0.14444333333333334,0.09718666666666667,0.01367,0.012323333333333334,0.12227,0.11967666666666667,0.015463333333333334,0.015403333333333333,0.06104,0.03514,0.2559666666666667,0.5110266666666666,0.23300666666666667,0.4441733333333333,0.41206
38,1.0,0.14434,0.09678,0.014413333333333334,0.012703333333333334,0.12308,0.11992666666666667,0.015166666666666667,0.014553333333333333,0.06045,0.034576666666666665,0.26033666666666666,0.50301,0.23665333333333333,0.45858666666666664,0.4247633333333333
39,1.0,0.14072666666666667,0.09461333333333333,0.013483333333333333,0.01225,0.12129666666666666,0.11705,0.0152,0.015146666666666666,0.0622,0.03527,0.2642833333333333,0.4957066666666667,0.24001,0.47207,0.4370133333333333
40,1.0,0.14183666666666667,0.09603,0.013663333333333333,0.01263,0.11789666666666666,0.11426,0.01679,0.016306666666666667,0.06183333333333333,0.035883333333333337,0.26814,0.48844666666666664,0.24341333333333334,0.48573333333333335,0.44964333333333334
41,1.0,0.14317,0.09587333333333334,0.014076666666666666,0.012713333333333333,0.11691333333333333,0.11405333333333334,0.020066666666666667,0.020063333333333332,0.0642,0.03663333333333333,0.27195,0.48156666666666664,0.24648333333333333,0.49981,0.4623566666666667
42,1.0,0.20656666666666668,0.13869333333333334,0.019533333333333333,0.018093333333333333,0.1509,0.14655666666666667,0.026573333333333334,0.025586666666666667,0.09861,0.056663333333333336,0.27713333333333334,0.47191333333333335,0.2509533333333333,0.5193433333333334,0.48045
43,1.0,0.18897333333333333,0.12638666666666667,0.018773333333333333,0.016576666666666667,0.15342666666666666,0.14828666666666668,0.025706666666666666,0.024516666666666666,0.09175,0.05210666666666667,0.2821166666666667,0.4631533333333333,0.25473,0.5381166666666667,0.49702666666666667
44,1.0,0.18580666666666668,0.12393666666666667,0.017613333333333335,0.016566666666666667,0.1581,0.15435,0.02605,0.02514,0.09046,0.052346666666666666,0.2865,0.45500666666666667,0.25849333333333335,0.55573,0.5135933333333333
45,1.0,0.18533,0.12478,0.017096666666666666,0.01567,0.16271333333333332,0.15778333333333333,0.026853333333333333,0.025943333333333332,0.09765,0.0567,0.2905933333333333,0.44749,0.2619166666666667,0.5728266666666667,0.5292633333333333
46,1.0,0.18537666666666666,0.12494666666666666,0.017226666666666668,0.015583333333333333,0.16651,0.16052666666666668,0.029506666666666667,0.02814,0.09418333333333333,0.05418333333333333,0.2948,0.44010666666666665,0.26509333333333335,0.5900533333333333,0.5448466666666667
47,1.0,0.1915,0.12763,0.017103333333333335,0.01589,0.16818333333333332,0.16257,0.026946666666666667,0.02649,0.09157,0.05280666666666667,0.2986333333333333,0.43300666666666665,0.26836,0.6071566666666667,0.5607366666666667
48,1.0,0.19984,0.13501333333333335,0.017883333333333334,0.01713,0.16652333333333333,0.16259333333333334,0.024193333333333334,0.023563333333333332,0.09483666666666667,0.05576,0.3022033333333333,0.4260366666666667,0.27176,0.62504,0.5778666666666666
49,1.0,0.14572666666666667,0.09748,0.01191,0.011236666666666667,0.13195666666666667,0.12756666666666666,0.019643333333333332,0.01906,0.06378666666666667,0.03687,0.3045733333333333,0.4214133333333333,0.27401333333333333,0.63695,0.5891033333333333
50,1.0,0.15491333333333332,0.10392333333333334,0.013216666666666666,0.012133333333333333,0.12512333333333334,0.12126333333333333,0.01943,0.01891,0.07336666666666666,0.04246333333333333,0.30747,0.4163966666666667,0.27613333333333334,0.6501666666666667,0.6012366666666666
51,1.0,0.16563666666666665,0.11080333333333334,0.01439,0.013363333333333333,0.12207,0.11998,0.019216666666666667,0.019103333333333333,0.07396333333333334,0.04251666666666667,0.31023,0.41125333333333336,0.2785166666666667,0.6645566666666667,0.6146
52,1.0,0.16528666666666667,0.11102333333333333,0.014333333333333333,0.013706666666666667,0.12388666666666667,0.11999666666666667,0.01997,0.019193333333333333,0.07115,0.04117666666666667,0.31294333333333335,0.40602333333333335,0.28103333333333336,0.67889,0.6283066666666667
53,1.0,0.16805333333333333,0.11209666666666666,0.014896666666666667,0.0138,0.12295666666666667,0.11843333333333333,0.02093,0.020666666666666667,0.06928333333333334,0.04006333333333333,0.31559333333333334,0.4009933333333333,0.28341333333333335,0.6937866666666667,0.6421066666666667
54,1.0,0.16677,0.11278,0.015246666666666667,0.013816666666666666,0.11996,0.1163,0.022753333333333334,0.0217,0.08143,0.04732,0.31872,0.39544666666666667,0.28583333333333333,0.7090333333333333,0.6559233333333333
55,1.0,0.16289,0.11020333333333333,0.01535,0.0142,0.12091333333333333,0.11631,0.022283333333333332,0.021596666666666667,0.07897,0.04586333333333333,0.32115333333333335,0.39058,0.28826666666666667,0.7243833333333334,0.6701233333333333
56,1.0,0.15922,0.10724666666666667,0.014943333333333333,0.01376,0.11794666666666667,0.11569,0.020516666666666666,0.0199,0.08032,0.046303333333333335,0.32337666666666665,0.3866266666666667,0.2899966666666667,0.7393266666666667,0.6838833333333333
57,1.0,0.15745666666666666,0.10662666666666666,0.014653333333333334,0.01348,0.12049666666666667,0.11684666666666667,0.023103333333333333,0.022703333333333332,0.07445333333333333,0.042563333333333335,0.3258933333333333,0.38231,0.29179666666666665,0.75398,0.6973633333333333
58,1.0,0.15752333333333332,0.10625666666666667,0.01402,0.012923333333333334,0.12128666666666667,0.11802666666666667,0.022763333333333333,0.022323333333333334,0.07089666666666666,0.040466666666666665,0.32797,0.3785266666666667,0.29350333333333334,0.768,0.7102866666666666
59,1.0,0.15921333333333335,0.10696666666666667,0.01535,0.014023333333333334,0.11872,0.11635333333333334,0.02068,0.0206,0.06632,0.037746666666666664,0.33019,0.37456333333333336,0.29524666666666666,0.78335,0.72431
60,1.0,0.15617,0.10510666666666667,0.014846666666666666,0.01385,0.11956666666666667,0.11651333333333333,0.018106666666666667,0.017973333333333334,0.07222666666666666,0.04197666666666667,0.3321733333333333,0.37085,0.29697666666666667,0.7981966666666667,0.73816
61,1.0,0.15485333333333334,0.10435666666666667,0.014456666666666666,0.013616666666666666,0.12114,0.11698666666666667,0.018526666666666667,0.017716666666666665,0.06087,0.03530333333333333,0.3341266666666667,0.36738,0.29849333333333333,0.8126533333333333,0.7517766666666666
62,1.0,0.14668666666666666,0.10013,0.013646666666666666,0.013246666666666667,0.12350666666666667,0.11968,0.01842,0.01791,0.05761,0.033343333333333336,0.33582,0.36390333333333336,0.3002766666666667,0.8263,0.7650233333333334
63,1.0,0.15458666666666668,0.1054,0.014596666666666668,0.013543333333333333,0.12298666666666666,0.1195,0.017776666666666666,0.017173333333333332,0.054713333333333336,0.032453333333333334,0.33782,0.36047,0.30171,0.8408966666666666,0.7785666666666666
64,1.0,0.15633333333333332,0.10509,0.01467,0.013423333333333334,0.12182,0.11822666666666666,0.016236666666666667,0.016026666666666668,0.05687333333333333,0.03331666666666667,0.33962,0.35739666666666664,0.3029833333333333,0.8555666666666667,0.79199
65,1.0,0.15115,0.10393666666666666,0.01441,0.013586666666666667,0.12076333333333333,0.11857,0.01634,0.016483333333333332,0.05965666666666666,0.03434333333333333,0.34124666666666664,0.35441333333333336,0.30434,0.8699766666666666,0.8055766666666667
66,1.0,0.15139666666666668,0.10312666666666667,0.013406666666666667,0.012616666666666667,0.11933333333333333,0.11581,0.018926666666666668,0.01871,0.06734333333333334,0.03912,0.34272,0.35184,0.30544,0.8833833333333333,0.8181933333333333
67,1.0,0.16345666666666667,0.10999,0.014623333333333334,0.01349,0.12138666666666667,0.11793666666666666,0.018503333333333333,0.01819,0.06300333333333333,0.03607,0.3446,0.34902666666666665,0.30637333333333333,0.8980066666666666,0.8316833333333333
68,1.0,0.16688,0.11403666666666666,0.014663333333333334,0.013726666666666667,0.12123666666666667,0.11802666666666667,0.018853333333333333,0.018243333333333334,0.06292666666666667,0.036943333333333335,0.3460533333333333,0.34631666666666666,0.30763,0.91267,0.84541
69,1.0,0.17311666666666667,0.11722666666666667,0.01402,0.013703333333333333,0.11859,0.11554,0.018993333333333334,0.018146666666666665,0.06635333333333333,0.03856,0.34736,0.3435533333333333,0.3090866666666667,0.92669,0.8591133333333333
70,1.0,0.17071,0.11604666666666667,0.01462,0.01367,0.11761,0.11448,0.017173333333333332,0.01687666666666667,0.07,0.04033,0.3486166666666667,0.34134333333333333,0.31004,0.94131,0.8727833333333334
71,1.0,0.16867333333333334,0.11601666666666667,0.014643333333333333,0.01422,0.11495333333333334,0.11265666666666667,0.015763333333333334,0.015363333333333333,0.072,0.0416,0.34967333333333334,0.33920333333333336,0.3111233333333333,0.9559533333333333,0.8870033333333334
72,1.0,0.16716,0.11414333333333333,0.014743333333333334,0.01379,0.11680666666666667,0.11383333333333333,0.014096666666666667,0.013796666666666667,0.07114,0.04159,0.35108666666666666,0.33693666666666666,0.3119766666666667,0.9706966666666667,0.9007933333333333
73,1.0,0.16759666666666667,0.11319666666666667,0.015323333333333333,0.014116666666666666,0.11328,0.11209333333333334,0.014976666666666666,0.015323333333333333,0.06480666666666667,0.036833333333333336,0.35234666666666664,0.3349533333333333,0.3127,0.98602,0.91491
74,1.0,0.15813,0.10591666666666667,0.014206666666666666,0.013076666666666667,0.11359333333333334,0.11084,0.017166666666666667,0.01696,0.06524,0.0383,0.3534466666666667,0.33331333333333335,0.31324,1.0002266666666666,0.9279866666666666
75,1.0,0.15563,0.10597666666666666,0.013733333333333334,0.012763333333333333,0.11727,0.11409333333333334,0.015943333333333334,0.015446666666666666,0.0703,0.04002,0.35439333333333334,0.33161666666666667,0.31399,1.01396,0.94075
76,1.0,0.15284,0.10324333333333334,0.013543333333333333,0.012546666666666666,0.11475333333333333,0.11192333333333333,0.01593,0.01617,0.06658666666666667,0.03963666666666667,0.3553866666666667,0.32987666666666665,0.31473666666666666,1.0275033333333334,0.9532966666666667
77,1.0,0.14271333333333333,0.09721666666666667,0.012143333333333334,0.011303333333333334,0.11291,0.1106,0.018483333333333334,0.017766666666666667,0.06489,0.03870666666666667,0.3563233333333333,0.3282933333333333,0.31538333333333335,1.0396466666666666,0.9646
78,1.0,0.1484,0.10057666666666666,0.012573333333333334,0.01194,0.11246666666666667,0.10933666666666667,0.02168,0.02126,0.06521,0.03884666666666667,0.35701,0.3269166666666667,0.3160733333333333,1.05222,0.97654
79,1.0,0.15372,0.10499,0.013706666666666667,0.013133333333333334,0.11045666666666666,0.10548333333333333,0.02224,0.021066666666666668,0.07050666666666666,0.04071333333333333,0.35796333333333336,0.3253066666666667,0.31673,1.0659266666666667,0.9896733333333333
80,1.0,0.15285666666666667,0.10419,0.013443333333333333,0.012306666666666667,0.11346666666666666,0.10981666666666667,0.020776666666666666,0.020066666666666667,0.07084666666666667,0.04149,0.35878,0.32402333333333333,0.3171966666666667,1.07937,1.00198
81,1.0,0.15226,0.10497,0.013893333333333334,0.0135,0.11922666666666666,0.11614666666666666,0.021603333333333332,0.02108,0.06653666666666666,0.03947666666666667,0.35919,0.32321,0.3176,1.0932633333333333,1.01548
82,1.0,0.14215333333333333,0.09739333333333333,0.013143333333333333,0.01259,0.11931333333333333,0.11579666666666667,0.023216666666666667,0.02289,0.06009,0.034866666666666664,0.35978666666666664,0.32214333333333334,0.31807,1.1064066666666668,1.02807
83,1.0,0.14976333333333333,0.10207333333333334,0.014013333333333333,0.01283,0.12221,0.11958333333333333,0.024246666666666666,0.023746666666666666,0.06307,0.037226666666666665,0.36055,0.32098,0.31847,1.12042,1.0409
84,1.0,0.15257,0.10418,0.01379,0.012583333333333334,0.12959666666666667,0.12566666666666668,0.026983333333333335,0.02656,0.06465333333333333,0.03831,0.36138333333333333,0.31987333333333334,0.3187433333333333,1.13421,1.0534833333333333
85,1.0,0.14655333333333334,0.10052,0.012893333333333333,0.01234,0.14295333333333332,0.13769,0.029383333333333334,0.027956666666666668,0.05575,0.032286666666666665,0.36189,0.31902,0.31909,1.1471033333333334,1.0658233333333333
86,1.0,0.14743,0.10178666666666666,0.01273,0.01236,0.14409333333333332,0.13999333333333333,0.03101,0.03048,0.05206,0.030823333333333335,0.3623133333333333,0.31811333333333336,0.3195733333333333,1.1598333333333333,1.0781833333333333
87,1.0,0.15368333333333334,0.10452333333333333,0.012623333333333334,0.012653333333333334,0.14733,0.14219666666666667,0.031913333333333335,0.03072,0.05590333333333333,0.03283333333333333,0.36285666666666666,0.31707,0.3200733333333333,1.1724566666666667,1.0908366666666667
88,1.0,0.15580333333333332,0.10587333333333333,0.012383333333333333,0.01202,0.14249333333333333,0.13997666666666667,0.030376666666666666,0.029953333333333332,0.06662,0.03917,0.36334333333333335,0.31620333333333334,0.3204533333333333,1.18484,1.1028566666666666
89,1.0,0.16479666666666667,0.11284666666666666,0.01291,0.01271,0.14494333333333334,0.14077333333333333,0.031003333333333334,0.03092666666666667,0.06951333333333333,0.040933333333333335,0.36394333333333334,0.31510333333333335,0.3209533333333333,1.19775,1.1155666666666666
90,1.0,0.16379333333333335,0.11251333333333334,0.01445,0.01368,0.14704333333333333,0.14118,0.03346333333333333,0.032453333333333334,0.07132333333333334,0.04293333333333333,0.36438,0.31427,0.32135,1.2122,1.1292466666666667
90+1,1.0,0.16953666666666667,0.11653,0.01445,0.014016666666666667,0.14278666666666667,0.13794333333333333,0.033396666666666665,0.03257,0.07725666666666667,0.04579,0.36499333333333334,0.31310333333333334,0.3219033333333333,1.22665,1.1432633333333333
90+2,1.0,0.20562333333333332,0.14266333333333334,0.01844,0.017813333333333334,0.15273333333333333,0.14919,0.04101,0.04004666666666667,0.09985666666666666,0.059866666666666665,0.36579,0.31194333333333335,0.32226666666666665,1.24509,1.1610766666666668
90+3,0.9999933333333333,0.20944333333333334,0.14372333333333334,0.01919,0.01812,0.15808333333333333,0.15350333333333332,0.04418333333333333,0.04312333333333333,0.10600333333333334,0.06223,0.36639333333333335,0.31099,0.32261666666666666,1.26428,1.1791966666666667
90+4,0.9997933333333333,0.21573333333333333,0.14806333333333332,0.020283333333333334,0.018233333333333334,0.16196666666666668,0.15673,0.04819333333333333,0.04633,0.10972666666666667,0.06579,0.36741666666666667,0.31001,0.3225733333333333,1.2845633333333333,1.19743
90+5,0.9964833333333334,0.2276,0.15688666666666667,0.02254,0.0201,0.16610333333333333,0.16170333333333334,0.052156666666666664,0.05094,0.10635666666666667,0.06306,0.36861666666666665,0.30873,0.32265333333333335,1.3071033333333333,1.21753
90+6,0.9559633333333334,0.21841666666666668,0.15087666666666666,0.02125,0.019786666666666668,0.15976666666666667,0.15457333333333334,0.05018333333333334,0.04815,0.10262666666666667,0.06087666666666667,0.36927666666666664,0.30795333333333336,0.32277,1.3283533333333333,1.2373166666666666
90+7,0.8327466666666666,0.19219333333333333,0.13284666666666667,0.01867,0.01726,0.13853666666666667,0.13509,0.04392,0.04250333333333333,0.09018666666666666,0.05355666666666667,0.36990666666666666,0.3073033333333333,0.32279,1.3470233333333332,1.2545766666666667
90+8,0.6333233333333333,0.14701333333333333,0.10213,0.014206666666666666,0.01352,0.10532666666666667,0.10203,0.033113333333333335,0.03216,0.06900666666666666,0.041043333333333334,0.3705466666666667,0.3061566666666667,0.3232966666666667,1.36123,1.2680966666666666
90+9,0.41306,0.09613,0.06714333333333333,0.009113333333333333,0.008886666666666666,0.06854666666666667,0.06637,0.02137,0.020763333333333335,0.044833333333333336,0.02709,0.37077666666666664,0.3056566666666667,0.32356666666666667,1.3703433333333332,1.2769833333333334
90+10,0.23016666666666666,0.05481333333333333,0.03805666666666667,0.00528,0.0051533333333333336,0.037836666666666664,0.03683,0.012013333333333334,0.01137,0.025906666666666668,0.015136666666666666,0.3708,0.30550333333333335,0.3236966666666667,1.3756233333333334,1.2821366666666667
90+11,0.10844333333333334,0.02577,0.01828,0.00242,0.002513333333333333,0.018496666666666668,0.01748,0.005923333333333333,0.0054733333333333335,0.012143333333333334,0.00715,0.37085,0.30538,0.32377,1.3780433333333333,1.28465
90+12,0.04348333333333333,0.01043,0.0072766666666666665,0.0010533333333333334,0.0010266666666666666,0.0074466666666666665,0.006873333333333334,0.0023966666666666667,0.0020766666666666668,0.004993333333333333,0.0029966666666666666,0.37085666666666667,0.30532333333333334,0.32382,1.3790966666666666,1.2856766666666666
