minute,p_active,p_home_shot,p_away_shot,p_home_goal,p_away_goal,p_home_foul,p_away_foul,p_home_yellow,p_away_yellow,p_home_corner,p_away_corner,p_home_leading_after,p_draw_after,p_away_leading_after,p_scoreless_after,p_btts_after,expected_home_goals_after,expected_away_goals_after
1,1.0,0.07914166666666667,0.06889833333333334,0.00843,0.006658333333333333,0.139185,0.139105,0.00452,0.004458333333333333,0.025736666666666668,0.023215,0.008355,0.9850616666666666,0.006583333333333333,0.9849866666666667,7.5e-05,0.00843,0.006658333333333333
2,1.0,0.08583666666666667,0.07543166666666666,0.008856666666666667,0.006823333333333333,0.138785,0.13976833333333333,0.00414,0.004178333333333333,0.028075,0.025785,0.016976666666666668,0.9698366666666667,0.013186666666666666,0.9695983333333333,0.00024166666666666667,0.017286666666666665,0.013481666666666666
3,1.0,0.08557,0.07486166666666667,0.009353333333333333,0.00723,0.13685666666666665,0.13695333333333334,0.005836666666666667,0.005923333333333333,0.029588333333333335,0.026331666666666666,0.025788333333333333,0.954255,0.019956666666666668,0.95366,0.0006033333333333333,0.02664,0.020711666666666666
4,1.0,0.08692,0.07607833333333333,0.009595,0.007535,0.13783166666666666,0.13782833333333333,0.006598333333333334,0.006313333333333333,0.030913333333333334,0.027648333333333334,0.034645,0.93854,0.026815,0.9374466666666667,0.0011166666666666666,0.036235,0.028246666666666666
5,1.0,0.09327333333333333,0.08180833333333333,0.01003,0.007816666666666666,0.136465,0.13656,0.007213333333333334,0.00705,0.033966666666666666,0.030735,0.04366,0.922575,0.033765,0.92088,0.001745,0.046265,0.036063333333333336
6,1.0,0.09480666666666666,0.08219,0.010243333333333333,0.008098333333333334,0.13669,0.13680666666666666,0.007526666666666667,0.007558333333333334,0.03525166666666667,0.031558333333333334,0.052623333333333334,0.906575,0.04080166666666667,0.9041616666666666,0.0025166666666666666,0.056508333333333334,0.04416166666666667
7,1.0,0.09543833333333333,0.08279666666666667,0.010821666666666667,0.00834,0.13400333333333334,0.13387333333333334,0.009286666666666667,0.009228333333333333,0.03345666666666667,0.030335,0.061851666666666666,0.89036,0.047788333333333335,0.88699,0.00355,0.06733,0.05250166666666667
8,1.0,0.098615,0.0856,0.010936666666666667,0.008568333333333334,0.13443,0.134805,0.009173333333333334,0.00914,0.034865,0.03164,0.07087666666666667,0.8744133333333334,0.05471,0.8699266666666666,0.004791666666666666,0.07826666666666666,0.06107
9,1.0,0.09926833333333333,0.08584833333333333,0.010788333333333334,0.008703333333333334,0.12973666666666667,0.13046833333333333,0.011276666666666667,0.011193333333333333,0.03608833333333333,0.03229,0.07955,0.8588033333333334,0.06164666666666667,0.8531516666666666,0.006105,0.089055,0.06977333333333334
10,1.0,0.10190666666666667,0.0885,0.011633333333333334,0.009145,0.12541333333333332,0.125635,0.010306666666666667,0.010268333333333334,0.03747333333333333,0.03376833333333333,0.08875,0.8425933333333333,0.06865666666666667,0.8356116666666666,0.007648333333333333,0.10068833333333334,0.07891833333333333
11,1.0,0.10297833333333334,0.08959166666666667,0.011711666666666667,0.008835,0.12551,0.12625666666666666,0.010425,0.010453333333333334,0.037858333333333334,0.03436666666666666,0.09764833333333334,0.8271533333333333,0.07519833333333334,0.8187166666666666,0.009351666666666666,0.1124,0.08775333333333334
12,1.0,0.09951,0.086505,0.011285,0.00874,0.12879666666666667,0.12794333333333333,0.01213,0.012045,0.036505,0.03344833333333333,0.10604,0.8125116666666666,0.08144833333333333,0.80255,0.011156666666666667,0.123685,0.09649333333333333
13,1.0,0.10444166666666667,0.09090666666666666,0.011871666666666668,0.009191666666666667,0.12158333333333333,0.12119833333333334,0.012536666666666666,0.012701666666666667,0.03595333333333333,0.032106666666666665,0.11454,0.7976266666666667,0.08783333333333333,0.7859483333333334,0.01323,0.13555666666666666,0.105685
14,1.0,0.10163833333333333,0.08900166666666667,0.011373333333333333,0.008896666666666667,0.12081333333333333,0.12124,0.011336666666666667,0.011398333333333333,0.036421666666666665,0.032898333333333335,0.12242,0.7838516666666666,0.09372833333333333,0.7702933333333334,0.015481666666666666,0.14693,0.11458166666666666
15,1.0,0.097045,0.08496,0.01042,0.008258333333333333,0.11941833333333333,0.11975833333333333,0.011456666666666667,0.011625,0.03587833333333333,0.03229833333333333,0.129505,0.7714033333333333,0.09909166666666666,0.7561266666666666,0.01762,0.15735,0.12284
16,1.0,0.09624333333333333,0.08370666666666667,0.01058,0.00821,0.12455166666666667,0.12531833333333334,0.012106666666666667,0.0124,0.03464833333333334,0.0307,0.13638833333333333,0.7594933333333334,0.10411833333333333,0.7422433333333334,0.019995,0.16793,0.13105
17,1.0,0.08848833333333334,0.07732,0.009018333333333333,0.006756666666666667,0.1352,0.13611333333333334,0.013016666666666666,0.013536666666666667,0.03321,0.030133333333333335,0.14215,0.7496833333333334,0.10816666666666666,0.73082,0.022003333333333333,0.17694833333333335,0.13780666666666666
18,1.0,0.08801333333333333,0.077205,0.009535,0.0072633333333333334,0.13114333333333333,0.13181333333333334,0.012978333333333333,0.013476666666666666,0.032425,0.02873,0.14817,0.739365,0.112465,0.7187833333333333,0.024206666666666668,0.18648333333333333,0.14507
19,1.0,0.093925,0.08202333333333334,0.010271666666666667,0.007958333333333333,0.1299,0.13056,0.011361666666666667,0.011723333333333334,0.03580833333333333,0.03197166666666667,0.15445,0.7284666666666667,0.11708333333333333,0.7059366666666667,0.026735,0.196755,0.15302833333333332
20,1.0,0.09470666666666666,0.08296333333333333,0.010121666666666666,0.007853333333333334,0.13337166666666667,0.134035,0.012695,0.012631666666666666,0.037255,0.033411666666666666,0.160495,0.7180066666666667,0.12149833333333333,0.6934283333333333,0.029381666666666667,0.20687666666666665,0.16088166666666667
21,1.0,0.09345,0.08209333333333334,0.010333333333333333,0.008103333333333334,0.13135,0.130745,0.013268333333333333,0.013341666666666667,0.0379,0.0344,0.16636166666666666,0.7079233333333333,0.125715,0.6812016666666667,0.03229,0.21721,0.168985
22,1.0,0.09463666666666666,0.08247,0.010315,0.007845,0.132685,0.13284666666666667,0.01422,0.014293333333333333,0.03746833333333333,0.033535,0.172305,0.6978066666666667,0.12988833333333333,0.669145,0.03503333333333333,0.227525,0.17683
23,1.0,0.09456333333333333,0.08287,0.01065,0.008521666666666667,0.12826166666666666,0.12916166666666667,0.013523333333333333,0.013205,0.038628333333333334,0.034305,0.17819166666666666,0.687545,0.13426333333333335,0.6568133333333334,0.03803666666666667,0.238175,0.18535166666666666
24,1.0,0.09872666666666667,0.08662166666666667,0.011153333333333333,0.008553333333333333,0.12296333333333333,0.123605,0.013628333333333333,0.013676666666666667,0.039106666666666665,0.034955,0.184155,0.6773733333333334,0.13847166666666666,0.64426,0.041285,0.24932833333333335,0.193905
25,1.0,0.09625833333333333,0.08417833333333333,0.010473333333333333,0.008075,0.128,0.12799333333333332,0.015105,0.0148,0.03909666666666667,0.03532,0.18953333333333333,0.66817,0.14229666666666665,0.6328166666666667,0.044478333333333335,0.25980166666666665,0.20198
26,1.0,0.09293666666666667,0.0817,0.00979,0.00761,0.12983166666666668,0.13057166666666667,0.016711666666666666,0.016453333333333334,0.035735,0.032215,0.19457666666666668,0.65966,0.14576333333333333,0.622175,0.047591666666666664,0.2695916666666667,0.20959
27,1.0,0.08837166666666667,0.07806666666666667,0.009131666666666666,0.006881666666666667,0.13348666666666667,0.13339166666666666,0.016568333333333334,0.016776666666666665,0.034065,0.030041666666666668,0.19920166666666667,0.6518833333333334,0.148915,0.612525,0.05037,0.2787233333333333,0.21647166666666667
28,1.0,0.09004333333333334,0.07922166666666666,0.009363333333333333,0.007381666666666667,0.13782833333333333,0.13757166666666668,0.017425,0.01755,0.03306833333333333,0.029508333333333334,0.20378666666666667,0.643945,0.15226833333333334,0.6026066666666666,0.05339666666666667,0.28808666666666666,0.22385333333333332
29,1.0,0.090265,0.07918,0.009621666666666667,0.007281666666666666,0.13747166666666666,0.13823,0.018718333333333333,0.018735,0.034133333333333335,0.030853333333333333,0.20845666666666668,0.6360766666666666,0.15546666666666667,0.592725,0.056485,0.29770833333333335,0.231135
30,1.0,0.09577666666666666,0.08363833333333333,0.009865,0.0078,0.13603333333333334,0.13627833333333333,0.019761666666666667,0.019886666666666667,0.032705,0.029231666666666666,0.21303,0.628185,0.158785,0.58269,0.059783333333333334,0.3075733333333333,0.238935
31,1.0,0.09796833333333334,0.08605166666666667,0.010408333333333334,0.008235,0.13151833333333332,0.13181666666666667,0.018515,0.018515,0.03261833333333333,0.029063333333333333,0.21778666666666666,0.6199666666666667,0.16224666666666668,0.5721333333333334,0.06340333333333334,0.31798166666666666,0.24717
32,1.0,0.10461,0.09187833333333334,0.011601666666666666,0.009038333333333334,0.12914166666666665,0.12958,0.017361666666666668,0.017155,0.03156333333333333,0.028173333333333335,0.22297833333333333,0.6111583333333334,0.16586333333333333,0.5607016666666667,0.06743666666666667,0.32958333333333334,0.2562083333333333
33,1.0,0.10394,0.09140166666666667,0.011473333333333334,0.008885,0.13003166666666666,0.129485,0.017335,0.016985,0.03292,0.030218333333333333,0.22774666666666665,0.6030366666666667,0.16921666666666665,0.5498583333333333,0.07163166666666666,0.3410566666666667,0.26509333333333335
34,1.0,0.10238666666666667,0.09022666666666666,0.011471666666666666,0.009001666666666666,0.12678833333333334,0.12775,0.015628333333333334,0.015511666666666667,0.03303166666666667,0.02938,0.232575,0.594815,0.17261,0.5391066666666666,0.075735,0.35252833333333333,0.274095
35,1.0,0.10193666666666666,0.089035,0.011553333333333334,0.009001666666666666,0.12850833333333334,0.12939333333333333,0.016526666666666665,0.016756666666666666,0.03242833333333334,0.028746666666666667,0.23721666666666666,0.587135,0.17564833333333332,0.528585,0.08025166666666667,0.3640816666666667,0.28309666666666666
36,1.0,0.111355,0.09771333333333333,0.012856666666666667,0.009991666666666666,0.12744833333333333,0.12814,0.015473333333333334,0.01548,0.032701666666666664,0.029348333333333334,0.24231333333333333,0.57855,0.17913666666666667,0.5170883333333334,0.08516333333333333,0.3769383333333333,0.29308833333333334
37,1.0,0.10469833333333334,0.092735,0.0121,0.00931,0.13076833333333332,0.130555,0.016088333333333333,0.01598166666666667,0.03311833333333333,0.030638333333333333,0.24706833333333333,0.57067,0.18226166666666666,0.50649,0.08982666666666667,0.3890383333333333,0.3023983333333333
38,1.0,0.104135,0.091475,0.01213,0.009843333333333334,0.13083333333333333,0.13151166666666667,0.015365,0.015508333333333334,0.03347166666666666,0.030311666666666667,0.25155833333333333,0.56278,0.18566166666666667,0.49579,0.09473166666666667,0.40116833333333335,0.31224166666666664
39,1.0,0.102245,0.08942333333333333,0.011713333333333333,0.009225,0.12700333333333333,0.12773833333333334,0.015308333333333334,0.015455,0.034595,0.030681666666666666,0.25585833333333335,0.55557,0.18857166666666667,0.4859,0.099435,0.41288166666666665,0.3214666666666667
40,1.0,0.10224666666666667,0.09036333333333334,0.011848333333333334,0.009116666666666667,0.12460333333333333,0.12481666666666667,0.01700166666666667,0.017288333333333333,0.03446333333333333,0.030768333333333335,0.26024833333333336,0.54839,0.19136166666666668,0.4761,0.104165,0.42473,0.33058333333333334
41,1.0,0.10324,0.09111,0.012078333333333333,0.009645,0.124425,0.12443,0.021295,0.021121666666666667,0.03511,0.031965,0.26454833333333333,0.5410483333333334,0.19440333333333334,0.466085,0.10914666666666667,0.43680833333333335,0.34022833333333335
42,1.0,0.15020666666666666,0.132425,0.017003333333333332,0.013675,0.16068166666666667,0.16065166666666666,0.027191666666666666,0.026981666666666668,0.054823333333333335,0.049398333333333336,0.27018166666666665,0.5316233333333333,0.198195,0.4525633333333333,0.11649166666666666,0.45381166666666667,0.35390333333333335
43,1.0,0.136545,0.12098833333333334,0.015438333333333333,0.0123,0.163035,0.163505,0.026278333333333334,0.026076666666666668,0.05084,0.045658333333333335,0.27531666666666665,0.5229733333333333,0.20171,0.44054166666666666,0.12299833333333333,0.46925,0.3662033333333333
44,1.0,0.13397666666666666,0.11841,0.015533333333333333,0.012361666666666667,0.16780833333333334,0.16929166666666667,0.026663333333333334,0.026938333333333335,0.050366666666666664,0.045893333333333335,0.28008666666666665,0.514995,0.20491833333333334,0.4289833333333333,0.129875,0.48478333333333334,0.378565
45,1.0,0.13339,0.118515,0.014651666666666667,0.011725,0.17294,0.17250166666666666,0.026941666666666666,0.027591666666666667,0.053081666666666666,0.048911666666666666,0.28449166666666664,0.50774,0.20776833333333333,0.4184333333333333,0.13643666666666668,0.499435,0.39029
46,1.0,0.13459833333333332,0.11825166666666667,0.014788333333333334,0.011551666666666667,0.17668666666666666,0.17591333333333334,0.030028333333333334,0.030083333333333333,0.052226666666666664,0.047695,0.28881666666666667,0.500625,0.21055833333333332,0.40811,0.142945,0.5142233333333334,0.40184166666666665
47,1.0,0.137995,0.12176333333333333,0.015175,0.012038333333333333,0.17749166666666666,0.17897,0.027581666666666668,0.027986666666666667,0.050791666666666666,0.046226666666666666,0.29335,0.4933016666666667,0.21334833333333333,0.3975916666666667,0.149715,0.5293983333333333,0.41388
48,1.0,0.1441,0.12843333333333334,0.01556,0.012338333333333333,0.17728833333333333,0.1784,0.025095,0.025243333333333333,0.052138333333333335,0.04770833333333333,0.297575,0.48641,0.216015,0.38722833333333334,0.15673333333333334,0.5449583333333333,0.4262183333333333
49,1.0,0.10499833333333333,0.093515,0.01081,0.00825,0.13877,0.14010833333333333,0.019983333333333332,0.020035,0.03514166666666667,0.031821666666666665,0.30058,0.4817283333333333,0.21769166666666667,0.38022666666666666,0.161435,0.5557683333333333,0.43446833333333335
50,1.0,0.11212333333333334,0.099695,0.011655,0.009376666666666667,0.13268,0.13355666666666666,0.01985666666666667,0.020111666666666667,0.04061833333333333,0.03706,0.30355,0.47681666666666667,0.21963333333333335,0.37285,0.16677166666666668,0.5674233333333333,0.443845
51,1.0,0.11876,0.10551166666666667,0.012575,0.009875,0.13081333333333334,0.130865,0.019981666666666665,0.020093333333333335,0.04087,0.03741666666666667,0.3068416666666667,0.47154,0.22161833333333333,0.36501333333333336,0.17255166666666666,0.5799983333333333,0.45372
52,1.0,0.11972666666666666,0.10694,0.01279,0.009948333333333333,0.13080333333333333,0.13248833333333335,0.02051,0.020655,0.038926666666666665,0.035675,0.31009166666666665,0.46644,0.22346833333333332,0.35724666666666666,0.178455,0.5927883333333334,0.46366833333333335
53,1.0,0.12037833333333334,0.10716166666666667,0.01286,0.009968333333333333,0.129855,0.12893833333333332,0.021753333333333333,0.02157,0.03898833333333333,0.035525,0.31321166666666667,0.46152666666666664,0.22526166666666667,0.34963833333333333,0.18442833333333333,0.6056483333333333,0.47363666666666665
54,1.0,0.120275,0.10637333333333333,0.013181666666666666,0.010355,0.12767833333333334,0.12696333333333334,0.023548333333333334,0.022996666666666665,0.04475666666666667,0.04109,0.3162083333333333,0.4568433333333333,0.22694833333333334,0.3421133333333333,0.19072666666666666,0.61883,0.48399166666666665
55,1.0,0.117335,0.10458666666666666,0.013183333333333333,0.01045,0.12797333333333333,0.12829333333333334,0.02271,0.023021666666666666,0.043491666666666665,0.04022,0.3193166666666667,0.45194833333333334,0.228735,0.33450833333333335,0.19689666666666666,0.6320133333333333,0.49444166666666667
56,1.0,0.11412666666666667,0.10223166666666667,0.012866666666666667,0.010201666666666666,0.12589166666666668,0.12660166666666667,0.021126666666666665,0.021201666666666667,0.044088333333333334,0.040355,0.32225166666666666,0.4472966666666667,0.23045166666666667,0.327385,0.20283166666666666,0.64488,0.5046433333333333
57,1.0,0.11366666666666667,0.10134666666666667,0.012371666666666666,0.009756666666666667,0.12898666666666667,0.129045,0.02401,0.02409,0.04111,0.037573333333333334,0.3249433333333333,0.44314333333333333,0.23191333333333333,0.3206616666666667,0.20865166666666668,0.6572516666666667,0.5144
58,1.0,0.11272833333333333,0.10118333333333333,0.011895,0.009478333333333333,0.129035,0.12882166666666667,0.023646666666666667,0.023023333333333333,0.03890333333333333,0.03563,0.327455,0.439115,0.23343,0.3143066666666667,0.21431333333333333,0.6691466666666667,0.5238783333333333
59,1.0,0.11372,0.10231166666666666,0.012753333333333334,0.010386666666666667,0.12593166666666666,0.12587666666666666,0.02101,0.020971666666666666,0.03675833333333333,0.03331166666666667,0.329985,0.4351316666666667,0.23488333333333333,0.30767,0.22056833333333334,0.6819,0.534265
60,1.0,0.11055833333333333,0.09977666666666667,0.012518333333333333,0.010018333333333334,0.128245,0.128165,0.018965,0.01876,0.03956833333333333,0.036555,0.3326016666666667,0.43109166666666665,0.23630666666666666,0.301225,0.22659166666666666,0.6944183333333334,0.5442833333333333
61,1.0,0.110765,0.09902333333333334,0.0125,0.010086666666666667,0.126745,0.12728,0.018878333333333334,0.01869,0.03275,0.030575,0.3350166666666667,0.42747,0.23751333333333333,0.294945,0.23274,0.7069183333333333,0.55437
62,1.0,0.105005,0.09436,0.012101666666666667,0.009693333333333333,0.130795,0.13066333333333333,0.019011666666666666,0.018828333333333332,0.03127,0.028851666666666668,0.3373233333333333,0.42396666666666666,0.23871,0.28897833333333334,0.23866833333333334,0.71902,0.5640633333333334
63,1.0,0.10984666666666666,0.099325,0.012458333333333333,0.010021666666666667,0.13038333333333332,0.13043333333333335,0.018181666666666665,0.018173333333333333,0.029923333333333333,0.027663333333333335,0.3397633333333333,0.42024833333333333,0.23998833333333333,0.283035,0.24479833333333334,0.7314783333333333,0.574085
64,1.0,0.11046666666666667,0.099635,0.012453333333333334,0.01,0.12916833333333333,0.13090166666666667,0.016633333333333333,0.016823333333333333,0.031068333333333333,0.0289,0.342065,0.416775,0.24116,0.2772266666666667,0.25076166666666666,0.7439316666666667,0.584085
65,1.0,0.107865,0.09784333333333334,0.012098333333333332,0.009915,0.12858333333333333,0.12941833333333333,0.017308333333333332,0.017255,0.032025,0.029668333333333335,0.34424166666666667,0.4133833333333333,0.242375,0.2715516666666667,0.25672,0.75603,0.594
66,1.0,0.10667833333333333,0.09680166666666666,0.011363333333333333,0.00903,0.12638833333333332,0.12715833333333335,0.019345,0.019578333333333333,0.036015,0.033535,0.34628333333333333,0.4103,0.24341666666666667,0.26639666666666667,0.2622833333333333,0.7673933333333334,0.60303
67,1.0,0.11534666666666667,0.10400666666666666,0.012275,0.00988,0.12823833333333334,0.12860833333333332,0.018841666666666666,0.018951666666666665,0.03378833333333333,0.03148833333333333,0.3482266666666667,0.40741,0.24436333333333332,0.26110666666666665,0.26843833333333333,0.7796683333333333,0.61291
68,1.0,0.11788333333333334,0.10768833333333333,0.012261666666666667,0.010211666666666668,0.12789666666666666,0.12888166666666667,0.01924,0.01913166666666667,0.034236666666666665,0.03177666666666667,0.3502266666666667,0.40435666666666664,0.24541666666666667,0.2556733333333333,0.2746,0.79193,0.6231216666666667
69,1.0,0.12181833333333333,0.11013333333333333,0.01243,0.00974,0.12603666666666666,0.125795,0.019475,0.019421666666666667,0.035265,0.03311833333333333,0.35225666666666666,0.4015316666666667,0.24621166666666666,0.25069,0.28070833333333334,0.80436,0.6328616666666667
70,1.0,0.12049333333333333,0.10838666666666667,0.012846666666666666,0.009981666666666666,0.12487833333333333,0.12496166666666667,0.017663333333333333,0.017921666666666666,0.03725166666666667,0.0351,0.354325,0.39875333333333335,0.24692166666666668,0.24550333333333332,0.28694,0.8172066666666666,0.6428433333333333
71,1.0,0.11974666666666667,0.10820333333333333,0.012773333333333333,0.010115,0.12214333333333334,0.12213666666666667,0.015758333333333333,0.016158333333333334,0.03879333333333333,0.036221666666666666,0.35634,0.39604833333333334,0.24761166666666667,0.240495,0.29318333333333335,0.82998,0.6529583333333333
72,1.0,0.11809166666666666,0.10733333333333334,0.012423333333333333,0.010106666666666667,0.12431333333333333,0.12382333333333333,0.014268333333333333,0.014291666666666666,0.03751666666666666,0.03545,0.35821166666666665,0.39324,0.24854833333333334,0.23553666666666667,0.29923833333333333,0.8424033333333333,0.663065
73,1.0,0.11826666666666667,0.107555,0.01289,0.010195,0.12237833333333334,0.12277,0.015785,0.016228333333333334,0.03426666666666667,0.03207666666666667,0.36011666666666664,0.39062,0.24926333333333334,0.23059,0.3055616666666667,0.8552933333333333,0.67326
74,1.0,0.1099,0.100265,0.012281666666666666,0.009596666666666667,0.12176333333333333,0.12139166666666666,0.01789666666666667,0.017515,0.03456833333333333,0.03286,0.362005,0.38813333333333333,0.24986166666666668,0.22610333333333332,0.31158,0.867575,0.6828566666666667
75,1.0,0.10895833333333334,0.098765,0.011515,0.009031666666666667,0.12350166666666666,0.12443833333333333,0.01593,0.016211666666666666,0.037478333333333336,0.034971666666666665,0.3637416666666667,0.385855,0.2504033333333333,0.22198833333333334,0.31720166666666666,0.87909,0.6918883333333333
76,1.0,0.10670666666666667,0.09671666666666667,0.011446666666666667,0.009261666666666666,0.12171,0.12199166666666666,0.016153333333333332,0.017028333333333333,0.035381666666666665,0.033765,0.3653533333333333,0.38356,0.2510866666666667,0.21796,0.32278666666666667,0.8905366666666666,0.70115
77,1.0,0.10057,0.09102,0.010526666666666667,0.008558333333333333,0.11972166666666667,0.12078166666666666,0.018641666666666667,0.01874,0.03471333333333333,0.03255,0.36685833333333334,0.38155666666666666,0.251585,0.214265,0.3278816666666667,0.9010633333333333,0.7097083333333334
78,1.0,0.10460833333333333,0.09501166666666666,0.011236666666666667,0.008691666666666667,0.11966166666666667,0.12071333333333334,0.022146666666666665,0.02225,0.03471,0.032775,0.36845333333333335,0.37963166666666665,0.251915,0.21054833333333334,0.33330666666666664,0.9123,0.7184
79,1.0,0.1082,0.09901333333333333,0.011605,0.009518333333333334,0.11608,0.11692666666666666,0.022325,0.022465,0.03681333333333334,0.03517666666666667,0.36988166666666666,0.3776333333333333,0.252485,0.20670333333333332,0.33898333333333336,0.923905,0.7279183333333333
80,1.0,0.10699,0.09712166666666666,0.011518333333333334,0.009236666666666667,0.11955666666666667,0.12081333333333333,0.020678333333333333,0.021255,0.03699,0.03519,0.371275,0.37572,0.253005,0.20294833333333334,0.344535,0.9354233333333334,0.737155
81,1.0,0.107585,0.09832333333333333,0.011781666666666666,0.009553333333333334,0.126145,0.12738666666666668,0.02235,0.022656666666666665,0.03512333333333333,0.033615,0.3726566666666667,0.37371333333333334,0.25363,0.19914166666666666,0.35018,0.947205,0.7467083333333333
82,1.0,0.09968,0.0914,0.010933333333333333,0.008978333333333333,0.12680333333333332,0.127135,0.02402666666666667,0.023788333333333335,0.03194166666666667,0.029975,0.3739133333333333,0.3718783333333333,0.2542083333333333,0.19560833333333333,0.3554616666666667,0.9581383333333333,0.7556866666666666
83,1.0,0.104245,0.09568333333333333,0.011638333333333334,0.009453333333333333,0.12992166666666666,0.13024333333333332,0.024833333333333332,0.0247,0.033286666666666666,0.03183833333333334,0.3753166666666667,0.36996666666666667,0.25471666666666665,0.19189833333333334,0.36101666666666665,0.9697766666666666,0.76514
84,1.0,0.10650666666666667,0.09846666666666666,0.011588333333333334,0.009163333333333334,0.13782666666666665,0.13746166666666668,0.027353333333333334,0.0277,0.033253333333333336,0.03265333333333333,0.3768183333333333,0.3680583333333333,0.2551233333333333,0.188305,0.36644,0.981365,0.7743033333333333
85,1.0,0.10239166666666667,0.094165,0.011225,0.009226666666666666,0.15142666666666665,0.151375,0.029886666666666666,0.030105,0.028743333333333333,0.027733333333333332,0.37810333333333335,0.3663983333333333,0.2554983333333333,0.18499833333333332,0.37193166666666666,0.99259,0.78353
86,1.0,0.10376333333333333,0.094285,0.010698333333333334,0.008715,0.152295,0.15364,0.031768333333333336,0.03195166666666667,0.027816666666666667,0.026153333333333334,0.379325,0.36464,0.256035,0.181845,0.37692166666666665,1.0032883333333333,0.792245
87,1.0,0.107295,0.0987,0.010878333333333334,0.008928333333333333,0.15541,0.15533166666666667,0.03249666666666667,0.031995,0.029145,0.028076666666666666,0.38054333333333334,0.363095,0.25636166666666665,0.178745,0.38215666666666664,1.0141666666666667,0.8011733333333333
88,1.0,0.10855666666666666,0.098915,0.01054,0.008365,0.15277666666666667,0.15248833333333334,0.03178333333333333,0.03171,0.034896666666666666,0.03340666666666667,0.3818183333333333,0.36141,0.2567716666666667,0.17577,0.3868933333333333,1.0247066666666667,0.8095383333333334
89,1.0,0.115125,0.10627833333333334,0.011358333333333333,0.008995,0.15554,0.15494833333333333,0.03216,0.032356666666666666,0.036296666666666665,0.03453,0.38314166666666666,0.35975,0.2571083333333333,0.17272333333333334,0.39215,1.036065,0.8185333333333333
90,1.0,0.11493833333333334,0.10607,0.012075,0.009788333333333333,0.15494166666666667,0.15587166666666666,0.03445,0.034471666666666664,0.037283333333333335,0.03628166666666666,0.384385,0.35823333333333335,0.2573816666666667,0.16950333333333334,0.397905,1.04814,0.8283216666666666
90+1,1.0,0.11876666666666667,0.10854833333333333,0.012635,0.010103333333333334,0.15139,0.15201333333333333,0.03462166666666667,0.034741666666666664,0.04011833333333333,0.038895,0.38557,0.35679833333333333,0.25763166666666665,0.166135,0.4040066666666667,1.060775,0.838425
90+2,1.0,0.14399,0.13291333333333333,0.015631666666666665,0.012871666666666667,0.16384166666666666,0.16492833333333334,0.04235666666666667,0.04290666666666667,0.05181,0.04972833333333333,0.38714666666666664,0.35478,0.2580733333333333,0.16198833333333335,0.4114433333333333,1.0764066666666667,0.8512966666666667
90+3,0.9999933333333333,0.146135,0.13360666666666668,0.016056666666666667,0.012855,0.16673666666666667,0.16766333333333333,0.04502333333333333,0.04501666666666667,0.05529333333333333,0.053191666666666665,0.38870666666666664,0.3529333333333333,0.25836,0.15803,0.4189083333333333,1.0924633333333333,0.8641516666666667
90+4,0.999745,0.15061333333333332,0.13852166666666665,0.01705,0.013873333333333333,0.17087333333333332,0.17168666666666665,0.048648333333333335,0.04896166666666667,0.05711666666666667,0.05565666666666667,0.39035166666666665,0.350845,0.25880333333333333,0.15371833333333335,0.426855,1.1095133333333334,0.878025
90+5,0.994985,0.15787666666666667,0.14619333333333334,0.018195,0.014931666666666666,0.17595,0.176795,0.053531666666666665,0.053015,0.054566666666666666,0.053415,0.39211,0.3487616666666667,0.25912833333333335,0.14915666666666666,0.43522333333333335,1.1277083333333333,0.8929566666666666
90+6,0.9412616666666667,0.15050333333333332,0.13850666666666667,0.017261666666666668,0.014173333333333333,0.16653666666666667,0.16677666666666666,0.05055333333333333,0.05031833333333333,0.05214833333333333,0.050435,0.39372666666666667,0.34673333333333334,0.25954,0.145655,0.4428283333333333,1.14497,0.90713
90+7,0.7888583333333333,0.12623166666666666,0.116725,0.014491666666666667,0.012151666666666667,0.13991333333333333,0.13960166666666668,0.04232166666666667,0.04228666666666667,0.043438333333333336,0.042666666666666665,0.39504666666666666,0.34503333333333336,0.25992,0.14335833333333334,0.44900666666666667,1.1594616666666666,0.9192816666666667
90+8,0.563975,0.09145333333333333,0.0853,0.01066,0.008806666666666668,0.09946666666666666,0.10065666666666667,0.029973333333333334,0.030391666666666668,0.03151,0.030603333333333333,0.395955,0.3439933333333333,0.2600516666666667,0.14222166666666666,0.4528466666666667,1.1701216666666667,0.9280883333333333
90+9,0.3408933333333333,0.05465833333333334,0.051666666666666666,0.006295,0.005496666666666667,0.060838333333333335,0.06052,0.018643333333333335,0.018318333333333332,0.01901,0.01869,0.39641666666666664,0.343385,0.2601983333333333,0.14184,0.45484833333333335,1.1764166666666667,0.933585
90+10,0.17504833333333333,0.02873,0.027208333333333334,0.003305,0.0028483333333333334,0.030898333333333333,0.031076666666666666,0.009258333333333334,0.009485,0.009766666666666667,0.009983333333333334,0.39674333333333334,0.3429183333333333,0.26033833333333334,0.14169,0.45565,1.1797216666666666,0.9364333333333333
90+11,0.076995,0.01245,0.011766666666666667,0.0014483333333333334,0.0011216666666666666,0.01371,0.013763333333333334,0.0041466666666666666,0.0042,0.00423,0.0044,0.396885,0.34278,0.260335,0.14166166666666666,0.45591333333333334,1.18117,0.937555
90+12,0.028758333333333334,0.004758333333333333,0.004345,0.0006416666666666667,0.0004783333333333333,0.005108333333333334,0.005138333333333333,0.0014916666666666667,0.0015266666666666666,0.001595,0.0016116666666666666,0.3969533333333333,0.342735,0.26031166666666666,0.14165833333333333,0.45599833333333334,1.1818116666666667,0.9380333333333334
