path,category,size_bytes,sha256
.gitattributes,root,427,27f1580fe26504c25dd8118305e9a42c02de7d76ce3b7e7a6f8a580fce29e31f
.gitignore,root,691,0be959eb76e481db74bbbf7d59b21ba6a5773ad3449c9667568fea62b63cd4a9
club_metrics.json,root,1185,ced94d43dd14884a346a1ab9cbce041772eb4e896ebeababccb13a62867b2ca3
club_results.csv,root,2456238,565006fc55b99e6331befaff387d394897c59e5983cb795e53d01fc1965c30b7
config/final_v8_20260719.json,config,4545,f71616dd0cfe78e5c73ed970c9ba25fae8857b7a32f013cb73f990895b2312b4
config/model_config.json,config,771,785960aa3c86c0e6b987379ebfba8bee49aa1e0fb1181f2ac1eba65cb4787083
config/model_config_v3.json,config,963,f867ab3b7002da3db2000e7c881f7f0aff9cd8a999d9d48de9111fba6e9f750c
config/pure_game_engine_eng_arg_20260715.json,config,3564,663f65a2048e012dba860f72848ae3db15364a9c1f8c83eaafa78e212c41a4d7
config/real_data_engine_eng_arg_20260715.json,config,3205,0714aca897bb4f88ad0670c7ca7358203f68712de52c2454835e52526b821fd4
config/remaining_matches_v6.json,config,4379,0f2221807deca480cb3ca030f5d3ed064cb1513e40b5a1c0aa8ee2bb19eee1a2
config/remaining_matches_v7.json,config,6002,d3cff34785c36898475ce495e03952db16c81f15fcbcd7571c6f5c06b8af1c64
config/world_cup_final_v8.json,config,4887,1604b3dfcf38588d5223ba58a9c1fcda40b914d72b95940054cdd598429d0ed8
data/curated/fc26_eng_arg_20260715.json,data,11694,d0c6bd7fb8dc6b5dd28a4319f39cf8392d862c4bf150af3e048a8807501d2b25
data/curated/fifa_2026_eng_arg_player_match_features.csv,data,28665,8f498e95e4178e1c1b610e2977d8b8ca658c20783a2bbe7820504f79c37a7171
data/curated/fifa_2026_eng_arg_team_match_features.csv,data,7610,5ce3acdabc1f28937a1d0706626dde181ff67b6a0deaecf419809e7910f85b6d
data/curated/fifa_2026_final_four_player_match_features.csv,data,64150,cefa1254476494af2bcaae3f4ed3bc6f2b2a455592555117a4adef8c24197e4e
data/curated/fifa_2026_final_four_team_match_features.csv,data,15360,14d2d88d49a4088bb3f59cbba729ce7339766360a16085a1126f7cf1a60bf4b6
data/curated/regulation_score_overrides.csv,data,733,7957f92311fc89c9c9ff7e864734ae6f50c71637c0b8ddf01a0658479a1548da
data/curated/statsbomb_2022_eng_arg_player_history.csv,data,24961,687b0f7f7c8aeea3e2280ed6982d759e6fce5a11e0a940c8a66276ef8ae6fdc0
data/curated/statsbomb_wc2018_2022_team_minute_events.csv.gz,data,134973,c6300b320cd9e137fdbe88715fdf50ac77197ddd0eb251335c1855360e1f5c46
data/inputs/argentina_switzerland_20260711.json,data,940,4e238bbf3ab7dcf71779b46407f9c11d3f1af3b388dcdce471877ab221ee4ff6
data/inputs/final_four_lineups_20260716.json,data,4106,3d378f89261f51c88c97c7216e92b85b7c7ad587e185419f42aa0ba482ec76a6
data/inputs/final_four_lineups_20260718.json,data,5269,1824beb8ba4650b78e8d56bbd7e830387d2db181851ec25e7f42484f10aaea35
data/inputs/final_lineups_20260719.json,data,2406,d07f2408e8268643dcb234eec7767d3a1c435e10c56378938b8d729685e8ed2d
data/inputs/game_model_eng_arg_20260715.json,data,4414,a67d5c9caea830587f0234d884b61c7de89eb73610db232575200918957fa6be
data/inputs/meta_event_slugs_20260715.json,data,214,2a4718a76a381e71b7108ff7eeec16ef267a389b519a21cddc00a861accae9fe
data/inputs/norway_england_20260711.json,data,1059,45f06b736896d6814f300e5ca54059f4aa876b5d5d4f13852906667bed6bf2e3
data/inputs/remaining_20260716.json,data,3584,5ea00e1cec94d0c7e6ef2cc69ff3c4e6aa296f674bc8c1d0fe04898ba0542f33
data/inputs/semifinal_event_slugs.json,data,411,0272dd8d3d28848b6c71731b3561791cb730f3793f32d00ac996841dda63955c
data/inputs/semifinals_20260712.json,data,3062,8beba9eeb90b93c01f10832e98b5b979e6b678d1f757a394d480656c72471826
data/inputs/upcoming_20260715.json,data,2143,7af0c37ff74a133cfbf35694f9ca4d4a6b85a41c827a002566973f7dd4334a6a
data/processed/README.md,data,369,0cdfe7e693baee0cfe75ae5bb7f66a5938ab845ceff12b08115aa77c8ee6d0c6
data/raw/fifa_performance_reports_2026/manifest.json,data,8563,fa869bba2c3abe3613f7116107e07010ca1ef4c968e2d881abe690d100a19bd6
data/raw/fifa_performance_reports_2026/PMSR-M100-ARG-V-SUI.pdf,data,6081609,8048e87b60e4a235d05403b8312fa81128efe76dcb32e0f7b5a7816cdd91c668
data/raw/fifa_performance_reports_2026/PMSR-M101-FRA-V-ESP.pdf,data,5782403,83e5bec0d2a5de1d20994641856e4b32d6c0b4a5d074e271dfdffb613d7e2d19
data/raw/fifa_performance_reports_2026/PMSR-M102-ENG-V-ARG.pdf,data,5773335,316ba42a972f2173e72d1383f94e5828c2ae4a1b68b829f725adceb43eca5419
data/raw/fifa_performance_reports_2026/PMSR-M14-ESP-V-CPV.pdf,data,5780870,058506bfa1f40a4b856d8b30606577e475b790c16c808e4353df525d34399288
data/raw/fifa_performance_reports_2026/PMSR-M17-FRA-V-SEN.pdf,data,5491455,b70af7a5dc5e2be286d79696c2852476de01c1888fbbd9e8560ccf6baecae1f4
data/raw/fifa_performance_reports_2026/PMSR-M19-ARG-V-ALG.pdf,data,5710735,6c0c440e35827b4075f45d8de477ab8b70b0e44a581a2d8252aee4d1d63bba5d
data/raw/fifa_performance_reports_2026/PMSR-M22-ENG-V-CRO.pdf,data,5824147,7417d70599307bcfc9e2de146da9293eea5ca05dd753d3cad68226152505c701
data/raw/fifa_performance_reports_2026/PMSR-M38-ESP-V-KSA.pdf,data,5487603,99b9c43b74392c76ae78acd33b307cb9c8d4d3871a06124978061ed343ee7d4a
data/raw/fifa_performance_reports_2026/PMSR-M42-FRA-V-IRQ.pdf,data,5699535,282ead2aee46e1fb3a9733a440067d83cb170bd12b6626ac301bfeda7c580ba2
data/raw/fifa_performance_reports_2026/PMSR-M43-ARG-V-AUT.pdf,data,5688250,a35ea802d168b38aa104504389f6ecc61dd58c02d4ec8e29eec16eeee7376d5b
data/raw/fifa_performance_reports_2026/PMSR-M45-ENG-V-GHA.pdf,data,5605171,cf5ac74bf07a878d4400b1a58ea1222e9ef1048de5ed5aec1810e8ad348ce5cf
data/raw/fifa_performance_reports_2026/PMSR-M61-NOR-V-FRA.pdf,data,5786120,ccf07c879fb39b1e6f53b7beb60785ab6f384be8cb2bcc2b8032045e9ceabc7b
data/raw/fifa_performance_reports_2026/PMSR-M66-URU-V-ESP.pdf,data,5730630,28c1f41f11adc0b20a8045c1de155630846c2ba7b2ec7706ed364896e25b16f8
data/raw/fifa_performance_reports_2026/PMSR-M67-PAN-V-ENG.pdf,data,5838066,d58e818ade9f00b14993995bdd3116d7b459c967f77c47d2465b21ad0cde84d6
data/raw/fifa_performance_reports_2026/PMSR-M70-JOR-V-ARG.pdf,data,5730226,4c91179ee0bdac3883c9c4c690b49e69b2a1872501e427d9a1be5a0c26ad8bdb
data/raw/fifa_performance_reports_2026/PMSR-M77-FRA-V-SWE.pdf,data,5833012,3b5f90d435cf43049145a9266bfdf6cb6e933d560d2165158b09cd0ce39ecf2f
data/raw/fifa_performance_reports_2026/PMSR-M80-ENG-V-COD.pdf,data,5649956,58edfc56a0294ac9c1ca3be58b16e4d270800798b38cdff8583ecd8f58829b05
data/raw/fifa_performance_reports_2026/PMSR-M84-ESP-V-AUT.pdf,data,5842691,c4606b48b5bde4a82eab5a16058daeb596da7a44bd8fed6b6e5eac77b8be0f9f
data/raw/fifa_performance_reports_2026/PMSR-M86-ARG-V-CPV.pdf,data,5994628,405e646b135516af4b299a8e31e1b56a9f439685061cee4692fef6c4fb1c1f10
data/raw/fifa_performance_reports_2026/PMSR-M89-PAR-V-FRA.pdf,data,5393452,eb8d99f75e300c33a37ee56665e29d2a3fe9b188cdcc5cf2f3fc2fe19ef4cb2a
data/raw/fifa_performance_reports_2026/PMSR-M92-MEX-V-ENG.pdf,data,5797495,7c4f96f154cb3f7ca659e5a88e02a85fd4a6afbacfcfb3e2f9b2bcd61276e33a
data/raw/fifa_performance_reports_2026/PMSR-M93-POR-V-ESP.pdf,data,5706290,233c81b23421092c3961357591f049d30f7508fdc339ac09da6d4b31651e41d4
data/raw/fifa_performance_reports_2026/PMSR-M95-ARG-V-EGY.pdf,data,5697200,21bc978a6755c2db930156803b683e41e9b03d59b11041fe43d4e7a78b1aaf47
data/raw/fifa_performance_reports_2026/PMSR-M97-FRA-V-MAR.pdf,data,5705231,2b8b3dd5d1ff695daf357f0756ce12e7ac99f3f73f2037b89696aba995cb28a5
data/raw/fifa_performance_reports_2026/PMSR-M98-ESP-V-BEL-ALT.pdf,data,5732764,cf5c5f5b46fa80a2d0870c007fd000f460f9552506f108448b6b741b5e4c105a
data/raw/fifa_performance_reports_2026/PMSR-M99-NOR-V-ENG.pdf,data,6004901,969b834022c1832684129aa048733292dd82663362600328a57752546b211ac3
data/raw/international/README.md,data,592,87d354ed781ae0387a596aafdf56d78468971fd1ef582256fe2726b210f70ec3
data/raw/international/results.csv,data,3726382,096184efc2d705b2acd6f5aebec3887a42019f24e2f8c11f60b76fa4b38a6a7c
data/raw/polymarket/LATEST.txt,data,63,44e0df8e641a7e9fd7e12d1c4807b73b9fc56de7d18381354e72f610d33e8dcb
data/raw/polymarket/LATEST_FINAL.txt,data,70,cbbd4d46ae199ee05498d2204fbaf79daacc4ba386dcc2af958e1c304279f4ff
data/raw/polymarket/LATEST_META.txt,data,64,d79f740c934285f1eaedc22c51e728a5261884aaae012d56ba456b15d6fd0600
data/raw/polymarket/LATEST_REMAINING.txt,data,69,65eec24475f1f363eac4e61b7260f2d836084fdc693fd3456c8ba610f88807f2
data/raw/polymarket/LATEST_SEMIFINALS.txt,data,62,f44daabb809df5a30089b5381e2ca28dd2c703b6d7af1f8d810958c4cb6e3688
data/raw/polymarket/meta_markets_live_20260715_151532Z.json,data,471019,b1d21b022c03d72928626867c46714181a3d7fe17b02c6bda8e1afa45a8d563f
data/raw/polymarket/meta_markets_live_20260715_152212Z.json,data,471104,29fbd805890e251d40c6ed913e259b937f060f89de69a2bf92d06ba247196857
data/raw/polymarket/meta_markets_live_20260715_153129Z.json,data,471427,71f5ab2f367dc60656c86e60779de2f508ebc26ffe7722ad65e248b8ea15fdeb
data/raw/polymarket/meta_markets_live_20260715_153627Z.json,data,470807,8e07892cb32dfe032bbcc16cc79c76ffb785257b3bc891db2109bedcffa72857
data/raw/polymarket/meta_markets_live_20260715_153804Z.json,data,471350,36a12dc7860c89ba39af2e759f3cec8d41994388162348fec8c13743672d193a
data/raw/polymarket/meta_markets_live_20260715_154458Z.json,data,471280,17de05b60946fa543959eb6914e554ba8d5658d5f10cdef8807d60c9c2927767
data/raw/polymarket/meta_markets_normalized_20260715_151532Z.csv,data,8316,c89775aff8e003c9668ff6d63ecb8109c609d2ffb406bf3253a4d8093bddb2c0
data/raw/polymarket/meta_markets_normalized_20260715_152212Z.csv,data,8296,ab2c983146869241ebd7997059aef2dbe23d3318cfeb6df374707368b6e3162f
data/raw/polymarket/meta_markets_normalized_20260715_153129Z.csv,data,8302,2009f406df50bf12e9edcde475880f6715dff2b8c18a9e6473402ea29ba098d6
data/raw/polymarket/meta_markets_normalized_20260715_153627Z.csv,data,8991,336482010c31f9a3e4a06a1388dca6fe7243b1f30633f94ddeef929860756163
data/raw/polymarket/meta_markets_normalized_20260715_153804Z.csv,data,9704,394fc21187270c5627ac1b693f93b564c5c51a1b5168974e183072324bb31c21
data/raw/polymarket/meta_markets_normalized_20260715_154458Z.csv,data,9782,d29540fccaad9bbd93afe9878fda0f1782a8be773412ca86537eba7c67788e75
data/raw/polymarket/remaining_matches_live_20260716_082136Z.json,data,1397607,44ea27061476203346e05364a22949d6604031e898780869179e956c697aa1f6
data/raw/polymarket/remaining_matches_live_20260716_085930Z.json,data,2694567,bc59084801e9691749a30de3b788649855f0221caff2dd02ce9b31d28511e90f
data/raw/polymarket/remaining_matches_live_20260718_155423Z.json,data,6445881,787c5f8d7cbef839f6316c0ad9f31c02f05487ff6da229079b1aaad25ce502f8
data/raw/polymarket/remaining_matches_live_20260718_161429Z.json,data,6478059,4dc2456f0db987680f3cc4b17f6d9c7453d7a4d372f14b4294ef4aa1428008e1
data/raw/polymarket/remaining_matches_live_20260719_150712Z.json,data,3341341,ee2b8ea046c05148e862b0cf98c62dfda49ceafc7aa975a8391b9dc3e5366b12
data/raw/polymarket/remaining_matches_live_20260719_151120Z.json,data,3341493,47920addf535fd434e87ac20b55ddae6b8e9c33de6be10f2b402ee30e888f8f8
data/raw/polymarket/remaining_matches_live_20260719_151226Z.json,data,5616610,57c075c637ff83b0eca46e50a672361ecad0cd10ee3d0bf6ac55e585fffdb15b
data/raw/polymarket/remaining_matches_normalized_20260716_082136Z.csv,data,76751,e7abe7aabc200f0ba003b2935bc216fe4fddfed12139a5e2d6763b73d241ac86
data/raw/polymarket/remaining_matches_normalized_20260716_085930Z.csv,data,180656,f3ef9611892086d35c7ea6f2796b55ba28dd91f0e56867b161d572a9c97ed2bb
data/raw/polymarket/remaining_matches_normalized_20260718_155423Z.csv,data,381697,badd666eddb15d1b43fea7cf7999082932eeb591deedc353c3c7ca00c193800f
data/raw/polymarket/remaining_matches_normalized_20260718_161429Z.csv,data,381718,cf22d7057f2ce176ff054880e261a6268a5a2eee76a0fafb68820d944b83b687
data/raw/polymarket/remaining_matches_normalized_20260719_150712Z.csv,data,183631,ebb73f57fb73ff4082958abf855dd71a78fd62d029df0623973be3224f36038b
data/raw/polymarket/remaining_matches_normalized_20260719_151120Z.csv,data,183783,79c90c6ee48243a5388e0f9a26bd8055ac3d759129cf0777df081516699c2c63
data/raw/polymarket/remaining_matches_normalized_20260719_151226Z.csv,data,345821,144e7f3eb7d012c5b96a733bde85fb4cd144fbaa1cf1a1af2a6340075c579797
data/raw/polymarket/semifinals_live_20260712_155854Z.json,data,1428861,451ee1eff182b14ed7580fd269b527f64ac9658000d4faa871dbbb3d579dfc3a
data/raw/polymarket/semifinals_live_20260715_151059Z.json,data,851865,138544cfe755bc76ce62469fcbcd4389b1677701d2ac71ef8fbe9fe3688b56a8
data/raw/polymarket/semifinals_live_20260715_151240Z.json,data,857708,cc243f3f37bbc516446e07010e1fc2cdf3f70e759a3f479f2fe2838bb18f77b2
data/raw/polymarket/semifinals_live_20260715_153314Z.json,data,846703,bcfaf1e70334b0b3bd0d8bd9b7630b5feafabe86d5b6696f354960eacce27431
data/raw/polymarket/semifinals_live_20260715_153605Z.json,data,846234,3ae9c4aaab1b0716143f3a2f3a7523d8268386fcaeb924a3e733bae9019d0864
data/raw/polymarket/semifinals_live_20260715_153750Z.json,data,845169,dd94c1a3a77a3392621330c37982a3e965efb1128dda5a943dbfa29e837e654a
data/raw/polymarket/semifinals_live_20260715_154440Z.json,data,834908,d1df21b64037cbb3e98128cb525f638ba37b5b7b3eb83cd2d77c74339f83d2b7
data/raw/polymarket/semifinals_live_20260716_080158Z.json,data,902167,aaf239977b4234d88f2a6bde3d43f0e3f3964e0c04b967acdeee88c683973d92
data/raw/polymarket/semifinals_normalized_20260712_155854Z.csv,data,75895,e1f4f820d76f834707c2c6912a691a34590154e2a8551dae28d3f6138fa2a463
data/raw/polymarket/semifinals_normalized_20260715_151059Z.csv,data,39685,771aafea18125d2a9add8a6a4bac8f5869b08202eb574fe6ff224ed6fdef100b
data/raw/polymarket/semifinals_normalized_20260715_151240Z.csv,data,39725,e34d1fdb0ff400f83790b529ffba0356376b4ac011c5dd1d6db7ef30445cea73
data/raw/polymarket/semifinals_normalized_20260715_153314Z.csv,data,39567,f73d9c3254c6215e657c21581706281457a912ea238aca622acfb5fd3cb40073
data/raw/polymarket/semifinals_normalized_20260715_153605Z.csv,data,43269,5d12160fc1823fd9acc5b2492c474bc07fa61011e32cd2d834fc11306d66fc65
data/raw/polymarket/semifinals_normalized_20260715_153750Z.csv,data,46959,02e169c5bb12e0da4ea160265f2a9149038a6f67210b3814bd130483741c672a
data/raw/polymarket/semifinals_normalized_20260715_154440Z.csv,data,46989,cf9cada3ca78ea040ee8b1f60e78af4a8ee9666e81a44bf8359861ed10a5c6b3
data/raw/polymarket/semifinals_normalized_20260716_080158Z.csv,data,58748,1ddc00e8599e350a5b6f88b8385be0424fb8c78f4c49acdf537058181b787554
data/raw/polymarket/two_matches_live_20260711_155503Z.json,data,1631803,d54f7c1c52d5e6887f00365daf32d34ebba9d0b7bdd089dcce6053bd4917a253
data/raw/polymarket/two_matches_live_20260711_155526Z.json,data,1631976,70d7cf1eb31ce49f2d32601b0dafc8bb8213d1688dc159ac8c84492e4613d16a
data/raw/polymarket/two_matches_live_20260711_160012Z.json,data,1630908,89138ac6cb21aca8e699d86a402ca243aec2b50dd40f0c7b15209e45f11f3d9c
data/raw/polymarket/two_matches_live_20260711_160036Z.json,data,1631269,64703080182d2641e4a1ce6f80020ebdcd32d889e7bce98c314bf85f1735be92
data/raw/polymarket/two_matches_normalized_20260711_155503Z.csv,data,79043,99d1d3a16745f63fd442f00278e0f3db15e30445111b9cc56741024505bbcfec
data/raw/polymarket/two_matches_normalized_20260711_155526Z.csv,data,78935,f8e3912851efd415e2ab7d2afa2024b2210716338e98e3746ba0d61a92d85a61
data/raw/polymarket/two_matches_normalized_20260711_160012Z.csv,data,79032,7410c0748918f28f6a90015a05bcf5041eec225546b1768676cbeae9a4fa1e03
data/raw/polymarket/two_matches_normalized_20260711_160036Z.csv,data,79131,b38b57fe35a0a10307b091b2e25b6b64e3dddc9c6093cb51fc597543f99fd3cf
data/raw/polymarket_snapshot_20260711_2033.csv,data,7679,4b5391db8e6ce1ddc7c465b144296b4e1264eee73104d00b578aa20d469f311f
data/raw/statsbomb_world_cups/2018/events/7525.json.gz,data,255310,aafa0c2f4fe333986e0a0e18aa3010b567699080a1e968d3e43ec43bad457900
data/raw/statsbomb_world_cups/2018/events/7529.json.gz,data,255083,230ce13b2e4f7334932f4cf5a36f817e6002312b7aa1cec9a65294c490fc8b0d
data/raw/statsbomb_world_cups/2018/events/7530.json.gz,data,263491,9a70634ded0281ed30a3bb0f620b7e80051c83227bc3fc875eed98aa08b4d580
data/raw/statsbomb_world_cups/2018/events/7531.json.gz,data,283204,69e8306d34f48076a00b5e65d523ea57d291bcc7da5232150bf45783ca4bdd04
data/raw/statsbomb_world_cups/2018/events/7532.json.gz,data,245318,b4acbb467c2463971cecd2b434f5b6bc46f6156faf06b266cf1024e014284b35
data/raw/statsbomb_world_cups/2018/events/7533.json.gz,data,307526,4a9b7e9e8055816b6b76ac766b894598aadd5ff140e992d1e5560c399022778f
data/raw/statsbomb_world_cups/2018/events/7534.json.gz,data,291075,58770484afd50f5d36aa04ee4b9c6fc4054ba283d368b99cb76fc8dea2a5237c
data/raw/statsbomb_world_cups/2018/events/7535.json.gz,data,245940,c07f86b3c688ec5c0b1eda76bec51016134bb91c91c9c8b75322b4630ad6396a
data/raw/statsbomb_world_cups/2018/events/7536.json.gz,data,284326,a1c6e9237bb02c917e7c3d49405f3cbf34f85ea7d520b284885b3a842b522cb6
data/raw/statsbomb_world_cups/2018/events/7537.json.gz,data,268245,13e2dc82b40f92c42115457dcca5cac738d8de6c89fbc793bed602d439b6b3bd
data/raw/statsbomb_world_cups/2018/events/7538.json.gz,data,238675,c61eb99a85cd172540d98aa74b69511bbf3d40ebbcbfc5491e96d08d78f4ffe4
data/raw/statsbomb_world_cups/2018/events/7539.json.gz,data,261752,37b84390597cbb7965c9048f60a88968236df5c7d55cbe17a4856995f94b88f4
data/raw/statsbomb_world_cups/2018/events/7540.json.gz,data,259428,58c63581737d490dbcc26d1a6172f9c0b6673a54e6ee2b236e114cecd39f773b
data/raw/statsbomb_world_cups/2018/events/7541.json.gz,data,293912,cc09040046b2e26df6bcccd79fe0ac3c6819dc3de1433e41fcefabfa859914af
data/raw/statsbomb_world_cups/2018/events/7542.json.gz,data,257878,7daaa73a83cb58542b55290d5d6ea92750de51568a5dbec5d01bce2ce87249e5
data/raw/statsbomb_world_cups/2018/events/7543.json.gz,data,290432,41d30395c3dfbe0b01c625dcf1beb7039d9070750c2b876ddfae30c7c4ff4cff
data/raw/statsbomb_world_cups/2018/events/7544.json.gz,data,302773,059e6f2db677c56c5b92f7d3a1a16b93136e08a5c1b0f30880cf554cc2df1586
data/raw/statsbomb_world_cups/2018/events/7545.json.gz,data,266971,322ed33dc323f071ae08d07bcbba18329eb1a17f67046e609ef36af0328a85e2
data/raw/statsbomb_world_cups/2018/events/7546.json.gz,data,290421,6741a4cca226e57e180e6ce7be14496f04e72cceca80ea67adff10d1829434cd
data/raw/statsbomb_world_cups/2018/events/7547.json.gz,data,269590,a1bb72601fe8ccb4d23fa18e663f74b7413871917cb9d16f6436c44732a9dcd6
data/raw/statsbomb_world_cups/2018/events/7548.json.gz,data,288576,62f584ea23ca085c4cc28fdd692f269490b8efe9d9953ec1ca924a230a412b30
data/raw/statsbomb_world_cups/2018/events/7549.json.gz,data,252331,0ae56ab603b529e899ead3264a17ff511120e70a85072e3ab1630a9c93a8d1c8
data/raw/statsbomb_world_cups/2018/events/7550.json.gz,data,268725,7344521bd8138d665c78f35bfa02d6f8ba6a9a772b6de74548538d8d1f2e6edf
data/raw/statsbomb_world_cups/2018/events/7551.json.gz,data,264135,047b452da45279ba10d679502d6a5b893da069aed4e010b76de96bb3c86e1d87
data/raw/statsbomb_world_cups/2018/events/7552.json.gz,data,273930,46c5db83c8ea3e7b8dabc35cd8ed4fcc3cf0fac37837fa61c141efd1beaa79d5
data/raw/statsbomb_world_cups/2018/events/7553.json.gz,data,258423,d695fa07c2a9d818ab70c436e2a77e4efe465f6c5e0084881f2c8f5102147320
data/raw/statsbomb_world_cups/2018/events/7554.json.gz,data,269660,066c4bf1760626c3f5845822b9db685c1843422cc292e03fea681ce4fc56f91c
data/raw/statsbomb_world_cups/2018/events/7555.json.gz,data,286872,38be98a56c58f92cc92ee3f52b86bc8f78237c857291eaf70cc2d1a60157e8ed
data/raw/statsbomb_world_cups/2018/events/7556.json.gz,data,236192,53e8b6c5052e8e11baf9f16fab1af303c2b85df0c1acc258865dd32741e5cb4b
data/raw/statsbomb_world_cups/2018/events/7557.json.gz,data,244295,522c383e16d455888394859ddf183ec0df668719897746bb6a219b403985f900
data/raw/statsbomb_world_cups/2018/events/7558.json.gz,data,249726,2cfcc733a251f52aedf3cd28029c320646a5792f14737628ed36d4f2f1d837a1
data/raw/statsbomb_world_cups/2018/events/7559.json.gz,data,294091,5ef0fac669b7dc9ed629b69a3c2c3b6309365a6ed2bdde8981e6bc3f9b286427
data/raw/statsbomb_world_cups/2018/events/7560.json.gz,data,277753,459d495c7881f64ed196f145187c64b43ef35275e4f0683fd0de67147444e803
data/raw/statsbomb_world_cups/2018/events/7561.json.gz,data,255697,3f35b6db8eecc8419ea7096d678f6673b0e2bef0e4ca6acc02ac5f0d207f6492
data/raw/statsbomb_world_cups/2018/events/7562.json.gz,data,278991,5fcf8205d41d94aaee4be6ea1e158e97db366f687b8486f263448b78103400cf
data/raw/statsbomb_world_cups/2018/events/7563.json.gz,data,274416,5522a142e10134b433b2ff0f184d8656d9c4d5adc4ab62720819f808d4ec6a6a
data/raw/statsbomb_world_cups/2018/events/7564.json.gz,data,267260,e6b23ba01cdde44f2bb0ef3588f4ee00de06b858f59f087cff69b631ead03ca3
data/raw/statsbomb_world_cups/2018/events/7565.json.gz,data,308465,00ea523ca6fcb115762549c6df569ec64b8c83d8daaf8202e26b952f09cad246
data/raw/statsbomb_world_cups/2018/events/7566.json.gz,data,230442,5d445fb4e741f274984fc32d149340f784e0302c211fd6c6d676bf664c7583e4
data/raw/statsbomb_world_cups/2018/events/7567.json.gz,data,287270,1ba68ce87b8102a6a089af2a2c92a956d60ebfcdc3f1fe263e1ed70d4c00993b
data/raw/statsbomb_world_cups/2018/events/7568.json.gz,data,259347,4e8ec011d70713584c6c3fb040efaa35b98b6c881a999061df1d0e0dd123db34
data/raw/statsbomb_world_cups/2018/events/7569.json.gz,data,263545,d02d18047ce1b3c58045e82869a002558fdf1dc9bff5cb82f618623ff971f1cb
data/raw/statsbomb_world_cups/2018/events/7570.json.gz,data,302301,d512245cb79ac34d7b0ecf9170b3154a552fc6a4ba3e775b4ffc1f403b31c746
data/raw/statsbomb_world_cups/2018/events/7571.json.gz,data,215575,f27a29f552f922819fd057cbba092fe7e380329514f456b2b77cbb2931e75060
data/raw/statsbomb_world_cups/2018/events/7572.json.gz,data,275971,efe1f8ed202fdd2af9ff77fd02b867ed9ea8f5f767452c768e078d2acfd38adf
data/raw/statsbomb_world_cups/2018/events/7576.json.gz,data,315777,05a4c11c1612991efae844272115c21a5a6254f85a043f4b618215309ba31765
data/raw/statsbomb_world_cups/2018/events/7577.json.gz,data,221686,9b907757d1ed3197f88d17ae9bc6e37b360215dc4d14a20369edb692d92f0875
data/raw/statsbomb_world_cups/2018/events/7578.json.gz,data,290515,c0c34850db2e3135c2cae8ec446a336c730d451d918e0f6494ca4be9efb2bd90
data/raw/statsbomb_world_cups/2018/events/7579.json.gz,data,257361,71d425281872b07499042cb808836880552aa5dd4cd484b340b52f9c0838b23a
data/raw/statsbomb_world_cups/2018/events/7580.json.gz,data,268311,3c4ba49532a1bc16b0eb518686dc087d3d3832a84b3558d5faf34892ca327a04
data/raw/statsbomb_world_cups/2018/events/7581.json.gz,data,334845,9ceba7087af3e7d0c8abc96dd44271e24eee1d80a96bb067476773896064957d
data/raw/statsbomb_world_cups/2018/events/7582.json.gz,data,383544,b27c1c899fa4e042674f8083949c58971a4f7bfabda37d680dfe395cde7773fd
data/raw/statsbomb_world_cups/2018/events/7583.json.gz,data,270169,39269a7ba669db78e8273c5148b0ad92452798dadf0b5ffe8e516197f54e635f
data/raw/statsbomb_world_cups/2018/events/7584.json.gz,data,288850,1e4d4b386d776968875ed8aab14c278267882dbbe93b554eec374eaf8c47ff17
data/raw/statsbomb_world_cups/2018/events/7585.json.gz,data,312705,43de0b12f586cbf9619d5e055c8f45236d18afe750acb18703478643290baf4e
data/raw/statsbomb_world_cups/2018/events/7586.json.gz,data,255537,a4dc65df091cf5b595f264502b3de83037bfe0932520e82f078d2b013eb4bd5c
data/raw/statsbomb_world_cups/2018/events/8649.json.gz,data,264987,1e5927070568df0a3943f2dd9b08e50a8aca3a4972e187e38e0356f908b8bea3
data/raw/statsbomb_world_cups/2018/events/8650.json.gz,data,280039,b0c72e12f759835d98a38dd5e8243edf3af1a87f6e677c61c7023c02f09f29de
data/raw/statsbomb_world_cups/2018/events/8651.json.gz,data,252885,134b6f011c9fe44b258455b691e002e2fde24356178aed8fef7daf7fe796c645
data/raw/statsbomb_world_cups/2018/events/8652.json.gz,data,311431,4e257058d797e583a26b6d69afd4cb1efe5d57f1f43267db9f9762e880a6051f
data/raw/statsbomb_world_cups/2018/events/8655.json.gz,data,257200,ac5795eafb431ce72e1575f0ecc2b7fc7b4f09a74a17443536d3b2f4f859e905
data/raw/statsbomb_world_cups/2018/events/8656.json.gz,data,322310,9d903147785f483c4e65aaf5e05d67c32ef5a257f1074f0455ee45aff5fd8155
data/raw/statsbomb_world_cups/2018/events/8657.json.gz,data,325164,dd62d5939355fa6768e45ceab4745c4e250fee79cfc4530a15ced60a1f852b50
data/raw/statsbomb_world_cups/2018/events/8658.json.gz,data,230944,9ea50ed379f1ca720e62b6146ba9fefc826064b11c9341ceaaf305d3e69146e5
data/raw/statsbomb_world_cups/2022/events/3857254.json.gz,data,298640,df5ce9d4ad3aeb40fc2fb2bf21b3233c8058100a49987f2f3df19ba23111ff1c
data/raw/statsbomb_world_cups/2022/events/3857255.json.gz,data,350808,872337e1e257a501676c0fbac836c0be330e5860418dad5183bba14b1b3c8238
data/raw/statsbomb_world_cups/2022/events/3857256.json.gz,data,267383,ad7ed271fb4be7384ab3804e84b2cabaaf499b362e701be35b316b43b75ce69c
data/raw/statsbomb_world_cups/2022/events/3857257.json.gz,data,294626,57f0bb4eb0f07f41d9eae3da9a2d9b3c6785bd6bcdb12bb9dcf1db5d38cf058c
data/raw/statsbomb_world_cups/2022/events/3857258.json.gz,data,302044,f42afa877df7d90ce592e815007c833e3282010e86bf456090d0e978e6e14f3b
data/raw/statsbomb_world_cups/2022/events/3857259.json.gz,data,275213,0ef652b9b6a4bf3c012e84acbd6348fb235855c7db918c0f336c8d4c591dd9f7
data/raw/statsbomb_world_cups/2022/events/3857260.json.gz,data,258816,9fc61009ac32f5c96aa3b29fe1f9cc34bd4bdd580ce204d439f60274d6777db5
data/raw/statsbomb_world_cups/2022/events/3857261.json.gz,data,267236,385e1fa5a6ce7989f7e7423fa53a473ad1e260b221eeca4cd2cacb41f59c4e49
data/raw/statsbomb_world_cups/2022/events/3857262.json.gz,data,277891,e41e1184ffc805107f6664cb64be0395799734e642477dcd7ec945ba7b29ea32
data/raw/statsbomb_world_cups/2022/events/3857263.json.gz,data,292859,2ab763aaad272decbb4e4919aab1a1ba8d9fcf0a596257d4f5b4948daee8ec20
data/raw/statsbomb_world_cups/2022/events/3857264.json.gz,data,328073,e08628d038f369fc6a2bd5eee1ac7b2a6d331bb1a1f7eda4591b71daeeae5d10
data/raw/statsbomb_world_cups/2022/events/3857265.json.gz,data,263158,fe8f87cf8283949fad84fdf1d7bccf1f0367bc785209557ebca57a8099269671
data/raw/statsbomb_world_cups/2022/events/3857266.json.gz,data,317160,908fb2d22ba2a46e78f2bbad4a22096f8186818ff8251f960fc8c2483f76b7a3
data/raw/statsbomb_world_cups/2022/events/3857267.json.gz,data,237666,f7811dd2061522209d9ae30091cbee20772d972e9cfcdecf250e42cbe447791d
data/raw/statsbomb_world_cups/2022/events/3857268.json.gz,data,288062,95c4ba2a64aefb5645049fec7f17ee55fba4360d57f88a9a73c8550dc0176fbb
data/raw/statsbomb_world_cups/2022/events/3857269.json.gz,data,307681,fb83151445c9607e5c7102c154b2fef86f9493ff983f4b30dd11e190010051c2
data/raw/statsbomb_world_cups/2022/events/3857270.json.gz,data,289259,82d72032e658c73a00fd94c66aa9348e663b517aa9d97c0c2a5d72f47f28300e
data/raw/statsbomb_world_cups/2022/events/3857271.json.gz,data,291033,cca7235564321b7bbd82d8075de2e24e5301620ccc2cd21ff2ac45caecc7eccc
data/raw/statsbomb_world_cups/2022/events/3857272.json.gz,data,280367,2edee1e5f6de63f9cae646369ef871ff629c2cbe60d706805d62c852b3681e40
data/raw/statsbomb_world_cups/2022/events/3857273.json.gz,data,263307,138d1b92f81f24ebf57c6cce3737c61ad1938017b22cfedd39974cc6bc341a96
data/raw/statsbomb_world_cups/2022/events/3857274.json.gz,data,292264,eaa623da6e712256e2927a711e2fe7bbacbde12aebf8da3a0a82ae97cae1fcfa
data/raw/statsbomb_world_cups/2022/events/3857275.json.gz,data,286069,74472cbc4235ec81924191852641ce61f2ef2bf3f76a9eac6021ecb5d287d995
data/raw/statsbomb_world_cups/2022/events/3857276.json.gz,data,269080,2d2480385689d34bbe6b998e755ff8c0caefaf97845e5d6289e04e3fef9d354c
data/raw/statsbomb_world_cups/2022/events/3857277.json.gz,data,293710,bb752d3a823db8f78aa0375cb4d79b104d6a18071a4bbe96e11ab4f0881896ed
data/raw/statsbomb_world_cups/2022/events/3857278.json.gz,data,293634,3a21b72adee6727a9157130df84e1b3d162c99668e2646557f7fbd0809754c3c
data/raw/statsbomb_world_cups/2022/events/3857279.json.gz,data,320033,4246ade44b50d621a3a78bdfa64b1276996c368e5d312ecd3780504a92a61408
data/raw/statsbomb_world_cups/2022/events/3857280.json.gz,data,275977,8c5a0b828b107accafcd2fe8561a46b24478d89d04137d07dbead904d47a09f2
data/raw/statsbomb_world_cups/2022/events/3857281.json.gz,data,300855,b2a3af8b0e43b67359ffc768c72ff513a772f17727d93a2cd5951cfe1d1903aa
data/raw/statsbomb_world_cups/2022/events/3857282.json.gz,data,292884,0aa51c68cb24dbdb1519038cfd0546cfd21cdd933cb497a197c44e6ce8735945
data/raw/statsbomb_world_cups/2022/events/3857283.json.gz,data,291045,823a82081fc33ef90be308841208c029653ac463272adc8eb862953f0ab4051d
data/raw/statsbomb_world_cups/2022/events/3857284.json.gz,data,307309,a1059037ed9f2342b5adb35ae6f9eaf092a5870b6799811499a20b6f87267f65
data/raw/statsbomb_world_cups/2022/events/3857285.json.gz,data,262217,427023e6a58b48facf4562ea7b3dd610888a839999ce743840e4a053da38d93a
data/raw/statsbomb_world_cups/2022/events/3857286.json.gz,data,267514,f9797c464296e110e95fd1a37d314518ba2d4ac6358284513fa6864dbfda38f0
data/raw/statsbomb_world_cups/2022/events/3857287.json.gz,data,280927,98c1f2a01df4cc3d5a0e740a753c78c3e0e0e8f2a92e4e67dd2be9ba0546cf1d
data/raw/statsbomb_world_cups/2022/events/3857288.json.gz,data,276918,281bb9ae3a1b0a987fd68eaf6d055859d3dbc1c93b3bfd78b725934ff3bfdbbf
data/raw/statsbomb_world_cups/2022/events/3857289.json.gz,data,275763,63dff4cc32e6c8de3460eadf4f2c49cf00ef10d34283e330af0234ea40bee83b
data/raw/statsbomb_world_cups/2022/events/3857290.json.gz,data,291906,356f61a1783a267c8a05657f49fc68f3f0edea53801be059d5a6a1cfa16e47ea
data/raw/statsbomb_world_cups/2022/events/3857291.json.gz,data,348315,0f18a8fa453bedc1877e46f0d8b37be034a73371d54173e47a853241517fd84d
data/raw/statsbomb_world_cups/2022/events/3857292.json.gz,data,321223,aef0338cba729e813bb99ad6aad5e563c02a0163801542e395bd0b541ec7f268
data/raw/statsbomb_world_cups/2022/events/3857293.json.gz,data,288051,afe629d6eb5a47460d9129b8ac732b11d008dee4696b207fff2e5f25d5c73ca7
data/raw/statsbomb_world_cups/2022/events/3857294.json.gz,data,341071,e0b0734fa10b713ca0b3aeafd1641c3bac0456b2f314ae51412fc9a2d1b1dc58
data/raw/statsbomb_world_cups/2022/events/3857295.json.gz,data,305244,a9fa617191bbf60ef88e705e491d4672d856543f8d55e23a361a56c0f6efb191
data/raw/statsbomb_world_cups/2022/events/3857296.json.gz,data,331396,56c246592e1ce25a0d89bebfee3aa22abf65cdc324dbe319382b7614334e7a5e
data/raw/statsbomb_world_cups/2022/events/3857297.json.gz,data,265325,5ede4564558b090e4ef41d241a958587473179bda03b9fb078c1c8cbc477d5fd
data/raw/statsbomb_world_cups/2022/events/3857298.json.gz,data,305374,26df097827fa18a0f527ff4afddd541e66cd37ebcda5b9603cc3422948b55388
data/raw/statsbomb_world_cups/2022/events/3857299.json.gz,data,272292,8b04e62b7aba78a71fed839eede1c61569508f547be33515cde8522b8bf3e67c
data/raw/statsbomb_world_cups/2022/events/3857300.json.gz,data,272990,382dbcf6d080da31a5d54207d3a23ef7633b2d949fb55e910b6b1e822b129689
data/raw/statsbomb_world_cups/2022/events/3857301.json.gz,data,292208,e5a8766e19d3e8a4fe13a859a3c52c99c3faffc7c413f7904ca5eef00c2b3318
data/raw/statsbomb_world_cups/2022/events/3869117.json.gz,data,296407,d766a647746fc0116355cb53a9462bd4b818fee3c216e7101aa7222eb322318e
data/raw/statsbomb_world_cups/2022/events/3869118.json.gz,data,280799,781700d1ad64429126f85f7197a0c75b5c0cb660fc009733c94d000c52b3398b
data/raw/statsbomb_world_cups/2022/events/3869151.json.gz,data,331335,ec20a6f9a3a8e891edfbe05cbbe889a31f99be23077fcd4b71784df3536041c4
data/raw/statsbomb_world_cups/2022/events/3869152.json.gz,data,295718,261ba229191f8ad22c19ca6a5aba396424c7603beb54c3225c5b0712a024796f
data/raw/statsbomb_world_cups/2022/events/3869219.json.gz,data,368735,e5646ab5924d5b96111c8ed7e1ed7e33b11a4ddbc2da7a1b54a18052e80c918a
data/raw/statsbomb_world_cups/2022/events/3869220.json.gz,data,379928,5de883c76dfd4eac3d0083797bdcf44726ac5314cd09ee77a8406d258282d545
data/raw/statsbomb_world_cups/2022/events/3869253.json.gz,data,328372,b1b336ad2354b028fed6482f87c241a3160b31ca09d9cd25a1643f4b784b7eb0
data/raw/statsbomb_world_cups/2022/events/3869254.json.gz,data,287154,23937f5dbe0b4db409b2dba6d36f5094daea2d1ee4df438b4c44bfcc29d0ef6b
data/raw/statsbomb_world_cups/2022/events/3869321.json.gz,data,381605,d1e811971d010e986e41553b8301c026e644cae605be4bbeeeec5c09ecaa0437
data/raw/statsbomb_world_cups/2022/events/3869354.json.gz,data,265322,617226c824ed24ccbaafc508deaf0072da101f922741ace76f5055ac09a0ec21
data/raw/statsbomb_world_cups/2022/events/3869420.json.gz,data,415894,0cce8ab540c61586e28ae5003bd6d8ecda35bacd29af6cea0b0741f4c91147da
data/raw/statsbomb_world_cups/2022/events/3869486.json.gz,data,278706,9dbd875bdf29de54f0f88577097fb5854145e674a5bba25aa18ad9779eec9632
data/raw/statsbomb_world_cups/2022/events/3869519.json.gz,data,307421,97f610f2643b677bcb9fc233bb3f0fc68e87db7fe9e1a70afd30a39a85a350d4
data/raw/statsbomb_world_cups/2022/events/3869552.json.gz,data,287852,a972538cda17f21b0c1c2e9ed5befd521a24abe34f75b0c3f7c4b9aa54e36c79
data/raw/statsbomb_world_cups/2022/events/3869684.json.gz,data,287767,3da35fecce6bdea17ac130157792ffb12970d8fbecde1abd88e37594ad130c45
data/raw/statsbomb_world_cups/2022/events/3869685.json.gz,data,366116,b2b8a991e810ff176887fd4aa064a57bc08fbd1c16d27f431ae6f500b696b2a3
data/raw/statsbomb_world_cups/manifest.json,data,47709,10264dfba664dcc9f520cbf5d0f11e2c096490f6fde5a6431fe6541dab9a1d9e
data/raw/statsbomb_world_cups/matches_2018.json.gz,data,8202,5c97771687bfe03750273e9d0c2a18a4cee6a271e0ef21810f9d1025b0c89381
data/raw/statsbomb_world_cups/matches_2022.json.gz,data,8979,5d6d43563df1ad71cd1634df70f0ff3bb09058fb2cf464bba236e697f5f01cb9
data/README.md,data,916,83ca0a43a90b3084687798193112d296c676b886079cd34d7ef980c040115dfe
docs/DATA_SOURCES_AND_LICENSES.md,docs,2820,357a224d6b33a341661db3b3145df06c03399e89f5304df99f9f2ca6f84e5a1a
docs/GITHUB_PUBLISHING.md,docs,3731,caa9588157ec6ed934666d37c719e3a07fd1897ca416180eb72a122fb6025cfd
docs/PATH_MAINTENANCE.md,docs,3353,76c5fc89b5d2e50b848e3773e51a59278bdf2ea32da9ce9464ac8bc7a81e5443
docs/PREDICTION_HISTORY.md,docs,4331,7be576b0bae73cccab7c31d5ba995a216cfa35fc1fbdd5c6f95ffba90b693bff
docs/模型升级_v3_审计报告.md,docs,5855,5d502068bc2a7a79b328e9eab0951f7f260aa01e2281200eb66e15a10a488284
docs/模型升级_v4_赛前审计.md,docs,4600,ccd39eb1812c1bc7da236750f14c5a7f4d9f77f4d255605ddf356ddf932d71ce
docs/模型升级_v5_套利再审查.md,docs,7024,81d37ccc4e458e35cace8a4e31798189fd0090b9ba8e358c567c3b338df1f522
docs/模型升级_v6_赛后复盘与剩余两场预测.md,docs,6811,59db8828d4c6ba1312d81b099e45b7aad540c8ee6551e3768c0217c9a1f5b622
docs/模型升级_v8_季军赛复盘与决赛预测.md,docs,7981,72492861292f7ebb52ea11c90e39436db542e3dcc8074ebc41e57ad3d2046ff7
docs/研究方案_v2.md,docs,4332,ab5d5789fa445e2a79ad6b5bae83b4dba6e8f63fcb31484330b4d215f18c339c
docs/纯游戏引擎_v1_逐分钟建模.md,docs,8029,689bd80d53d73272d928ada6c95b03d4f3e0721a098c64819d724b4594ea8c5e
metrics_walkforward.json,root,1706,298fa91b896ea199b807c03b9dbc5041b33db99eecd65a6cdbfeed543d4fdc61
outputs/all_market_predictions.csv,outputs,11251,02432897d41fd632c8b6d763875d6419b9c3324c2a53aa002ceb4666774a7a68
outputs/charts/score_probability_heatmap.svg,outputs,8078,499724cb0b77d5165db4c617aa4beaef416f2bc5fb0825891b6aad71a12dba46
outputs/final_v8_20260719/fifwc-esp-arg-2026-07-19_minute_hazards.csv,outputs,29821,43c6fcb1c7b3be61b93f08dfbe602be0785a5e6fdc97c017382dbc83c0a0de0a
outputs/final_v8_20260719/player_probabilities.csv,outputs,12117,aba80771fe322664c970a8a01a6878909415175c14b84f7cafe37bb02d9fa510
outputs/final_v8_20260719/polymarket_recommendations.csv,outputs,226324,dfd9180c97a965ba0bdcaab78ecfbcd6f34ac114d33023fede7540e76ae2fe25
outputs/final_v8_20260719/prediction_and_betting_report.md,outputs,1918,174553d7c4f4490e57aa8891c865db7ac1ada51afbf974901c77ac6124f50442
outputs/final_v8_20260719/summary.json,outputs,71896,b93b02a3c6c86c5d9f206db8510ba0db4f0da0309ee3a7e2249b0d5df1a49aa3
outputs/model_v2/all_market_predictions_v2.csv,outputs,12576,f73e106a680b66efc233d7605f1495db0d96fe1f864e4d95dd468c58953c66b7
outputs/model_v2/model_summary_v2.json,outputs,3603,809e9e1601d929905f2812f30762f9fb6745c2fc5e67b408b93f945b68487aa0
outputs/model_v2/prediction_report_v2.md,outputs,1098,207a4cf2a3e066693046b47d82147516f55a9cbb63b865950ee7779aec0a903a
outputs/model_v2/validation_metrics.json,outputs,333,b8699cfa497c71d1c38930ca8db65e66d16702ea461b0467aedda4ef09eba4cb
outputs/model_v3/semifinal_all_market_recommendations.csv,outputs,28485,9cb060cc5586961e8929333944bddea5387bab8c583cc15f4241d605b921dcd3
outputs/model_v3/semifinal_prediction_report.md,outputs,2435,94ba7490eb3adce5ceb8a41835fb71a5a49503735950dfe8691442bdd10d0ae7
outputs/model_v3/semifinal_summary.json,outputs,19764,88083090d0b6b365a210780d070c5a76758d98399fbc5396d40085f3fc5f3c33
outputs/model_v3/walkforward_metrics_v3.json,outputs,1351,99ff8c49c5678b822cbd39a6edafc7348baadf79929889660e8f1e35ecec1a4f
outputs/model_v3/walkforward_predictions_v3.csv,outputs,46593,8f12c3d07ea7bef5eabe296111658560d2a28e3efe2cf16a953a6b1960e13527
outputs/model_v4/conditional_match_predictions.json,outputs,3007,10952e90e49296f098c176ac0d02b18bd2b0cb9492cb2b4d1f23e6b9cc144696
outputs/model_v4/conditional_match_predictions.md,outputs,712,9f9336f910cf9d69dd65e0ac501fa21f0607fdbebb107b4690e761f2e0f697e0
outputs/model_v4/cross_event_arbitrage.json,outputs,2298,455ae47dfcccad506675caca915f1903e8c1d1094c4bc36f905a9e1c62625189
outputs/model_v4/cross_event_arbitrage.md,outputs,665,8d3f39ce6c95b64708142dfefd332ce6a5efb397e8f72e432e3eb3c28fe45d77
outputs/model_v4/upcoming_20260715_all_market_recommendations.csv,outputs,14890,177cc0cb31237ef94fdb6f7444d980d1bcc8de18026c8d7be55c5f31e3e8b273
outputs/model_v4/upcoming_20260715_arbitrage_scan.json,outputs,18751,e3835febb87a6e7a32c42067ecab3761eb9c90061fe625973362f6e16624dd4d
outputs/model_v4/upcoming_20260715_arbitrage_scan.md,outputs,912,c1fb04ee87c05ce3e39928ca3a0b5b5f14a9da7cdd6d318fd4654f10ccd3eebb
outputs/model_v4/upcoming_20260715_prediction_report.md,outputs,2795,00475448d899071542783b6c54e17175dea79606db022f3a2bdf21c2499080cb
outputs/model_v4/upcoming_20260715_summary.json,outputs,11442,f6943eeaac640884638a5be59c5493844be2628ceb4b74170b1d33fcb5f4a509
outputs/model_v5/all_market_recommendations_v5.csv,outputs,11915,fa7805f3b4cc2967a39dd48a500bd0cf78498acc44485a84886783d2fa4878bd
outputs/model_v5/dutch_book_lp.json,outputs,768,20f869ddbcfa9c4b485023e418665f012266f6531dfbb11e322455e77b308824
outputs/model_v5/dutch_book_lp.md,outputs,623,755f7fb8b5025a523e5cd0d20d0ffd1d8c5b55c3a707d697357e3e6fe16d4b42
outputs/model_v5/report_v5.md,outputs,1552,8ff6247a80c7fbc8f52b28d553d9ba4865cad4628cb2dadaed5576cdbece1e13
outputs/model_v5/summary_v5.json,outputs,10687,e56bfd3e89461651828ff59a7a8fa14f765bec656dce842112994a0f6830d682
outputs/model_v5/triggered_maker_arbitrage.json,outputs,9300,50e8dbda91a4961e441ee44df2d99372662c67580d6a1a838042f9d7173c5819
outputs/model_v5/triggered_maker_arbitrage.md,outputs,644,bc02684378ecca4d604cd59cc9f0a9614f42828b002bd8d18f6a938a0248b911
outputs/model_v6/all_market_recommendations_v6.csv,outputs,19256,67325eed330eb1b063ce60e65581006f951bfadca4446f3b8eb436ddf8c44390
outputs/model_v6/dutch_book_lp.json,outputs,3035,dff3588cde4754f97f448b76e1ce3861c07d7013ea30fd7f7bb8791698f38c13
outputs/model_v6/dutch_book_lp.md,outputs,1494,73d54f8434b17dd9c1ebf9b7a8b7343c7d157ccf93e3d9d7fe538cd35b57171b
outputs/model_v6/prediction_and_betting_report_v6.md,outputs,1661,697831a8de4ff0358399cc1579d6a7477ae2601ca952d34e8e21e02919126ee9
outputs/model_v6/remaining_20260716_arbitrage_scan.json,outputs,18790,e01b7bade5220a9f5b4140f65075129dc10cb317ee140f6f32349dbdba512405
outputs/model_v6/remaining_20260716_arbitrage_scan.md,outputs,912,213faf6351dc17924f7781586f83b15c447e1593711ab65424eed68cacdd0f06
outputs/model_v6/summary_v6.json,outputs,23620,5735ed4d80880e1d64ac0f60d57566f8f2ce8f7c4e625e470b99f5822d0e22cc
outputs/pure_game_engine/extra_time_minute_by_minute_conditional.csv,outputs,5900,f2cfdcebb21a851bc807146fdd01f5075d6224284813d790bbfd7803efeece27
outputs/pure_game_engine/minute_by_minute_1_95.csv,outputs,22259,ba813bc7215ef91b86398263bf875fc885c27cba034965511dd9bab861f0c9a7
outputs/pure_game_engine/player_event_probabilities.csv,outputs,5866,e62f0f172c89555e5c3150032caefc406f5b22038b9ed3068689bd3d0a4ea091
outputs/pure_game_engine/pure_game_engine_report.md,outputs,3752,ec0f2de499fa5847bf111bab7116cd234d5c7ac336651a8fdd407675f81663b5
outputs/pure_game_engine/pure_game_engine_summary.json,outputs,7699,bf35a1d1874994ae1761cc984e4318f6f42b802c435e0ff2dc96c73780bef6c8
outputs/README.md,outputs,855,5f1d673150a50caba99b24da6cdecc86d44ba384c7898a3a352cf4dabe1c141c
outputs/real_data_engine/data_dictionary.md,outputs,3625,d8e6ac3a7f0f3c03e28fa226608531a6c022545e330c38ac184a2d2675d52d3a
outputs/real_data_engine/extra_time_minute_by_minute_conditional.csv,outputs,4649,a3bfbd3d1aa67c7fed6e40b78c8dbee04fafa5ee065066002c4d6e0c80f4fbe0
outputs/real_data_engine/factor_register.csv,outputs,4860,da08ee53bd80c588270940bd0084d626b75acfc69dbb5ab14ed67311583d8589
outputs/real_data_engine/minute_by_minute_1_95.csv,outputs,104757,7d6406e2f49c5fa3fa0e95d057c25b66adda1902ad507ad84df56c29af6e0875
outputs/real_data_engine/player_event_probabilities.csv,outputs,7193,c86bb9c5453e54664321c64ac9df8adc98d486aeeabcfeee27895900844ad711
outputs/real_data_engine/postmortem_england_argentina_20260716.md,outputs,7756,f2c3a518fdee535935c15d200b0dcc429cad3ba166230fdfe2056cbb42db0049
outputs/real_data_engine/prediction_vs_actual_eng_arg.csv,outputs,670,1d50e840e03b1520a1a43ee1cde615c70fa2de450b06fd76d02aa4cc8d330ae5
outputs/real_data_engine/real_data_engine_report.md,outputs,5961,dbb638f190083b9183f1cc52d8b8379bdd91539963d71220cc4ad5a8191d7cab
outputs/real_data_engine/real_data_engine_summary.json,outputs,18647,ad038c71369897524edc8c1c885d63b57417dc44e28bf8253a9312bd3663c712
outputs/real_data_engine/sensitivity_scenarios.csv,outputs,659,b8efa6a951a59c29af251677cf40fb2639fb8944ca11ee24b95d70d90cf00490
outputs/real_data_engine/statsbomb_historical_dynamics.json,outputs,46440,c5dd64942109559687fd6719c9c02251097b19a318ed6915f4a443fa47245c41
outputs/real_data_engine/tactical_phase_profile.csv,outputs,1644,557472584543da58cbd81eaa40496d80a2bb02d30ad9ead1ce0f2e03d7c29965
outputs/remaining_matches_v6/fifwc-esp-arg-2026-07-19_minute_hazards.csv,outputs,25613,a7aba17ecedaf4f4e4c9e3b384eb27fcca4fb79cb536e3f85333f24b6ece9bf7
outputs/remaining_matches_v6/fifwc-fra-eng-2026-07-18_minute_hazards.csv,outputs,25993,c10b4193d1f0b113a5c58b4224565629e227028a3069d04d8d764fade6998ba4
outputs/remaining_matches_v6/player_probabilities.csv,outputs,14507,ae30e1bcda71e7499fd1f66f5ad8be02863185783a11c93fd56b45d6b9c147aa
outputs/remaining_matches_v6/polymarket_recommendations.csv,outputs,210089,1ce26ea060c4a36f0bd4074f5b4502c58a5ded188ae7a5e482edbe7e262edfc2
outputs/remaining_matches_v6/prediction_and_betting_report.md,outputs,3437,87afbf30b0cb1ee80b40105e9765270c09b144588ba7672325a5a75e0dc49771
outputs/remaining_matches_v6/summary.json,outputs,107769,0fb9b7b82a4369923b596ef456d9b6fa9e52e20cb9aa5d0dcdf7c860e2840275
outputs/remaining_matches_v7/detailed_update_20260718.md,outputs,11966,e7eda4c21d7a175a096f592999e081d69436da3c84d412ccf83f9dcb3da28952
outputs/remaining_matches_v7/fifwc-esp-arg-2026-07-19_minute_hazards.csv,outputs,30064,2745f938ee81b6e8bd0bdd80d60f1d42cb589762ec355e6ca4252418abd2a7ac
outputs/remaining_matches_v7/fifwc-fra-eng-2026-07-18_minute_hazards.csv,outputs,29943,3c29c1bb8e6594089e341cf15e921bb86a07cf0e27ff8c5fd896ff59ffa4a7b1
outputs/remaining_matches_v7/player_probabilities.csv,outputs,23941,b3ec423aa2499fda9ad8c60f98aec6bbc9aeef485f8ff9989cdecf14e7d47b51
outputs/remaining_matches_v7/polymarket_recommendations.csv,outputs,476328,5f5ace410ac9a24ac85470d83d8844899fed6bc32f32a3af06e6b229c9aa83de
outputs/remaining_matches_v7/prediction_and_betting_report.md,outputs,2695,b0574c3e78b416341192547b217759ba53facd253298e2d8e3b4af2d7cbc598e
outputs/remaining_matches_v7/summary.json,outputs,101079,5e819ad0fa0fa93cb6ecb6b579f76011a5f2a71e7577b24884984e1867c525bc
outputs/runs/README.md,outputs,314,821c515fb9fda51c3d8da5980866774bc360a48be70083c2a3a77090565ea8fa
outputs/two_matches_live/all_136_market_recommendations.csv,outputs,98485,085370065eaab758143c41fce6c6fa8aa6be50d1e6a967149843004044ca0e90
outputs/two_matches_live/analysis_summary.json,outputs,2231,d370cda7efc3a128cb5abd05d64b4510d62624a0e825832af415bfe0eed0e2b1
outputs/two_matches_live/recommendation_report.md,outputs,2172,d77f9d60065ea8470a5a8d66c3b5754c7af3c6e65c5a3684b645d548b17ba91c
outputs/world_cup_final_v8/fifwc-esp-arg-2026-07-19_minute_hazards.csv,outputs,26380,0b53ec28c02be5d098eef25e03155f9256fb316b1ee64cf5d7061df3aa20c2ed
outputs/world_cup_final_v8/player_probabilities.csv,outputs,12165,c293dcc7469eeb9a6008708839b67e89038cb6e786ee9332b7330930cb306d40
outputs/world_cup_final_v8/polymarket_recommendations.csv,outputs,225464,ccc518e355ad1d8778188cfffa6da36a7f2e1bce3a0696c6a420e0d1fbabce31
outputs/world_cup_final_v8/prediction_and_betting_report.md,outputs,1619,a6666ee825bac03fc1456947bb7123b83afbcc765e9595cee8fd6fcbf41f1e92
outputs/world_cup_final_v8/summary.json,outputs,70377,0e9ec5802e8c74c8d49ccfb339c0afcd89126a4271c81922fe4b4487c29413c2
polymarket_wc_research_plan.md,root,35135,608288559204e1e8218d4aca0c9d200c262304eef4cc89340373f3cd8550c828
predictions_walkforward.csv,root,70528,7fceb8d10b0c09489d6d318b950c9665ac1c32783969278b050990c226132f61
README.md,root,5415,92de27b8605fdaa18541dc95ea92f83340fa37a5c5e9274abef80d2ae3634e1c
requirements.txt,root,64,13cdbc956c4a1e8ba37a61920e010d38ad2702f23e5ae397d6ddf6573b2aafc8
scripts/build_repository_manifest.py,scripts,2880,52e7af019ce2f8290a3ec40be15437258c853c8351a1a14927f1a660c7d0caee
scripts/check_repository.py,scripts,6169,73acd41c789241f192ec09656ae3cf8298aa00f3c0e3c86a619ec5684ab00145
src/analyze_cross_event_arbitrage.py,src,4424,ed4b1f07be9ac33cd04081e6a713ed4b01e29cd9d5205389091d09533504778a
src/analyze_remaining_v6.py,src,17004,7bd732fb0639fe91e280e32754134fc00f06ff331489487f5b8da548e26a517f
src/analyze_semifinals_v3.py,src,14455,187c5ef4219e5695202f9bfcbc467177f5dcc00c3d725ab310438d77aecd7275
src/analyze_two_matches_live.py,src,9213,242606cbe08cef1a79940666c78db6a057cdf3dd1b5dc82e84c1105a7f2d03d7
src/analyze_upcoming_v5.py,src,11242,d3b83a6e0ee9fa06b1147911fdc2a2a99a57b841e91e37a877b4b7c5f10ee794
src/build_fifa_2026_features.py,src,15338,eb0f5279abbb18b9ff01af805219006e6b838c030d1389dd4c6b27ff79d5f079
src/build_statsbomb_dynamics.py,src,20149,ee3201a18080510d47ab0bf201657795750d6420e7996ce73205b18d020e0ae4
src/collect_fifa_performance_reports.py,src,3666,af195d583a309b1989f2d1beb42842f0edb8f8bec71ac2056ee456c30e8e04c5
src/collect_live_markets.py,src,6515,e28d312d8cf2a770b97c68755734f25684dfeb761ad6a33ce4be0a9217fdfb3f
src/collect_meta_markets.py,src,3095,a434d4378319e8a1d49c80cd6b92843bac03cf5fb56419a8cec91c04a8ef45f4
src/collect_remaining_markets.py,src,6745,61038698564c2f6bc011d4a048e23fe303d33f018e8be5195a8ea23322da55c2
src/collect_statsbomb_world_cups.py,src,3821,e67eda37148aea927271bde114aa6ba4c7c4d75beb71bf85d3306f8fab227fcb
src/collect_upcoming_markets.py,src,4210,511ba826cb9a12d1f3abc79637bec720a3caf89c8c0bc24f7229037fb6b715bf
src/predict_conditional_matches.py,src,4514,0f67be3235632276eafb1bb252a1fcf6e2fc490ffdbbab28a0ea9b8084d829d0
src/predict_markets.py,src,8304,9598696b6e166a9fdcb942a4767117dee7b94fb3a1641fb5d87b8813ffcb658e
src/run_prediction_v2.py,src,5865,8185f47b8b8cb13607ec41c69ab0f7d8596c159d4e0cec281ce26acee1300362
src/scan_dutch_book_lp.py,src,6162,548833f43a37449149fbccca24e5c7fd41c89019dec1c9e8a112e7d0c4acd8e5
src/scan_orderbook_arbitrage.py,src,6042,4b9e0f60962489e7be0d6eaa0fefe3592f3082e0b41bb1876f7415b1756426c9
src/scan_triggered_maker_arbitrage.py,src,5596,d4e77a6ad461be26c59dd70dfc68951cbab9bc15226e6191b5841024f5118663
src/scrape_fc26_ratings.py,src,5079,33ca5e1df66d838dda9ac19e4e5e032d7ae53576ab804ad5cfa267a030d06700
src/simulate_match_game_engine.py,src,33027,7c75648d76d93114038eef8895126a78c351610b956fddaaa66d1c7f6b2c7b66
src/simulate_match_real_data_engine.py,src,42751,acdd258ddd831cfe5c4b478649b65f5cb5a79a8787b37dcbd0b48727831f64fc
src/simulate_remaining_matches_v6.py,src,42625,63cef2c70c107eca56eed96eee42b175445527728b9ca0785044a7bd5dce289d
src/validate_historical.py,src,1794,3b64c230d4b46ba810d972d158d80428f55e4a054774a2410f44bc600cf2edb4
src/validate_walkforward_v3.py,src,6074,757758b23f6dea1e56211a87dc6c101e53088efc7228a6ff62bbbd37e5d750ad
src/wc_model/__init__.py,src,63,895d6eba39de528a97ec0dccc1805572c8e433aaa4affec1057cfa34fd6d2bc1
src/wc_model/ensemble.py,src,5116,fa031b418c1de9171cb02303d11a7ac9c3258ac537cc9db324910a27e68eb53f
src/wc_model/game_attributes.py,src,5913,89d996e218274dd0bade0ec2f3e2a35d268469795370a590b03fa001030d074a
src/wc_model/historical.py,src,9136,6b61f313d87c66729a11b4e7b04497557c685ab934df46e2ca82a6081893a754
src/wc_model/maxent.py,src,1816,286fc497219b4e04a788f928661da798e54da617e4c174507a28920b6aca529c
src/wc_model/score.py,src,1271,a9455d1d02010aa9b4ac49f10cbe9f2661c2729d109c36d7ecc27d1910e86fd3
src/wc_model/valuation.py,src,3019,67cc943d994e6bf284f1797e91347894154d12627955f6ac99e037eddd47679b
tests/test_game_attributes.py,tests,2509,9041135a940310ff0d6b537bf1866c50c3678967ed94524382414062ea3eb57d
tests/test_model_v2.py,tests,2288,a90f35b5914601b06cdf35f4245e2bd62546e07047cd99f57e2811b3f4f29167
tests/test_pure_game_engine.py,tests,1459,5ab035a85850ed8d86f3bc21184735195b9dc9f5917beb5edf6cec18a9b29ca2
tests/test_real_data_engine.py,tests,2710,fd156b52a781e69beb10d5f9dff1964a9ac42e6c2a8300f979f34ba85fbeb8bb
tests/test_remaining_matches_v6.py,tests,2248,290a1a9c8da21b0ad32f77884f4d081bb0b115b3f76badff46ae39babef42677
tests/test_remaining_matches_v7.py,tests,3245,9d511b62c58c6c6564d4cabb16a6cc3b28ac01e4ac092915e7de709aa077266c
tests/test_world_cup_final_v8.py,tests,2595,fa60ad88d436a393f82ee16ad5199b245a6ab89e2632bb24e445ac08fe3c6f54
walkforward_backtest_fast.py,root,15985,3d473fe4b9dfff985e0c3d502e82801a4cc3f3e40bbc33601afcab3b63e200b3
研究报告_Polymarket世界杯预测_最终版.md,root,10354,c97f5c2b8411485caa934afe225538b0b2380a58b61dd611e0560c9182aa18aa
预测报告_挪威vs英格兰_20260712.md,root,7507,b1a284553c4427c22903b72111298c66d6b6ce7582f1f00e08580d4a712049fb
