fixture_id,home,away,kickoff_beijing,hours_to_kickoff,early_regime,group,contract,side,model_probability,conservative_probability,ask,bid,spread,fee_per_share,depth_within_1c_usd,market_volume,liquidity_grade,central_net_edge,robust_edge,max_entry_for_5pp,recommended_amount_10k,decision
fifwc-eng-arg-2026-07-15,England,Argentina,2026-07-16T03:00:00+08:00,3.65,False,main_90m,England win,NO,0.644637,0.557481,0.6425,0.64,0.0025,0.011485,877414.27,3422380.51,A,-0.009348,-0.111503,0.48,0.0,PASS
fifwc-eng-arg-2026-07-15,England,Argentina,2026-07-16T03:00:00+08:00,3.65,False,main_90m,Draw,NO,0.67987,0.648512,0.6675,0.665,0.0025,0.011097,1769652.74,842084.99,A,0.001272,-0.045085,0.5712,0.0,LIMIT_WATCH
fifwc-eng-arg-2026-07-15,England,Argentina,2026-07-16T03:00:00+08:00,3.65,False,main_90m,Argentina win,YES,0.324507,0.244154,0.3175,0.315,0.0025,0.010835,1117603.15,2281519.93,A,-0.003828,-0.099181,0.172,0.0,PASS
fifwc-eng-arg-2026-07-15,England,Argentina,2026-07-16T03:00:00+08:00,3.65,False,spread,England (-1.5),YES,0.160746,0.106607,0.1525,0.15,0.0025,0.006462,33356.28,1092313.34,A,0.001783,-0.067355,0.0397,0.0,LIMIT_WATCH
fifwc-eng-arg-2026-07-15,England,Argentina,2026-07-16T03:00:00+08:00,3.65,False,spread,Argentina (-1.5),YES,0.139707,0.090199,0.12,0.1175,0.0025,0.00528,47992.61,152569.71,A,0.014427,-0.050081,0.024,0.0,LIMIT_WATCH
fifwc-eng-arg-2026-07-15,England,Argentina,2026-07-16T03:00:00+08:00,3.65,False,spread,England (-2.5),YES,0.053152,0.029812,0.04,0.0375,0.0025,0.00192,1362.23,341347.39,C,0.011232,-0.027108,0.0,0.0,PASS
fifwc-eng-arg-2026-07-15,England,Argentina,2026-07-16T03:00:00+08:00,3.65,False,spread,Argentina (-2.5),YES,0.043856,0.024089,0.029,0.028,0.001,0.001408,1222.26,117925.59,C,0.013448,-0.021319,0.0,0.0,PASS
fifwc-eng-arg-2026-07-15,England,Argentina,2026-07-16T03:00:00+08:00,3.65,False,spread,England (-3.5),YES,0.014149,0.006273,0.009,0.008,0.001,0.000446,469.18,191672.01,D,0.004703,-0.018173,0.0,0.0,PASS
fifwc-eng-arg-2026-07-15,England,Argentina,2026-07-16T03:00:00+08:00,3.65,False,spread,Argentina (-3.5),YES,0.01106,0.004816,0.006,0.005,0.001,0.000298,99.69,44880.06,D,0.004762,-0.016482,0.0,0.0,PASS
fifwc-eng-arg-2026-07-15,England,Argentina,2026-07-16T03:00:00+08:00,3.65,False,spread,England (-4.5),YES,0.003131,0.001087,0.003,0.002,0.001,0.00015,73.48,31718.23,D,-1.8e-05,-0.017062,0.0,0.0,PASS
fifwc-eng-arg-2026-07-15,England,Argentina,2026-07-16T03:00:00+08:00,3.65,False,spread,Argentina (-4.5),YES,0.002316,0.000786,0.003,0.001,0.002,0.00015,59.32,8003.07,D,-0.000833,-0.017364,0.0,0.0,PASS
fifwc-eng-arg-2026-07-15,England,Argentina,2026-07-16T03:00:00+08:00,3.65,False,spread,England (-5.5),NO,0.999409,0.998206,0.999,0.998,0.001,5e-05,9668.52,25696.41,A,0.000359,-0.015844,0.9299,0.0,LIMIT_WATCH
fifwc-eng-arg-2026-07-15,England,Argentina,2026-07-16T03:00:00+08:00,3.65,False,spread,Argentina (-5.5),NO,0.999587,0.998713,0.999,0.997,0.002,5e-05,5.0,12490.38,D,0.000537,-0.015337,0.9304,0.0,LIMIT_WATCH
fifwc-eng-arg-2026-07-15,England,Argentina,2026-07-16T03:00:00+08:00,3.65,False,totals,Total over 0.5,NO,0.11608,0.082788,0.11,0.1075,0.0025,0.004895,10087.51,294917.6,A,0.001185,-0.047107,0.0169,0.0,LIMIT_WATCH
fifwc-eng-arg-2026-07-15,England,Argentina,2026-07-16T03:00:00+08:00,3.65,False,totals,Total over 1.5,YES,0.698115,0.598844,0.675,0.6725,0.0025,0.010969,371548.59,758339.29,A,0.012146,-0.102124,0.5213,0.0,LIMIT_WATCH
fifwc-eng-arg-2026-07-15,England,Argentina,2026-07-16T03:00:00+08:00,3.65,False,totals,Total over 2.5,YES,0.414615,0.308039,0.395,0.3925,0.0025,0.011949,533328.97,2728607.0,A,0.007666,-0.11391,0.234,0.0,LIMIT_WATCH
fifwc-eng-arg-2026-07-15,England,Argentina,2026-07-16T03:00:00+08:00,3.65,False,totals,Total over 3.5,NO,0.791115,0.705462,0.7875,0.785,0.0025,0.008367,82258.74,426338.93,A,-0.004752,-0.105406,0.6287,0.0,PASS
fifwc-eng-arg-2026-07-15,England,Argentina,2026-07-16T03:00:00+08:00,3.65,False,totals,Total over 4.5,YES,0.088523,0.04765,0.095,0.0925,0.0025,0.004299,2355.37,98562.56,C,-0.010776,-0.066648,0.0,0.0,PASS
fifwc-eng-arg-2026-07-15,England,Argentina,2026-07-16T03:00:00+08:00,3.65,False,totals,Total over 5.5,NO,0.96781,0.940117,0.962,0.961,0.001,0.001828,72665.54,112823.23,A,0.003983,-0.03871,0.8694,0.0,LIMIT_WATCH
fifwc-eng-arg-2026-07-15,England,Argentina,2026-07-16T03:00:00+08:00,3.65,False,totals,Total over 6.5,NO,0.989782,0.978007,0.987,0.986,0.001,0.000642,28246.38,54525.94,A,0.002141,-0.024635,0.9088,0.0,LIMIT_WATCH
fifwc-eng-arg-2026-07-15,England,Argentina,2026-07-16T03:00:00+08:00,3.65,False,totals,Total over 7.5,NO,0.997128,0.992827,0.996,0.995,0.001,0.000199,70921.18,30731.41,A,0.000928,-0.018372,0.9243,0.0,LIMIT_WATCH
fifwc-eng-arg-2026-07-15,England,Argentina,2026-07-16T03:00:00+08:00,3.65,False,totals,Total over 8.5,NO,0.999276,0.9979,0.999,0.998,0.001,5e-05,104765.98,46962.9,A,0.000226,-0.01615,0.9296,0.0,LIMIT_WATCH
fifwc-eng-arg-2026-07-15,England,Argentina,2026-07-16T03:00:00+08:00,3.65,False,btts,Both teams to score,NO,0.504927,0.430888,0.48,0.47,0.01,0.01248,193624.06,3115472.95,A,0.012447,-0.076592,0.3544,0.0,LIMIT_WATCH
fifwc-eng-arg-2026-07-15,England,Argentina,2026-07-16T03:00:00+08:00,3.65,False,btts,Both teams to score first half,NO,0.865847,0.830617,0.82,0.81,0.01,0.00738,95107.36,75339.6,A,0.038467,-0.011763,0.7564,0.0,LIMIT_WATCH
fifwc-eng-arg-2026-07-15,England,Argentina,2026-07-16T03:00:00+08:00,3.65,False,half_total,First half over 0.5,NO,0.401437,0.343571,0.38,0.37,0.01,0.01178,227703.06,36557.68,A,0.009657,-0.088209,0.2443,0.0,LIMIT_WATCH
fifwc-eng-arg-2026-07-15,England,Argentina,2026-07-16T03:00:00+08:00,3.65,False,half_total,First half over 1.5,NO,0.76783,0.710629,0.75,0.74,0.01,0.009375,51749.47,66614.1,A,0.008455,-0.088746,0.6087,0.0,LIMIT_WATCH
fifwc-eng-arg-2026-07-15,England,Argentina,2026-07-16T03:00:00+08:00,3.65,False,half_total,First half over 2.5,NO,0.935035,0.906705,0.93,0.92,0.01,0.003255,57465.39,11089.14,A,0.00178,-0.06655,0.8089,0.0,LIMIT_WATCH
fifwc-eng-arg-2026-07-15,England,Argentina,2026-07-16T03:00:00+08:00,3.65,False,team_total,England over 0.5,NO,0.301155,0.228041,0.29,0.28,0.01,0.010295,20457.15,53931.02,A,0.00086,-0.087254,0.1564,0.0,LIMIT_WATCH
fifwc-eng-arg-2026-07-15,England,Argentina,2026-07-16T03:00:00+08:00,3.65,False,team_total,England over 1.5,YES,0.338799,0.238963,0.34,0.33,0.01,0.01122,143312.93,120432.93,A,-0.012421,-0.127257,0.167,0.0,PASS
fifwc-eng-arg-2026-07-15,England,Argentina,2026-07-16T03:00:00+08:00,3.65,False,team_total,England over 2.5,YES,0.121365,0.068032,0.12,0.11,0.01,0.00528,3376.36,11536.75,B,-0.003915,-0.072248,0.0028,0.0,PASS
fifwc-eng-arg-2026-07-15,England,Argentina,2026-07-16T03:00:00+08:00,3.65,False,team_total,Argentina over 0.5,NO,0.319852,0.242916,0.31,0.3,0.01,0.010695,19308.62,42452.91,A,-0.000843,-0.092779,0.1708,0.0,PASS
fifwc-eng-arg-2026-07-15,England,Argentina,2026-07-16T03:00:00+08:00,3.65,False,team_total,Argentina over 1.5,YES,0.314257,0.216655,0.31,0.3,0.01,0.010695,29155.0,147784.73,A,-0.006438,-0.11904,0.1454,0.0,PASS
fifwc-eng-arg-2026-07-15,England,Argentina,2026-07-16T03:00:00+08:00,3.65,False,team_total,Argentina over 2.5,YES,0.107007,0.057937,0.1,0.09,0.01,0.0045,2717.84,19759.91,B,0.002507,-0.061563,0.0,0.0,PASS
fifwc-eng-arg-2026-07-15,England,Argentina,2026-07-16T03:00:00+08:00,3.65,False,half_team,England first half over 0.5,NO,0.625573,0.556127,0.6,0.59,0.01,0.012,572.27,25918.15,C,0.013573,-0.095873,0.4537,0.0,LIMIT_WATCH
fifwc-eng-arg-2026-07-15,England,Argentina,2026-07-16T03:00:00+08:00,3.65,False,half_team,England first half over 1.5,NO,0.919021,0.88244,0.92,0.91,0.01,0.00368,169.4,10273.7,D,-0.004659,-0.08124,0.7839,0.0,PASS
fifwc-eng-arg-2026-07-15,England,Argentina,2026-07-16T03:00:00+08:00,3.65,False,half_team,Argentina first half over 0.5,NO,0.641711,0.572096,0.63,0.62,0.01,0.011655,3737.81,1991.91,B,5.6e-05,-0.109559,0.4696,0.0,LIMIT_WATCH
fifwc-eng-arg-2026-07-15,England,Argentina,2026-07-16T03:00:00+08:00,3.65,False,half_team,Argentina first half over 1.5,NO,0.926385,0.891582,0.93,0.91,0.02,0.003255,1020.06,5628.33,C,-0.00687,-0.081673,0.7933,0.0,PASS
fifwc-eng-arg-2026-07-15,England,Argentina,2026-07-16T03:00:00+08:00,3.65,False,btts,Both teams to score second half,YES,0.260122,0.197864,0.25,0.24,0.01,0.009375,90336.01,42326.09,A,0.000747,-0.076511,0.1273,0.0,LIMIT_WATCH
fifwc-eng-arg-2026-07-15,England,Argentina,2026-07-16T03:00:00+08:00,3.65,False,half_total,Second half over 0.5,YES,0.760107,0.694383,0.74,0.73,0.01,0.00962,14.79,950.97,D,0.010487,-0.095237,0.5923,0.0,LIMIT_WATCH
fifwc-eng-arg-2026-07-15,England,Argentina,2026-07-16T03:00:00+08:00,3.65,False,half_total,Second half over 1.5,YES,0.417645,0.332098,0.39,0.38,0.01,0.011895,73892.54,5153.96,A,0.01575,-0.109797,0.2331,0.0,LIMIT_WATCH
fifwc-eng-arg-2026-07-15,England,Argentina,2026-07-16T03:00:00+08:00,3.65,False,half_total,Second half over 2.5,YES,0.173202,0.117367,0.16,0.15,0.01,0.00672,783.05,72.75,C,0.006482,-0.089353,0.026,0.0,LIMIT_WATCH
fifwc-eng-arg-2026-07-15,England,Argentina,2026-07-16T03:00:00+08:00,3.65,False,half_team,England second half over 0.5,NO,0.480128,0.399417,0.49,0.47,0.02,0.012495,263.25,865.96,D,-0.022367,-0.143078,0.2989,0.0,PASS
fifwc-eng-arg-2026-07-15,England,Argentina,2026-07-16T03:00:00+08:00,3.65,False,half_team,England second half over 1.5,YES,0.167601,0.112559,0.18,0.15,0.03,0.00738,369.81,669.26,D,-0.019779,-0.114821,0.0215,0.0,PASS
fifwc-eng-arg-2026-07-15,England,Argentina,2026-07-16T03:00:00+08:00,3.65,False,half_team,Argentina second half over 0.5,YES,0.500357,0.414609,0.5,0.49,0.01,0.0125,2.5,1493.79,D,-0.012143,-0.137891,0.3138,0.0,PASS
fifwc-eng-arg-2026-07-15,England,Argentina,2026-07-16T03:00:00+08:00,3.65,False,half_team,Argentina second half over 1.5,YES,0.153674,0.101147,0.16,0.13,0.03,0.00672,95.46,335.38,D,-0.013046,-0.105573,0.0106,0.0,PASS
fifwc-eng-arg-2026-07-15,England,Argentina,2026-07-16T03:00:00+08:00,3.65,False,advance,England to advance,NO,0.474968,0.39091,0.4625,0.46,0.0025,0.01243,863082.04,7296095.63,A,3.8e-05,-0.124019,0.2906,0.0,LIMIT_WATCH
fifwc-eng-arg-2026-07-15,England,Argentina,2026-07-16T03:00:00+08:00,3.65,False,extra_time,Match goes to extra time,NO,0.67987,0.648512,0.67,0.66,0.01,0.011055,11980.6,17606.53,A,-0.001185,-0.072543,0.5461,0.0,PASS
fifwc-eng-arg-2026-07-15,England,Argentina,2026-07-16T03:00:00+08:00,3.65,False,extra_time,Match goes to penalties,YES,0.185676,0.167438,0.19,0.18,0.01,0.007695,134.0,36921.96,D,-0.012019,-0.070257,0.074,0.0,PASS
fifwc-eng-arg-2026-07-15,England,Argentina,2026-07-16T03:00:00+08:00,3.65,False,exact_score,England 0-0 Argentina,YES,0.11608,0.082788,0.12,0.11,0.01,0.00528,235096.86,623263.58,A,-0.0092,-0.057492,0.0169,0.0,PASS
fifwc-eng-arg-2026-07-15,England,Argentina,2026-07-16T03:00:00+08:00,3.65,False,exact_score,England 0-1 Argentina,NO,0.90921,0.88166,0.9,0.89,0.01,0.0045,109841.5,72192.96,A,0.00471,-0.03784,0.8089,0.0,LIMIT_WATCH
fifwc-eng-arg-2026-07-15,England,Argentina,2026-07-16T03:00:00+08:00,3.65,False,exact_score,England 1-0 Argentina,NO,0.904985,0.876517,0.9,0.89,0.01,0.0045,184864.38,216692.96,A,0.000485,-0.042983,0.8036,0.0,LIMIT_WATCH
fifwc-eng-arg-2026-07-15,England,Argentina,2026-07-16T03:00:00+08:00,3.65,False,exact_score,England 0-2 Argentina,YES,0.06218,0.043508,0.06,0.05,0.01,0.00282,116836.79,174634.56,A,-0.00064,-0.034312,0.0,0.0,PASS
fifwc-eng-arg-2026-07-15,England,Argentina,2026-07-16T03:00:00+08:00,3.65,False,exact_score,England 1-1 Argentina,NO,0.848478,0.84393,0.84,0.83,0.01,0.00672,229809.22,230504.08,A,0.001758,-0.01779,0.77,0.0,LIMIT_WATCH
fifwc-eng-arg-2026-07-15,England,Argentina,2026-07-16T03:00:00+08:00,3.65,False,exact_score,England 2-0 Argentina,YES,0.069798,0.049847,0.07,0.06,0.01,0.003255,104451.09,224440.91,A,-0.003457,-0.038408,0.0,0.0,PASS
fifwc-eng-arg-2026-07-15,England,Argentina,2026-07-16T03:00:00+08:00,3.65,False,exact_score,England 0-3 Argentina,YES,0.023552,0.013764,0.015,0.014,0.001,0.000739,4991.72,637491.67,B,0.007813,-0.016974,0.0,0.0,PASS
fifwc-eng-arg-2026-07-15,England,Argentina,2026-07-16T03:00:00+08:00,3.65,False,exact_score,England 1-2 Argentina,NO,0.925142,0.912969,0.93,0.92,0.01,0.003255,1297713.2,863544.57,A,-0.008113,-0.035286,0.8412,0.0,PASS
fifwc-eng-arg-2026-07-15,England,Argentina,2026-07-16T03:00:00+08:00,3.65,False,exact_score,England 2-1 Argentina,NO,0.920689,0.908981,0.92,0.91,0.01,0.00368,840756.92,1269638.82,A,-0.002991,-0.029699,0.8371,0.0,PASS
fifwc-eng-arg-2026-07-15,England,Argentina,2026-07-16T03:00:00+08:00,3.65,False,exact_score,England 3-0 Argentina,YES,0.02801,0.016893,0.02,0.019,0.001,0.00098,7076.87,986049.91,B,0.00703,-0.019087,0.0,0.0,PASS
fifwc-eng-arg-2026-07-15,England,Argentina,2026-07-16T03:00:00+08:00,3.65,False,exact_score,England 1-3 Argentina,NO,0.971646,0.958255,0.97,0.969,0.001,0.001455,139631.07,846448.71,A,0.000191,-0.0282,0.8882,0.0,LIMIT_WATCH
fifwc-eng-arg-2026-07-15,England,Argentina,2026-07-16T03:00:00+08:00,3.65,False,exact_score,England 2-2 Argentina,NO,0.95494,0.944481,0.95,0.94,0.01,0.002375,151013.79,703574.82,A,0.002565,-0.022894,0.8739,0.0,LIMIT_WATCH
fifwc-eng-arg-2026-07-15,England,Argentina,2026-07-16T03:00:00+08:00,3.65,False,exact_score,England 3-1 Argentina,NO,0.968173,0.953942,0.962,0.961,0.001,0.001828,213533.38,966118.59,A,0.004345,-0.024886,0.8838,0.0,LIMIT_WATCH
fifwc-eng-arg-2026-07-15,England,Argentina,2026-07-16T03:00:00+08:00,3.65,False,exact_score,England 2-3 Argentina,NO,0.982933,0.974863,0.98,0.979,0.001,0.00098,78840.55,1836567.19,A,0.001953,-0.021117,0.9055,0.0,LIMIT_WATCH
fifwc-eng-arg-2026-07-15,England,Argentina,2026-07-16T03:00:00+08:00,3.65,False,exact_score,England 3-2 Argentina,NO,0.981918,0.973368,0.979,0.978,0.001,0.001028,104225.68,1968995.43,A,0.00189,-0.02166,0.904,0.0,LIMIT_WATCH
fifwc-eng-arg-2026-07-15,England,Argentina,2026-07-16T03:00:00+08:00,3.65,False,exact_score,England 3-3 Argentina,NO,0.993151,0.988576,0.99,0.989,0.001,0.000495,168061.58,2423237.96,A,0.002656,-0.016919,0.9198,0.0,LIMIT_WATCH
fifwc-eng-arg-2026-07-15,England,Argentina,2026-07-16T03:00:00+08:00,3.65,False,exact_score,Any Other Score,YES,0.061645,0.035643,0.051,0.05,0.001,0.00242,41565.14,118861.61,A,0.008225,-0.032777,0.0,0.0,PASS
fifwc-eng-arg-2026-07-15,England,Argentina,2026-07-16T03:00:00+08:00,3.65,False,first_score,England to score first,NO,0.545706,0.478206,0.54,0.53,0.01,0.01242,25097.12,31767.21,A,-0.006714,-0.114214,0.3764,0.0,PASS
fifwc-eng-arg-2026-07-15,England,Argentina,2026-07-16T03:00:00+08:00,3.65,False,first_score,Argentina to score first,YES,0.429626,0.361774,0.43,0.42,0.01,0.012255,18731.32,36166.16,A,-0.012629,-0.120481,0.2621,0.0,PASS
fifwc-eng-arg-2026-07-15,England,Argentina,2026-07-16T03:00:00+08:00,3.65,False,first_score,Neither team to score first,YES,0.11608,0.082788,0.11,0.1,0.01,0.004895,6377.92,57321.46,B,0.001185,-0.072107,0.0,0.0,PASS
