group,contract,side,central_probability,spec_p10,confidence_class,external_benchmark_probability,external_benchmark_source,ask,bid,spread,fee,central_net_edge,robust_edge,required_edge,maker_robust_edge,maker_decision,maker_queue_depth_at_price_usd,maker_recommended_amount_10k,max_entry,depth_1c_usd,market_volume,decision,recommended_amount_10k
main_90m,England win,NO,0.650574,0.647738,standard,,,0.6425,0.64,0.0025,0.011485,-0.00341,-0.011247,0.02,0.002738,PASS,97721.47,0.0,0.6108,771694.28,3579170.37,PASS,0.0
main_90m,Draw,NO,0.676423,0.672928,standard,,,0.6675,0.665,0.0025,0.011097,-0.002174,-0.010669,0.02,0.002928,PASS,596146.96,0.0,0.6363,1750548.39,867871.74,PASS,0.0
main_90m,Argentina win,YES,0.326998,0.320666,standard,,,0.315,0.3125,0.0025,0.010789,0.001209,-0.010123,0.02,0.003166,PASS,13641.42,0.0,0.2854,1100860.59,2392183.22,PASS,0.0
spread,England (-1.5),NO,0.870124,0.868922,standard,,,0.8475,0.845,0.0025,0.006462,0.016162,0.00996,0.02,0.018922,PASS,44767.82,0.0,0.8371,1049071.25,1176169.53,WATCH,0.0
spread,Argentina (-1.5),YES,0.138198,0.135699,standard,,,0.1225,0.12,0.0025,0.005375,0.010324,0.002825,0.02,0.010699,PASS,71.99,0.0,0.1059,65185.33,232301.87,WATCH,0.0
spread,England (-2.5),YES,0.040809,0.040004,standard,,,0.04,0.0375,0.0025,0.00192,-0.001111,-0.006916,0.02,-0.002496,PASS,284.11,0.0,0.0142,1269.34,346265.5,PASS,0.0
spread,Argentina (-2.5),YES,0.04965,0.048567,standard,,,0.029,0.028,0.001,0.001408,0.019242,0.013159,0.02,0.015567,PASS,182.52,0.0,0.0224,1111.49,143587.16,WATCH,0.0
spread,England (-3.5),YES,0.009702,0.009293,standard,,,0.01,0.009,0.001,0.000495,-0.000793,-0.006202,0.02,-0.004707,PASS,76.11,0.0,0.0,518.45,193647.36,PASS,0.0
spread,Argentina (-3.5),YES,0.013624,0.013019,standard,,,0.006,0.005,0.001,0.000298,0.007326,0.00172,0.02,0.003019,PASS,11.03,0.0,0.0,98.61,45050.66,PASS,0.0
spread,England (-4.5),NO,0.998061,0.997905,standard,,,0.998,0.997,0.001,0.0001,-3.9e-05,-0.005195,0.02,-0.004095,PASS,354.02,0.0,0.9715,36042.95,32718.23,PASS,0.0
spread,Argentina (-4.5),YES,0.003153,0.002898,standard,,,0.004,0.001,0.003,0.000199,-0.001046,-0.006301,0.02,-0.003102,PASS,0.55,0.0,0.0,57.34,9003.07,PASS,0.0
spread,Argentina (-5.5),NO,0.999368,0.999285,standard,,,0.999,0.997,0.002,5e-05,0.000318,-0.004765,0.02,-0.002715,PASS,3179.17,0.0,0.9729,5.0,13490.38,PASS,0.0
totals,Total over 0.5,NO,0.117778,0.111525,standard,,,0.11,0.1075,0.0025,0.004895,0.002883,-0.00837,0.02,-0.000975,PASS,18.81,0.0,0.0827,11055.34,303987.99,PASS,0.0
totals,Total over 1.5,NO,0.343935,0.336239,standard,,,0.3275,0.325,0.0025,0.011012,0.005422,-0.007273,0.02,0.006239,PASS,128591.03,0.0,0.3007,179814.59,768340.21,PASS,0.0
totals,Total over 2.5,YES,0.4042,0.398907,standard,,,0.395,0.3925,0.0025,0.011949,-0.002748,-0.013042,0.02,0.001407,PASS,137412.73,0.0,0.3623,516585.57,2775822.45,PASS,0.0
totals,Total over 3.5,NO,0.790653,0.786051,standard,,,0.7875,0.785,0.0025,0.008367,-0.005214,-0.014816,0.02,-0.003949,PASS,215264.97,0.0,0.7517,79924.16,439251.05,PASS,0.0
totals,Total over 4.5,NO,0.916424,0.911445,standard,,,0.9025,0.9,0.0025,0.0044,0.009524,-0.000455,0.02,0.006445,PASS,29089.25,0.0,0.8812,65533.94,120962.4,PASS,0.0
totals,Total over 5.5,NO,0.967669,0.964266,standard,,,0.962,0.961,0.001,0.001828,0.003841,-0.004562,0.02,-0.001734,PASS,4430.43,0.0,0.9362,90194.84,160233.59,PASS,0.0
totals,Total over 6.5,NO,0.990041,0.988373,standard,,,0.988,0.986,0.002,0.000593,0.001448,-0.00522,0.02,-0.002627,PASS,2613.25,0.0,0.9615,30997.09,55757.6,PASS,0.0
totals,Total over 7.5,NO,0.996922,0.996203,standard,,,0.996,0.995,0.001,0.000199,0.000723,-0.004996,0.02,-0.003797,PASS,683.26,0.0,0.9697,68705.04,31160.73,PASS,0.0
totals,Total over 8.5,NO,0.999222,0.99898,standard,,,0.999,0.998,0.001,5e-05,0.000172,-0.00507,0.02,-0.00402,PASS,1222.44,0.0,0.9726,104044.31,49789.92,PASS,0.0
btts,Both teams to score,NO,0.502274,0.501657,standard,0.5,"Betfair matchday odds 10/11 both sides, captured 2026-07-15",0.48,0.47,0.01,0.01248,0.009794,0.004177,0.02,0.026657,MAKER_VALUE,39899.74,20.0,0.4642,210688.2,3228436.7,PASS,0.0
btts,Both teams to score first half,NO,0.81966,0.819555,low,0.813953,"Betfair matchday odds Yes 4/1, No 1/7; normalized for overround, captured 2026-07-15",0.82,0.81,0.01,0.00738,-0.00772,-0.017825,0.04,-0.000445,PASS,9788.38,0.0,0.7604,90985.28,86660.27,PASS,0.0
half_total,First half over 0.5,NO,0.410694,0.408843,low,,,0.38,0.37,0.01,0.01178,0.018914,0.007063,0.04,0.028843,PASS,41789.91,0.0,0.3475,198332.29,36619.81,WATCH,0.0
half_total,First half over 1.5,NO,0.776173,0.774522,low,,,0.75,0.74,0.01,0.009375,0.016798,0.005147,0.04,0.024522,PASS,36722.0,0.0,0.7143,209030.49,66855.83,WATCH,0.0
half_total,First half over 2.5,NO,0.938795,0.938058,low,,,0.93,0.92,0.01,0.003255,0.00554,-0.005197,0.04,0.008058,PASS,44196.25,0.0,0.8828,50919.79,13234.15,PASS,0.0
team_total,England over 0.5,NO,0.315229,0.308545,standard,,,0.29,0.28,0.01,0.010295,0.014934,0.00325,0.02,0.023545,MAKER_VALUE,26076.73,20.0,0.2736,21130.96,54905.43,WATCH,0.0
team_total,England over 1.5,NO,0.68237,0.678922,standard,,,0.67,0.66,0.01,0.011055,0.001315,-0.007133,0.02,0.013922,PASS,62622.65,0.0,0.6424,29160.35,130537.47,PASS,0.0
team_total,England over 2.5,NO,0.895042,0.891035,standard,,,0.89,0.88,0.01,0.004895,0.000147,-0.00886,0.02,0.006035,PASS,127.36,0.0,0.86,127322.55,11579.08,PASS,0.0
team_total,Argentina over 0.5,NO,0.325292,0.318825,standard,,,0.31,0.3,0.01,0.010695,0.004597,-0.00687,0.02,0.013825,PASS,33907.29,0.0,0.2836,15285.58,43504.57,PASS,0.0
team_total,Argentina over 1.5,YES,0.314149,0.311265,standard,,,0.31,0.3,0.01,0.010695,-0.006546,-0.01443,0.02,0.006265,PASS,2482.31,0.0,0.2762,26555.47,150311.04,PASS,0.0
team_total,Argentina over 2.5,YES,0.11106,0.10709,standard,,,0.1,0.09,0.01,0.0045,0.00656,-0.00241,0.02,0.01209,PASS,2750.46,0.0,0.0784,4555.15,19947.31,PASS,0.0
half_team,England first half over 0.5,NO,0.640884,0.638721,low,,,0.6,0.59,0.01,0.012,0.028884,0.016721,0.04,0.038721,PASS,54621.84,0.0,0.5765,572.27,25918.15,WATCH,0.0
half_team,England first half over 1.5,NO,0.926018,0.925052,low,,,0.93,0.91,0.02,0.003255,-0.007237,-0.018203,0.04,0.005052,PASS,198.63,0.0,0.8693,2740.64,10400.92,PASS,0.0
half_team,Argentina first half over 0.5,NO,0.640824,0.63886,low,,,0.63,0.62,0.01,0.011655,-0.000831,-0.012795,0.04,0.00886,PASS,4026.45,0.0,0.5766,4377.81,2023.49,PASS,0.0
half_team,Argentina first half over 1.5,NO,0.925991,0.925114,low,,,0.93,0.91,0.02,0.003255,-0.007264,-0.018141,0.04,0.005114,PASS,409.96,0.0,0.8694,998.79,5999.75,PASS,0.0
btts,Both teams to score second half,YES,0.251403,0.24955,low,,,0.25,0.24,0.01,0.009375,-0.007972,-0.019825,0.04,-0.00045,PASS,2740.56,0.0,0.1917,88806.59,47117.83,PASS,0.0
half_total,Second half over 0.5,YES,0.751399,0.74955,low,,,0.75,0.74,0.01,0.009375,-0.007976,-0.019825,0.04,-0.00045,PASS,8.35,0.0,0.6888,413.77,970.96,PASS,0.0
half_total,Second half over 1.5,YES,0.40537,0.402803,low,,,0.39,0.38,0.01,0.011895,0.003475,-0.009092,0.04,0.012803,PASS,63.53,0.0,0.3415,207981.55,5393.96,PASS,0.0
half_total,Second half over 2.5,YES,0.16455,0.162768,low,,,0.16,0.15,0.01,0.00672,-0.00217,-0.013952,0.04,0.002768,PASS,2.4,0.0,0.1079,534.87,91.5,PASS,0.0
half_team,England second half over 0.5,NO,0.498636,0.496006,low,,,0.49,0.47,0.02,0.012495,-0.003859,-0.016489,0.04,0.016006,PASS,21064.29,0.0,0.4337,259.59,883.21,PASS,0.0
half_team,England second half over 1.5,NO,0.845626,0.843789,low,,,0.85,0.82,0.03,0.006375,-0.010749,-0.022586,0.04,0.013789,PASS,499.15,0.0,0.7853,301.82,669.26,PASS,0.0
half_team,Argentina second half over 0.5,NO,0.498562,0.496175,low,,,0.5,0.48,0.02,0.0125,-0.013938,-0.026325,0.04,0.006175,PASS,1174.2,0.0,0.4338,31.43,1504.25,PASS,0.0
half_team,Argentina second half over 1.5,NO,0.845575,0.843907,low,,,0.86,0.83,0.03,0.00602,-0.020445,-0.032113,0.04,0.003907,PASS,336.46,0.0,0.7854,528.34,341.26,PASS,0.0
advance,England to advance,NO,0.479079,0.47439,low,,,0.4625,0.46,0.0025,0.01243,0.004149,-0.01054,0.04,0.00439,PASS,274098.48,0.0,0.4122,820509.12,7541137.8,PASS,0.0
extra_time,Match goes to extra time,NO,0.676423,0.672928,low,,,0.67,0.66,0.01,0.011055,-0.004632,-0.018127,0.04,0.002928,PASS,4449.15,0.0,0.611,65957.82,31334.67,PASS,0.0
extra_time,Match goes to penalties,NO,0.812326,0.810298,low,,,0.82,0.8,0.02,0.00738,-0.015054,-0.027082,0.04,0.000298,PASS,274.47,0.0,0.7509,2357.15,37737.28,PASS,0.0
exact_score,England 0-0 Argentina,YES,0.117778,0.111525,medium,,,0.12,0.11,0.01,0.00528,-0.007502,-0.021255,0.03,-0.005975,PASS,62950.01,0.0,0.0707,232776.24,628511.22,PASS,0.0
exact_score,England 0-1 Argentina,NO,0.895094,0.893069,medium,,,0.9,0.89,0.01,0.0045,-0.009406,-0.018931,0.03,-0.004431,PASS,1018231.41,0.0,0.8491,109063.82,77112.44,PASS,0.0
exact_score,England 1-0 Argentina,YES,0.121251,0.120094,medium,,,0.11,0.1,0.01,0.004895,0.006356,-0.002301,0.03,0.012594,PASS,9685.67,0.0,0.0789,115771.43,223887.23,PASS,0.0
exact_score,England 0-2 Argentina,YES,0.055889,0.054566,medium,,,0.06,0.05,0.01,0.00282,-0.006931,-0.015754,0.03,-0.002934,PASS,2590.44,0.0,0.0162,115284.93,195855.57,PASS,0.0
exact_score,England 1-1 Argentina,NO,0.860241,0.854146,medium,,,0.84,0.83,0.01,0.00672,0.013521,-7.4e-05,0.03,0.016646,PASS,941960.47,0.0,0.8089,229314.06,245654.34,WATCH,0.0
exact_score,England 2-0 Argentina,NO,0.943784,0.9427,medium,,,0.94,0.93,0.01,0.00282,0.000964,-0.00762,0.03,0.0052,PASS,556600.81,0.0,0.9007,273969.91,246908.67,PASS,0.0
exact_score,England 0-3 Argentina,YES,0.026132,0.025312,medium,,,0.015,0.014,0.001,0.000739,0.010394,0.002073,0.03,0.003812,PASS,29.53,0.0,0.0,4946.64,660543.79,WATCH,0.0
exact_score,England 1-2 Argentina,NO,0.9327,0.93055,medium,,,0.93,0.92,0.01,0.003255,-0.000555,-0.010205,0.03,0.00305,PASS,1316376.68,0.0,0.888,1295703.05,942238.69,PASS,0.0
exact_score,England 2-1 Argentina,NO,0.921144,0.918705,medium,,,0.92,0.91,0.01,0.00368,-0.002536,-0.012475,0.03,0.001205,PASS,1401112.98,0.0,0.8757,839146.65,1311098.74,PASS,0.0
exact_score,England 3-0 Argentina,YES,0.022565,0.021878,medium,,,0.02,0.019,0.001,0.00098,0.001585,-0.006602,0.03,-0.004622,PASS,32.03,0.0,0.0,6375.61,1024071.12,PASS,0.0
exact_score,England 1-3 Argentina,NO,0.9725,0.972052,medium,,,0.969,0.968,0.001,0.001502,0.001998,-0.00595,0.03,-0.003448,PASS,44016.68,0.0,0.9313,135879.67,882803.26,PASS,0.0
exact_score,England 2-2 Argentina,YES,0.056664,0.055193,medium,,,0.05,0.04,0.01,0.002375,0.004289,-0.004682,0.03,0.007693,PASS,2860.83,0.0,0.0168,61960.6,819736.42,PASS,0.0
exact_score,England 3-1 Argentina,NO,0.972339,0.971916,medium,,,0.96,0.959,0.001,0.00192,0.010419,0.002496,0.03,0.005416,PASS,146379.32,0.0,0.9312,205503.66,1051832.29,WATCH,0.0
exact_score,England 2-3 Argentina,NO,0.985271,0.984621,medium,,,0.98,0.978,0.002,0.00098,0.004291,-0.003859,0.03,-0.000879,PASS,494301.3,0.0,0.9445,76321.65,2055331.59,PASS,0.0
exact_score,England 3-2 Argentina,NO,0.982742,0.981987,medium,,,0.979,0.978,0.001,0.001028,0.002714,-0.005541,0.03,-0.003513,PASS,5124.64,0.0,0.9417,102197.12,2087651.96,PASS,0.0
exact_score,England 3-3 Argentina,NO,0.991451,0.990884,medium,,,0.991,0.99,0.001,0.000446,5e-06,-0.008062,0.03,-0.006616,PASS,2582.14,0.0,0.951,170890.68,2718684.49,PASS,0.0
exact_score,Any Other Score,YES,0.056984,0.053527,medium,,,0.05,0.049,0.001,0.002375,0.004609,-0.006348,0.03,-0.002973,PASS,8.14,0.0,0.0152,41221.34,131299.14,PASS,0.0
first_score,England to score first,NO,0.558936,0.5551,low,,,0.54,0.53,0.01,0.01242,0.006516,-0.00732,0.04,0.0151,PASS,10567.56,0.0,0.4926,29492.41,32671.65,PASS,0.0
first_score,Argentina to score first,YES,0.441158,0.437692,low,,,0.43,0.42,0.01,0.012255,-0.001097,-0.014563,0.04,0.007692,PASS,5490.21,0.0,0.3759,20838.74,40859.75,PASS,0.0
first_score,Neither team to score first,YES,0.117778,0.111525,low,,,0.11,0.1,0.01,0.004895,0.002883,-0.01337,0.04,0.001525,PASS,6999.64,0.0,0.0587,6325.67,58240.1,PASS,0.0
