date,year,home,away,hg,ag,p_home,p_draw,p_away,p_over25,p_btts,predicted,actual,correct,brier_mc,log_loss,rps,brier_o25,brier_btts,p1_ok
2014-06-12,2014,Brazil,Croatia,3,1,0.652013726873742,0.1926559310933616,0.15533034203289647,0.6064959264993877,0.5066304535326335,H,H,1,0.1823382692258093,0.42768966378977125,0.0726109807201796,0.15484545586157533,0.24341350938141493,True
2014-06-13,2014,Chile,Australia,3,1,0.4675058530839745,0.2649963190569471,0.26749782785907833,0.3993692135518009,0.43475850153510326,H,H,1,0.4253281535228821,0.7603434103660486,0.17755255220457544,0.36075734162938217,0.3194979515868419,True
2014-06-13,2014,Mexico,Cameroon,1,0,0.42953789744573556,0.2651317252003531,0.30533037735391133,0.42781453814913956,0.47165794734836897,H,H,1,0.48894848149342957,0.8450453052554505,0.209326824892857,0.18302527905176158,0.2224612192968768,True
2014-06-13,2014,Spain,Netherlands,1,5,0.37353005133204853,0.3285381080850911,0.29793184058286043,0.20630043428252468,0.2836933848893635,H,A,0,0.740361688179624,1.210890541514106,0.3162121998577465,0.629959000620109,0.5130951668512576,True
2014-06-14,2014,Colombia,Greece,3,0,0.4390836403654901,0.2863803556689306,0.2745360039655793,0.3188324392448479,0.37401043980680826,H,H,1,0.47201088809208264,0.8230653593039541,0.19499858998950972,0.4639892458251239,0.13988380908448214,True
2014-06-14,2014,England,Italy,1,2,0.3964109759105796,0.3237055076539135,0.27988351643550685,0.2132405250031757,0.28605776394670956,H,A,0,0.7804946674091469,1.2733817751005228,0.33785470586183447,0.6189904714972786,0.5097135164207722,True
2014-06-14,2014,Ivory Coast,Japan,2,1,0.3444140691922718,0.2382110331742755,0.41737489763345276,0.6112247472439272,0.6216622597351346,A,H,0,0.6607392141735263,1.0659106559497369,0.30199735892378526,0.1511461971555483,0.14313944570872478,True
2014-06-14,2014,Uruguay,Costa Rica,1,3,0.5023734057838183,0.26952235379233935,0.2281042404238423,0.33912572324570084,0.3630540938543321,H,A,0,0.9208444016842494,1.4779525596679997,0.42410105124524317,0.43675480967551805,0.405700087355726,True
2014-06-15,2014,Argentina,Bosnia and Herzegovina,2,1,0.39942941079753036,0.3039798631870312,0.29659072601543846,0.2709739205833547,0.3410782513790136,H,H,1,0.5410548485965727,0.9177182232615252,0.22432554568668323,0.5314790244696048,0.4341778708057384,True
2014-06-15,2014,France,Honduras,3,0,0.5930710344608902,0.21623566999663812,0.19069329554247172,0.517396837856478,0.4563829934884003,H,H,1,0.2487129809384735,0.5224410988601599,0.10097755797978926,0.23290581211092654,0.2082854367454332,True
2014-06-15,2014,Switzerland,Ecuador,2,1,0.38924158447991275,0.25699428847599215,0.35376412704409504,0.4915240913998367,0.5300325718509125,H,H,1,0.5642209640211597,0.9435550883349777,0.2490874498559391,0.25854774962676164,0.22086938352106775,True
2014-06-16,2014,Germany,Portugal,4,0,0.3025157625815963,0.2670571660831989,0.43042707133520475,0.4137791385075698,0.4583802642315003,A,H,0,0.7430712551417229,1.195621895161044,0.3358758625926668,0.3436548984489271,0.21011246663694003,True
2014-06-16,2014,Ghana,United States,1,2,0.4048220939023046,0.2955408443555885,0.2996370617421069,0.29912971323099985,0.3657710919578097,H,A,0,0.7417335636790898,1.2051833309106628,0.3271945864983378,0.4912191588756606,0.40224630779638915,True
2014-06-16,2014,Iran,Nigeria,0,0,0.3681718426934782,0.27912065737725456,0.35270749992926737,0.37542561828454757,0.43641132705139163,H,D,0,0.779620112878867,1.276111126928495,0.12997654312933266,0.14094439486433483,0.1904548463787567,True
2014-06-17,2014,Belgium,Algeria,2,1,0.396588169199683,0.267835604667397,0.33557622613292015,0.4272221068289678,0.4772632025715626,H,H,1,0.5484531522229533,0.9248568939019387,0.23835862054770157,0.3280745149054464,0.27325375938573915,True
2014-06-17,2014,Brazil,Mexico,0,0,0.6132634430005437,0.20795783959631642,0.17877871740313983,0.5813773293468861,0.5219479901429794,H,D,0,1.0353846641741273,1.5704199140745534,0.20402694015859643,0.3379995990785177,0.27242970441429576,True
2014-06-17,2014,Russia,South Korea,1,1,0.4906274493960853,0.2855201930516451,0.22385235755226965,0.2817637278538831,0.31535209243832113,H,D,0,0.801306566619576,1.2534425236599274,0.1454125860413087,0.0793907983341171,0.4687427573285852,True
2014-06-18,2014,Australia,Netherlands,2,3,0.26603154503977056,0.2922453126023893,0.4417231423578402,0.30353705863553754,0.3661168606158907,A,A,1,0.46785315547312,0.817071967915081,0.19122291636752592,0.48506062869403876,0.4018078343954542,True
2014-06-18,2014,Cameroon,Croatia,0,4,0.34832488723529165,0.26867553187024695,0.3829995808944614,0.42381061277573334,0.4752211473448194,A,A,1,0.574206285669649,0.9597213840724256,0.2510098721219445,0.331994209949876,0.22583513888372655,True
2014-06-18,2014,Spain,Chile,0,2,0.336552941919535,0.3048518677780551,0.3585951903024098,0.273706366505498,0.34862098583363654,A,A,1,0.6176026739056646,1.025561130331588,0.2623340063089479,0.074915175065642,0.12153659176361661,True
2014-06-19,2014,Colombia,Ivory Coast,2,1,0.44125378599358606,0.2503812638228764,0.30836495018353766,0.512072624191436,0.5397415385442784,H,H,1,0.46997705144173774,0.818135090616004,0.20364313708409842,0.2380731240634317,0.21183785134158795,True
2014-06-19,2014,Japan,Greece,0,0,0.440944320341187,0.26885919351593635,0.2901964861428767,0.4016695302580112,0.44818778970852347,H,D,0,0.8132127731169911,1.313567480603703,0.13932294710541207,0.16133841153769138,0.20087229484381164,True
2014-06-19,2014,Uruguay,England,2,1,0.34232476353101243,0.31447428774386893,0.34320094872511864,0.24716200465648863,0.3249564316425419,A,H,0,0.6492176855223738,1.0719953915374298,0.2751618039351801,0.5667650472328368,0.4556838191807701,True
2014-06-20,2014,Honduras,Ecuador,1,2,0.3297981919926093,0.23993894630801005,0.4302628616993807,0.5963011962006943,0.6086560003822447,A,A,1,0.49093795215597114,0.8433589507884693,0.21668362710028652,0.1629727241889903,0.15315012603682168,True
2014-06-20,2014,Italy,Costa Rica,0,1,0.41680227793484514,0.30201245239979807,0.28118526966535684,0.27005433730213474,0.33467670769725805,H,A,0,0.7816302768422819,1.268741504253566,0.34520937771887095,0.07292934509569517,0.11200849867507591,True
2014-06-20,2014,Switzerland,France,2,5,0.2273999253514507,0.25722436201887355,0.5153757126296759,0.3900799137788678,0.4025444918204505,A,A,1,0.3527357983750564,0.6628591052159352,0.14328571297951997,0.3720025115759934,0.35695308425408373,True
2014-06-21,2014,Argentina,Iran,1,0,0.4184295766129109,0.2960406962168639,0.2855297271702251,0.2926424824417768,0.35864242186234585,H,H,1,0.5073914762731068,0.8712466789284179,0.20987569122827063,0.08563962252968566,0.12862438675928886,True
2014-06-21,2014,Germany,Ghana,2,2,0.3713369707688565,0.2915494936940085,0.337113535537135,0.3113756428155186,0.3820199124135683,H,D,0,0.7534388015873534,1.2325454979163768,0.12576834085106886,0.4742035053077403,0.3818993886533337,True
2014-06-21,2014,Nigeria,Bosnia and Herzegovina,1,0,0.35679348861486004,0.2837375787895498,0.35946893259559015,0.35152248328330005,0.4161656267290809,A,H,0,0.623439543407011,1.0305981278406189,0.2714662648948276,0.12356805625365797,0.1731938288708087,True
2014-06-22,2014,Belgium,Russia,1,0,0.39520587720215183,0.2999539812789568,0.3048401415188913,0.28586492466338986,0.35707349043440423,H,H,1,0.5486758337371731,0.9283484417560686,0.22935172142603816,0.08171875515280556,0.12750147757100858,True
2014-06-22,2014,South Korea,Algeria,2,4,0.22883135786241576,0.24307651228692395,0.5280921298506602,0.4290412559026312,0.42016970626701305,A,A,1,0.33414701907561817,0.6384845221436746,0.13753041412502154,0.3259938874612447,0.33620316953048185,True
2014-06-22,2014,United States,Portugal,2,2,0.2859620019566075,0.25775952167087696,0.45627847637251556,0.4077569193338978,0.43561386038423,A,D,0,0.8408852422341002,1.3557282152702903,0.14498215728192754,0.35075186659687524,0.3185317145903914,True
2014-06-23,2014,Australia,Spain,0,3,0.26588885286767644,0.2706118029703223,0.4634993441620013,0.3611766757014068,0.3981276235762408,A,A,1,0.4317605837007402,0.7689503089459419,0.17926491789694585,0.4080952396679056,0.1585056046544649,True
2014-06-23,2014,Brazil,Cameroon,4,1,0.7194576251696374,0.16443962933880973,0.11610274549155285,0.6826031291765481,0.5391040947485956,H,H,1,0.1192242632832211,0.32925764921933,0.04609193579306798,0.10074077360851902,0.2124250354775116,True
2014-06-23,2014,Croatia,Mexico,1,3,0.3216538785083603,0.27958781051013293,0.3987583109815068,0.3685781197368154,0.4277855319721815,A,A,1,0.5431221299591314,0.9193997825134355,0.2324763930866408,0.3986935908750954,0.3274293974203593,True
2014-06-23,2014,Netherlands,Chile,2,0,0.31850769464098394,0.3177873829549354,0.3637049224040807,0.23555032428257394,0.31285032115491956,A,H,0,0.6977018536098516,1.144108645263363,0.29835651642225236,0.05548395526962574,0.09787532344673631,True
2014-06-24,2014,Costa Rica,England,0,0,0.2717972308774663,0.26253063499869955,0.4656721341238341,0.3436344524461611,0.3673031468450471,A,D,0,0.8345853355275263,1.3373874990029784,0.14536213560605243,0.11808463690797294,0.13491160168227423,True
2014-06-24,2014,Greece,Ivory Coast,2,1,0.3080097670214164,0.2975010225537345,0.394489210424849,0.2985695145312561,0.3687480357553141,A,H,0,0.722979078099893,1.1776237854028544,0.31723610983968764,0.49200472594491773,0.3984790423627742,True
2014-06-24,2014,Italy,Uruguay,0,1,0.2871441410549634,0.32473044925692407,0.38812540968811243,0.20972953443756104,0.28247854676471823,A,A,1,0.5622921366861368,0.9464267707378174,0.22842113600576638,0.0439864776153961,0.07979412938230711,True
2014-06-24,2014,Japan,Colombia,1,4,0.330167388262553,0.23629606778595236,0.4335365439514946,0.6246770505331507,0.6339144850492785,A,A,1,0.48572718296163575,0.8357791865417994,0.21494567565526618,0.1408673163964951,0.13401860425673492,True
2014-06-25,2014,Bosnia and Herzegovina,Iran,3,1,0.35668157024590735,0.287835333493662,0.3554830962604306,0.3391155771208796,0.4058770776623744,H,H,1,0.6230760129955816,1.0309118553311056,0.27011341689408697,0.43676822040426805,0.35298204684700035,True
2014-06-25,2014,Ecuador,France,0,0,0.18878222503273218,0.20317045536529613,0.6080473196019717,0.6593669508807837,0.5907055954491559,A,D,0,1.040297594566201,1.5937099706732833,0.20268013568172571,0.4347647759138218,0.34893310049494186,True
2014-06-25,2014,Honduras,Switzerland,0,3,0.29326703896996836,0.2842466890413068,0.4224862719887248,0.3432976389201041,0.40372510765298525,A,A,1,0.5003238424186394,0.861598325047175,0.20976383109384705,0.43125799104790996,0.16299396254941453,True
2014-06-25,2014,Nigeria,Argentina,2,3,0.28605901180443555,0.2929863538629901,0.4209546343325744,0.3048358015257127,0.36780920822811036,A,A,1,0.5029642972853821,0.8652302080357027,0.20856164686772646,0.4832532628403984,0.3996651972011687,True
2014-06-26,2014,Algeria,Russia,1,1,0.3729567603360222,0.3037923892449863,0.32325085041899154,0.27506771827543103,0.34998381541099555,H,D,0,0.728292894650147,1.1914107409940888,0.12179392868847116,0.07566224963725189,0.4225210402276467,True
2014-06-26,2014,South Korea,Belgium,0,1,0.17508978392909974,0.23013352095201495,0.5947766951188853,0.45606450988192115,0.42018072203416645,A,A,1,0.24782379672088317,0.5195692462012502,0.09743117962755583,0.20799483717383696,0.17655183916915346,True
2014-06-26,2014,Portugal,Ghana,2,1,0.4121253220543798,0.27752397281343305,0.3103507051321872,0.37072223620801487,0.42568465407179035,H,H,1,0.5189337526318636,0.8864277961422493,0.22095709857285625,0.39599050400304137,0.3298381165686391,True
2014-06-26,2014,United States,Germany,0,1,0.3075444623662915,0.2870241295240749,0.4054314081096337,0.3347424489116589,0.3978455059845477,A,A,1,0.5304782577237172,0.9028035735951334,0.22404770339733224,0.11205250710337455,0.1582810466321008,True
2014-06-28,2014,Brazil,Chile,1,1,0.630826582959074,0.20540144249856207,0.16377197454236403,0.5587747786169975,0.49120197718312647,H,D,0,1.056150304996692,1.582788958637159,0.2123817187066631,0.3122292532184746,0.2588754280223598,True
2014-06-28,2014,Colombia,Uruguay,2,0,0.42091535004616937,0.27538765056849773,0.303696999385333,0.3699695802946938,0.43012941870512383,H,H,1,0.5034092573334426,0.8653235342907362,0.21378544962390278,0.13687749034343188,0.18501131683560773,True
2014-06-29,2014,Costa Rica,Greece,1,1,0.2959444638921577,0.2991921108720432,0.404863425235799,0.2641938092603073,0.3260529780514127,A,D,0,0.7426292162660626,1.2066694006357137,0.12574875940104002,0.06979836885147163,0.4542045883933695,True
2014-06-29,2014,Netherlands,Mexico,2,1,0.3203092308811022,0.3070490797926584,0.3726416893262394,0.2598588586900137,0.33277849683390204,A,H,0,0.6951205076508706,1.138468403297121,0.30042068512467623,0.5478089090596492,0.44518453428722726,True
2014-06-30,2014,France,Nigeria,2,0,0.5739153601349911,0.23221847812517526,0.19386616173983368,0.47179115113505027,0.4537444230928713,H,H,1,0.27305763057940213,0.5552733497461234,0.10956610449831482,0.22258689028933584,0.20588400148788258,True
2014-06-30,2014,Germany,Algeria,2,1,0.3729853924694909,0.27578258051640203,0.35123202701410705,0.38126858268384267,0.4411627257823083,H,H,1,0.5925672865733626,0.9862160223853689,0.25825562742853836,0.38282856677406085,0.31229909905505954,True
2014-07-01,2014,Argentina,Switzerland,1,0,0.40814602017337,0.3112285878328558,0.28062539199377423,0.24455398175158918,0.31786238945772105,H,H,1,0.5259049779527141,0.8961302760244598,0.21452087203414022,0.05980664999055661,0.10103649863177193,True
2014-07-01,2014,Belgium,United States,2,1,0.4717778074976608,0.26800632018768683,0.2602158723146524,0.3839629173680598,0.4288895356021602,H,H,1,0.41855837251699857,0.7512471510596442,0.17336549242822685,0.3795016871776718,0.32616716254471617,True
2014-07-04,2014,Brazil,Colombia,2,1,0.5941195832574546,0.20070133723468306,0.20517907950786235,0.6610304523072374,0.5839871135731033,H,H,1,0.247118394130586,0.5206746612661217,0.103418683681398,0.11490035426303602,0.17306672167323806,True
2014-07-04,2014,France,Germany,0,1,0.49231927005313325,0.2564210789450536,0.25125965100181313,0.4269071481540649,0.45105928499467235,H,A,0,0.8687421436109221,1.3812684083990565,0.4014951869417883,0.1822497131450367,0.20345447857990506,True
2014-07-05,2014,Argentina,Belgium,1,0,0.3385118085407893,0.29187456316315996,0.36961362829605077,0.32019505527603076,0.3889387907940734,A,H,0,0.659371622283834,1.0831963023319515,0.2870904308310743,0.10252487342322039,0.151273382984356,True
2014-07-05,2014,Netherlands,Costa Rica,0,0,0.4929153421677545,0.28674304848816606,0.22034160934407943,0.28424136045251513,0.330125194551804,H,D,0,0.800251438232648,1.249168765679182,0.1457579796763467,0.08079315099189663,0.10898264407786644,True
2014-07-08,2014,Brazil,Germany,1,7,0.6091285399139899,0.20714875532311677,0.1837227047628934,0.5797019344101743,0.5096882458501646,H,A,0,1.080256807689272,1.694327697431231,0.5186731004286779,0.17665046393854947,0.24040561625748863,True
2014-07-09,2014,Netherlands,Argentina,0,0,0.29912823307317116,0.3311674444265167,0.36970432250031215,0.19931129174341494,0.27634442616753513,A,D,0,0.673495973291849,1.1051311571160398,0.11307949294844612,0.039724991016428665,0.07636624187386427,True
2014-07-12,2014,Brazil,Netherlands,0,3,0.5925513794519324,0.21877185063426266,0.188676769913805,0.47482448940912164,0.40924119987229474,H,A,0,1.057223643597825,1.6677199401009706,0.5046812604839425,0.27580931692438987,0.1674783596729155,True
2014-07-13,2014,Germany,Argentina,1,0,0.3552046875650559,0.300922163935119,0.3438731484998251,0.2818105573435271,0.3558139096840289,H,H,1,0.6245638859446546,1.0350610709775079,0.26700486859863,0.07941719023026939,0.12660353832463425,True
2018-06-14,2018,Russia,Saudi Arabia,5,0,0.4912037990169164,0.23122630685284695,0.2775698941302367,0.5623657235333279,0.5714969731066344,H,H,1,0.38938422524309607,0.7108961680241527,0.16795931013114457,0.19152375993850757,0.3266087902700452,True
2018-06-15,2018,Egypt,Uruguay,0,1,0.3066759553272975,0.30030780406615043,0.39301624060655205,0.2582557088218532,0.328739371893977,A,A,1,0.5526642029263471,0.9339043432681119,0.23123971287165684,0.06669601113907783,0.10806957463324651,True
2018-06-15,2018,Morocco,Iran,0,1,0.34297234213941624,0.32955017708389034,0.3274774807766935,0.1851950404720627,0.2643054975465577,H,A,0,0.678519885551083,1.116335987258171,0.2849582831675298,0.03429720301544894,0.06985739603333341,True
2018-06-15,2018,Portugal,Spain,3,3,0.32714329489418625,0.26379018369149293,0.4090665214143208,0.40189049120822057,0.45271277112267216,A,D,0,0.8163630479652433,1.3326012505683307,0.13717907716811872,0.35773498450714364,0.2995233108922246,True
2018-06-16,2018,France,Australia,2,1,0.5831523821115427,0.22281286120801477,0.19403475668044246,0.48023008190999456,0.4857863335128563,H,H,1,0.2610569944590218,0.539306750949807,0.10570571166965989,0.27016076775129105,0.2644156948021515,True
2018-06-16,2018,Argentina,Iceland,1,1,0.5807883234925985,0.23384694819964108,0.18536472830776055,0.4205576873295542,0.4132018601235943,H,D,0,0.9586656579889566,1.453088445142816,0.18583757960297653,0.17686876837198307,0.3443320569624098,True
2018-06-16,2018,Peru,Denmark,0,1,0.36940221060940076,0.29521967362829427,0.335378115762305,0.2811318756311201,0.3538740675059515,H,A,0,0.6653348979079727,1.092496679896187,0.289090121105388,0.07903513149587156,0.12522685565320674,True
2018-06-16,2018,Croatia,Nigeria,2,0,0.4681983729347624,0.28114261289986653,0.25065901416537106,0.2922850122102658,0.3389135767472766,H,H,1,0.42468408071975394,0.7588631990813812,0.17282145596579487,0.08543052836275523,0.11486241250363216,True
2018-06-17,2018,Costa Rica,Serbia,0,1,0.41096792545044836,0.2675868545464306,0.32144522000312103,0.3845962976148742,0.44196065928129424,H,A,0,0.7009339499317107,1.1349281386150631,0.31466561260282905,0.1479143121390689,0.19532922435235625,True
2018-06-17,2018,Germany,Mexico,0,1,0.56437182628652,0.23135312712538064,0.20427504658809936,0.46036793217455835,0.4713906240629946,H,A,0,1.005218029219046,1.5882879256457971,0.47584687989417673,0.21193863297467874,0.2222091204544995,True
2018-06-17,2018,Brazil,Switzerland,1,1,0.5064564947685546,0.24304405365029425,0.2504994515811511,0.42064202146279683,0.4273105688831455,H,D,0,0.8922304610498871,1.4145125613308176,0.15962407816785423,0.17693971022030802,0.3279731845129464,True
2018-06-18,2018,Sweden,South Korea,1,0,0.3947859461942199,0.2849077854858349,0.32030626831994524,0.3124219007478639,0.3816465538360139,H,H,1,0.5500526026795169,0.929411569335487,0.23444007822453716,0.09760744406690813,0.14565409205490548,True
2018-06-18,2018,Belgium,Panama,3,0,0.6065690799475857,0.21819128058649845,0.17523963946591592,0.46489391134559765,0.42179442531816563,H,H,1,0.23310425501740953,0.49993665774757173,0.09274841004671672,0.2863385261150131,0.1779105372294816,True
2018-06-18,2018,Tunisia,England,1,2,0.2762286209968691,0.28362714791157,0.4401442310915609,0.2850739307339818,0.3354020598723958,A,A,1,0.47018509207034315,0.8206528078484698,0.19487036651894576,0.5111192845161595,0.4416904220218546,True
2018-06-19,2018,Colombia,Japan,1,2,0.524554741474843,0.2486981427286456,0.2267471157965113,0.3946926448963694,0.4348962226836739,H,A,0,0.9349284659294311,1.483919909818565,0.4365388498663767,0.36639699414255267,0.3193422791371799,True
2018-06-19,2018,Poland,Senegal,1,2,0.3374673407236146,0.2758400671250471,0.38669259215133833,0.3535117534166414,0.4159288154918087,A,A,1,0.5661179252086633,0.9501252371302435,0.24501509128855647,0.41794705297042545,0.34113914857280164,True
2018-06-19,2018,Russia,Egypt,3,1,0.4350908486019067,0.2760298341647018,0.28887931723339155,0.32334512420000905,0.3902985336189416,H,H,1,0.47876607860753706,0.8322004223383219,0.20128680462927212,0.45786182094390115,0.37173587810721287,True
2018-06-20,2018,Portugal,Morocco,1,0,0.3850276221321153,0.3118136977441263,0.30315868012375846,0.22859087354981475,0.303602361834888,H,H,1,0.567323992975725,0.9544402014702574,0.23504810543742985,0.0522537874702674,0.09217439411172225,True
2018-06-20,2018,Uruguay,Saudi Arabia,1,0,0.5113848736529456,0.23897798945213833,0.249637136894916,0.48191849868011644,0.49571423629839,H,H,1,0.3581739212548253,0.6706327948711687,0.1505317209061195,0.2322454393700974,0.24573260406889605,True
2018-06-20,2018,Iran,Spain,0,1,0.29508289807923294,0.27448446852370995,0.4304326333970571,0.3443212340440585,0.40001224608527125,A,A,1,0.48682262529859355,0.8429644519190193,0.205740450918925,0.11855711221362332,0.1600097970181836,True
2018-06-21,2018,Denmark,Australia,1,1,0.4670524465787526,0.2586449629906135,0.2743025904306338,0.3864409408412604,0.44084937956369913,H,D,0,0.8429871898713432,1.3522989569514534,0.14668994948607733,0.14933660075827854,0.31264941633430016,True
2018-06-21,2018,France,Peru,1,0,0.4713741606265847,0.2679636847928167,0.26066215458059855,0.3471944820543899,0.4046367431879871,H,H,1,0.4191945732515918,0.7521031040966153,0.17369501844192392,0.12054400836901608,0.163730893937781,True
2018-06-21,2018,Argentina,Croatia,0,3,0.49426571458827345,0.27281121788309576,0.23292306752863076,0.3174163651116805,0.36305521638933147,H,A,0,0.9071315775500001,1.4570470622191622,0.41635280847357103,0.4659204186173507,0.1318090901475043,True
2018-06-22,2018,Brazil,Costa Rica,2,0,0.524273108258292,0.23669607108856705,0.23903082065314102,0.40744734891025464,0.39640981473795167,H,H,1,0.33947683881710483,0.6457425314718942,0.14172590437417043,0.16601334213399477,0.15714074122057717,True
2018-06-22,2018,Nigeria,Iceland,2,0,0.27185644019812016,0.2701122867353301,0.45803127306654967,0.35269966744255205,0.4079516884057966,A,H,0,0.8129463382333072,1.3024811454073626,0.369992845393959,0.12439705541408681,0.16642458007314015,True
2018-06-22,2018,Serbia,Switzerland,1,2,0.32429848449405224,0.25914991541550464,0.4165516000904431,0.41829973364384265,0.4635432477503435,A,A,1,0.5127402210620244,0.8757449352759711,0.22279077120108062,0.3383751998788244,0.2877858470342493,True
2018-06-23,2018,Belgium,Tunisia,5,2,0.5790769808140696,0.2326606000086322,0.1882624191772983,0.43320760112445156,0.4345095904621042,H,H,1,0.2667498813514647,0.5463198554729765,0.10630946327754397,0.3212536234230988,0.3197794032793372,True
2018-06-23,2018,South Korea,Mexico,1,2,0.2680739132595178,0.2572806555935385,0.4746454311469437,0.38113957637163914,0.43641873813949594,A,A,1,0.41405438172769315,0.7451872144313141,0.1739305229925261,0.3829882239334742,0.31762383872027805,True
2018-06-23,2018,Germany,Sweden,2,1,0.5738393111285337,0.23956263082288842,0.18659805804857782,0.39804710191151044,0.40889171635622384,H,H,1,0.27382202209368667,0.5554058676238072,0.10821588400345157,0.3623472915171316,0.349409002992291,True
2018-06-24,2018,England,Panama,6,1,0.515392672217048,0.26790965900574787,0.2166976687772042,0.306457752494521,0.3291324235098801,H,H,1,0.3535777271829845,0.6628261985268613,0.1409010708972042,0.4810008490749511,0.45006330518572696,True
2018-06-24,2018,Japan,Senegal,2,2,0.2710384543714608,0.2724170850695854,0.45654446055895387,0.34407270496856907,0.3981862501568677,A,D,0,0.8112715863137756,1.3004209861538591,0.1409473441075683,0.4302406163672499,0.3621797895002522,True
2018-06-24,2018,Poland,Colombia,0,3,0.29129159141380556,0.2595163019738525,0.449192106612342,0.40275110900445205,0.45489510770201175,A,A,1,0.45558883763672087,0.8003046283729925,0.19412006332326862,0.356706237795412,0.20692955901122487,True
2018-06-25,2018,Russia,Uruguay,0,3,0.3822951001524634,0.24309963608349855,0.374605263764038,0.49851954059759485,0.5326208497467715,H,A,0,0.5963655527761599,0.9818824373782995,0.2686340598561152,0.25148265116244733,0.2836849695849729,True
2018-06-25,2018,Saudi Arabia,Egypt,2,1,0.3051764227713345,0.28833414818282604,0.40648942904583957,0.298903079237819,0.36592954138651296,A,H,0,0.7311500404071678,1.1868652342880974,0.3240067296994259,0.4915368923022119,0.40204534648631784,True
2018-06-25,2018,Spain,Morocco,2,2,0.4532046146060681,0.2890675406256651,0.2577278447682668,0.2786607752648371,0.3381611677133971,H,D,0,0.7772430264611708,1.2410949135872915,0.13590903233456528,0.5203302771415258,0.4380306399224941,True
2018-06-25,2018,Iran,Portugal,1,1,0.30552523728144537,0.29039287700549643,0.4040818857130582,0.2891994691306042,0.36082463942377657,A,D,0,0.760170109981841,1.2365205245503053,0.12831392048865226,0.08363633294542328,0.4085451415677452,True
2018-06-26,2018,Australia,Peru,0,2,0.2790431616885853,0.25854080368650545,0.4624160346249093,0.40806450703917985,0.45384331401916195,A,A,1,0.4337049530844328,0.7712902852682173,0.18343080295678432,0.16651664190512885,0.20597375367989565,True
2018-06-26,2018,Denmark,France,0,0,0.24809266328307372,0.2705114517834577,0.48139588493346863,0.33435241163031315,0.3883888561023307,A,D,0,0.8254455095848445,1.3074408459782056,0.14664598380288293,0.11179153516300637,0.15084590354447694,True
2018-06-26,2018,Nigeria,Argentina,1,2,0.15961486992481821,0.2402373820210695,0.6001477480541123,0.3394551876778248,0.31257133219259914,A,A,1,0.24307272980765157,0.5105794073228931,0.09267936504365713,0.43631944908573767,0.4725581733234579,True
2018-06-26,2018,Iceland,Croatia,1,2,0.2700461948405792,0.2603380566551401,0.4696157485042807,0.38727150647421665,0.438499516017699,A,A,1,0.42200830532552547,0.7558404750333788,0.17711620079127527,0.37543620677837586,0.3152827935123583,True
2018-06-27,2018,South Korea,Germany,2,0,0.14842191107563701,0.21495551425116108,0.6366225746732019,0.41207783273940446,0.410620355901288,A,H,0,1.176679417226588,1.9076963103902003,0.5652367720598034,0.1698081402352046,0.1686090766805004,True
2018-06-27,2018,Mexico,Sweden,0,3,0.42844401774051616,0.26780727181649044,0.30374871044299345,0.37266167131204203,0.43156511374630735,H,A,0,0.7400508693852219,1.1915545297915564,0.33416506727371514,0.3935533786410003,0.1862484474028632,True
2018-06-27,2018,Serbia,Brazil,0,2,0.18959764851439115,0.20842467731415837,0.6019776741714504,0.5209115577981145,0.45946517563340317,A,A,1,0.23780988629366573,0.5075349204549584,0.09718452009007733,0.2713488510476584,0.21110824761983402,True
2018-06-27,2018,Switzerland,Costa Rica,2,2,0.40610449378952257,0.2818626948078095,0.312032811402668,0.32446918031462935,0.3902094604638527,H,D,0,0.7780065243765986,1.2663352244619164,0.13114266763394866,0.4563418883447888,0.3718445021077857,True
2018-06-28,2018,Japan,Poland,0,1,0.33823428089236995,0.23787921819748045,0.4238865009101496,0.5457205994745139,0.565906863979819,A,A,1,0.5028957150545743,0.8582895461172803,0.22315459630216486,0.2978109726908228,0.32025057869947343,True
2018-06-28,2018,Senegal,Colombia,0,1,0.2979918144937678,0.30943679014167697,0.39257139536455515,0.22865313930645537,0.30652770802633017,A,A,1,0.553519758327836,0.9350368592833195,0.2288843156173258,0.052282258114697285,0.09395923578787511,True
2018-06-28,2018,Panama,Tunisia,1,2,0.29748896545493364,0.2863881233513994,0.4161229111936669,0.3038644435648851,0.3696824071168595,A,A,1,0.5114302965971418,0.876774602760305,0.21470606970020262,0.48460471293322693,0.39730026789799644,True
2018-06-28,2018,England,Belgium,0,1,0.28988871393004795,0.2672067139120526,0.44290457215789947,0.36593044723005064,0.4250301117847858,A,A,1,0.4657902101462677,0.8144009448777759,0.1971953910932951,0.13390509220998487,0.1806505959237875,True
2018-06-30,2018,France,Argentina,4,3,0.3403891786903741,0.27564348520104315,0.3839673361085828,0.3449270416705362,0.4060414575280686,A,H,0,0.6584966817208583,1.0776656727695049,0.2912586753935402,0.42912058073451537,0.3527867501753811,True
2018-06-30,2018,Uruguay,Portugal,2,1,0.3536086592826131,0.26537052925419913,0.3810208114631877,0.3800315887871386,0.43457083698676946,A,H,0,0.6334201419191408,1.0395644595970803,0.2814993120612435,0.3843608309017996,0.31971013838584245,True
2018-07-01,2018,Russia,Spain,1,1,0.28791934156734467,0.22158985287292265,0.4904908055597327,0.5473984586241132,0.5347311680022471,A,D,0,0.929401134737607,1.5069271154420605,0.1617393887936044,0.299645072504055,0.21647508602855325,True
2018-07-01,2018,Croatia,Denmark,1,1,0.38986158811656135,0.292407241760489,0.31773117012294966,0.285132066014225,0.3579262502796433,H,D,0,0.7536326658694651,1.229607784790462,0.12647257717823307,0.08130029506954038,0.41225870007995924,True
2018-07-02,2018,Brazil,Mexico,2,0,0.5181430559552758,0.23783385357342512,0.24402309047129916,0.4639298477430642,0.46790190745982985,H,H,1,0.34829832511286973,0.6575039050526833,0.14586669160364216,0.21523090362690275,0.21893219500454716,True
2018-07-02,2018,Belgium,Japan,3,2,0.5806912862550179,0.21475081721274203,0.20455789653224005,0.5364738642016637,0.5370538063198866,H,H,1,0.2637816439497065,0.5435360123047704,0.108831865228083,0.21485647856813775,0.21431917824290503,True
2018-07-03,2018,Sweden,Switzerland,1,0,0.359369236821565,0.2820239440327057,0.35860681914572934,0.32767781032149734,0.394825283079704,H,H,1,0.6185441304761645,1.0234049042295388,0.26950331273420086,0.1073727473770912,0.1558870041589684,True
2018-07-03,2018,Colombia,England,1,1,0.4105874032413758,0.2982534572369314,0.2911591395216928,0.2536645294837971,0.32944408542048503,H,D,0,0.7458038705074279,1.2098116263296979,0.12667783011375439,0.06434569351823616,0.44964523457756983,True
2018-07-06,2018,Uruguay,France,0,2,0.2854211448560282,0.2590819347580985,0.4554969203858733,0.40913944006987546,0.451986843664588,A,A,1,0.4450722825581934,0.7863663232580567,0.1889744168200969,0.1673950814206912,0.20429210684587673,True
2018-07-06,2018,Brazil,Belgium,1,2,0.4003553043449284,0.24635923003364496,0.3532854656214267,0.47473812521137526,0.5094411413030795,H,A,0,0.6392169289163855,1.0404788643779936,0.2892620293468076,0.2759000371064609,0.24064799384602523,True
2018-07-07,2018,Sweden,England,0,2,0.31639037401509784,0.2905472807693893,0.39306234521551286,0.27901095672251797,0.3437794476172572,A,A,1,0.5528939079271931,0.9337870404695235,0.23423809278235339,0.0778471139712148,0.1181843086040265,True
2018-07-07,2018,Russia,Croatia,2,2,0.32863873483260675,0.25732369645619274,0.41403756871120045,0.43913761196870454,0.4848292748471388,A,D,0,0.8309986181821518,1.3574204673311343,0.13971526316832927,0.3145666183081675,0.2654008760545249,True
2018-07-10,2018,France,Belgium,1,0,0.36571795313732264,0.2562348273318484,0.3780472195308289,0.4512020940338142,0.49735972668589173,A,H,0,0.6108897019050805,1.0058928625042567,0.2726167075836492,0.20358332966049894,0.24736669772906492,True
2018-07-11,2018,Croatia,England,2,1,0.3318328991495616,0.2969993967188542,0.3711677041315841,0.2733390287745142,0.3459528144191482,A,H,0,0.6724213809005544,1.1031237525861437,0.2921063696245956,0.5280361671023662,0.42777772096623323,True
2018-07-14,2018,Belgium,England,2,0,0.4492955883676483,0.26572189389086864,0.2849825177414831,0.3659304472300505,0.4250301117847857,H,H,1,0.45509850930255935,0.8000742818555231,0.19224519220480465,0.13390509220998478,0.18065059592378746,True
2018-07-15,2018,France,Croatia,4,2,0.46629514465701294,0.26868589365431733,0.26501896168866973,0.3538168421565507,0.4078567286104293,H,H,1,0.4272680321200384,0.7629364877097133,0.17753796133560967,0.4175526734805322,0.35063365385194273,True
2022-11-20,2022,Qatar,Ecuador,0,2,0.4194529055940008,0.23531116628742293,0.3452359281185763,0.533483707336129,0.5579577253585777,H,A,0,0.6600280748175391,1.0635272460503202,0.30232836491899595,0.2846048659931006,0.311316823287318,True
2022-11-21,2022,Senegal,Netherlands,0,2,0.23187906500328603,0.25147090844300934,0.5166500265537046,0.35971831834923346,0.4026849134626779,A,A,1,0.350632715410485,0.6603895649258495,0.1436975488086663,0.12939726855600048,0.16215513953044436,True
2022-11-21,2022,England,Iran,6,2,0.42401275368615055,0.2832683355502458,0.29271891076360373,0.2912163351995709,0.35488922476796425,H,H,1,0.4976866185602483,0.8579917447540886,0.2087228343174208,0.502374283487927,0.4161679123204782,True
2022-11-21,2022,United States,Wales,1,1,0.4334008094962518,0.2869051086620138,0.2796940818417344,0.26607314058566545,0.3194818158783146,H,D,0,0.7745693651416315,1.2486037497329467,0.1330325205446486,0.07079491614111928,0.4631049989202761,True
2022-11-22,2022,Argentina,Saudi Arabia,1,2,0.6326178507991413,0.21880435783264707,0.1485777913682116,0.3856443240855937,0.3309318882598599,H,A,0,1.1730004695077143,1.9066466103022524,0.5625625612505787,0.3774328965282471,0.4476521381475165,True
2022-11-22,2022,Mexico,Poland,0,0,0.46115122534454067,0.25091600362234473,0.2879327710331147,0.4227782135720609,0.4583377867403111,H,D,0,0.8566925669006984,1.3826370427800594,0.14778286663578966,0.17874141787118314,0.21007352675400692,True
2022-11-22,2022,Denmark,Tunisia,0,0,0.48692322603645427,0.2670636230521828,0.246013150911363,0.32559549133071286,0.36819595666015614,H,D,0,0.8348124311284778,1.3202683603831489,0.1488083492375425,0.10601242397488832,0.13556826250088758,True
2022-11-22,2022,France,Australia,4,1,0.5996681148698839,0.20994571952137175,0.19038616560874427,0.42230868952366185,0.44644389006988294,H,H,1,0.24058971545237917,0.5113789186889267,0.09825625515351635,0.33372725019986893,0.30642436684096386,True
2022-11-23,2022,Germany,Japan,1,2,0.5069860096298905,0.2211182979744775,0.27189569239563205,0.5403889057130283,0.5584990092878885,H,A,0,0.8360639984116053,1.3023367700744592,0.3935853483562377,0.21124235799166755,0.19492312479977594,True
2022-11-23,2022,Spain,Costa Rica,7,0,0.5348584037290954,0.24775945594591203,0.21738214032499248,0.3544159803618564,0.35774107318958004,H,H,1,0.3249964475243342,0.6257532330432624,0.13180584975685994,0.416778726412143,0.12797867544683247,True
2022-11-23,2022,Morocco,Croatia,0,0,0.32038188581448396,0.26437313365562765,0.41524498052988845,0.3476358851850287,0.40676181419362606,A,D,0,0.8162198331009536,1.3303937886651316,0.1375364733066562,0.12085070866837845,0.16545517348608996,True
2022-11-23,2022,Belgium,Canada,1,0,0.5232412781922631,0.22055027492460708,0.25620844688312977,0.5306047610389321,0.5472441092191981,H,H,1,0.34158407084333237,0.6477125863238303,0.14647082353700633,0.28154141243718217,0.2994761150751136,True
2022-11-24,2022,Switzerland,Cameroon,1,0,0.4986484053811442,0.2637647514980494,0.23758684312080644,0.33089986093695267,0.3744585723733629,H,H,1,0.37737277358380794,0.6958540300113393,0.15390046472549007,0.10949471796809462,0.14021922242389706,True
2022-11-24,2022,Brazil,Serbia,2,0,0.6927606144954024,0.18459674642951782,0.12264263907507975,0.49187385772750897,0.3736040241934039,H,H,1,0.14351321571690673,0.3670707730967408,0.05471862846227152,0.24193989191574172,0.13957996689350552,True
2022-11-24,2022,Uruguay,South Korea,0,0,0.4598469069520319,0.2795081967005439,0.2606448963474242,0.28696394951747495,0.3475522938318312,H,D,0,0.7985033784470122,1.2747236605180858,0.13969746991265508,0.08234830832266792,0.12079259694776755,True
2022-11-24,2022,Portugal,Ghana,3,2,0.5909801983449472,0.22990469922735057,0.17911510242770223,0.37559526100738316,0.34112154147522017,H,H,1,0.25223558879044355,0.5259727674758541,0.0996897090318125,0.38988127807643796,0.43412082310798994,True
2022-11-25,2022,Qatar,Senegal,1,3,0.4055326908192108,0.2565623320465342,0.337904977134255,0.41113588817321345,0.4594221565708169,H,A,0,0.6686508128518169,1.0849905557632253,0.30141329131333044,0.34676094219755016,0.2922244048065463,True
2022-11-25,2022,Netherlands,Ecuador,1,1,0.5233480722388673,0.23196174973953695,0.24469017802159582,0.4754155412365446,0.496515062186544,H,D,0,0.9236492417995323,1.461182792721019,0.1668832439681894,0.22601993684923666,0.2534970826050197,True
2022-11-25,2022,Wales,Iran,0,2,0.2920661349003386,0.28971059818541606,0.4182232669142454,0.23930264504955406,0.2893874737697654,A,A,1,0.5076990250165078,0.8717398576809753,0.2118833971577781,0.05726575592771286,0.08374510997484667,True
2022-11-25,2022,England,United States,0,0,0.454691340355286,0.2701337488405332,0.2751749108041809,0.3309558412951686,0.38474986038746817,H,D,0,0.8151701911117494,1.3088380765609842,0.14123272326508768,0.10953176888739281,0.14803245506817625,True
2022-11-26,2022,Poland,Saudi Arabia,2,0,0.42567225720874574,0.2597274274639164,0.31460031532733795,0.38464940227381,0.42916163686918263,H,H,1,0.4962840511207816,0.8540855780890448,0.21441285727187875,0.14795516266959932,0.1841797105602362,True
2022-11-26,2022,Argentina,Mexico,2,0,0.47923345105717763,0.2597846172879432,0.26098193165487915,0.3552820167692882,0.3888910718555673,H,H,1,0.4067974145275721,0.7355674285713629,0.1696546835740645,0.1262253114396528,0.15123626576897203,True
2022-11-26,2022,Tunisia,Australia,0,1,0.38576336573512365,0.25839902539032267,0.3558376088745538,0.3723813765567474,0.42526017625279505,H,A,0,0.6305286168064117,1.033280807047137,0.2818792802418717,0.1386678896062981,0.18084621750655833,True
2022-11-26,2022,France,Denmark,2,1,0.47906589546521994,0.2534987588426086,0.2674353456921715,0.3457156898421485,0.40319409774144116,H,H,1,0.40715562612768746,0.7359171222120259,0.1714470026964722,0.4280879585187356,0.35617728497065243,True
2022-11-27,2022,Japan,Costa Rica,0,1,0.45267829547607774,0.2708486721693626,0.27647303235455967,0.32922682933072406,0.3797924673645496,H,A,0,0.80176791532124,1.2856419949478934,0.3642044560526666,0.1083903051511617,0.14424231826685247,True
2022-11-27,2022,Spain,Germany,1,1,0.42600081813038293,0.23480007489593357,0.3391991069736835,0.533246048114549,0.5513767344260756,H,D,0,0.8820636565987688,1.4490208720506759,0.14826636560974998,0.28435134782978394,0.20126283441421192,True
2022-11-27,2022,Belgium,Morocco,0,2,0.5676820040984761,0.2317192192998443,0.20059877660167955,0.38801827199371663,0.4185781827752498,H,A,0,1.014998970340923,1.6064485021684147,0.4806525868739968,0.15055817940098987,0.1752076950954304,True
2022-11-27,2022,Croatia,Canada,4,1,0.36321810997656334,0.23747717999305878,0.3993047100303779,0.49993229311375614,0.5259507805707793,A,H,0,0.62133083793172,1.012751771227807,0.2824677134571322,0.25006771147046625,0.22472266244145347,True
2022-11-28,2022,Cameroon,Serbia,3,3,0.29580159992813077,0.2607455963057935,0.44345280376607576,0.3796992186783718,0.4281327527186178,A,D,0,0.8306460490693125,1.344210073812254,0.14207448784401777,0.3847730593082223,0.3270321485131855,True
2022-11-28,2022,Brazil,Switzerland,1,0,0.622415250916997,0.22097637088314967,0.15660837819985346,0.3936338468409423,0.3479765589797245,H,H,1,0.21592698335114996,0.4741478030168138,0.0835482134312313,0.15494760537879845,0.1210876855993697,True
2022-11-28,2022,South Korea,Ghana,2,3,0.47532536370293704,0.28403216350197313,0.24064247279508982,0.26527271775696565,0.3123200120552185,H,A,0,0.883232325405697,1.4244429623630124,0.4012790277510427,0.5398241792722356,0.4729037658197348,True
2022-11-28,2022,Portugal,Uruguay,2,0,0.38160105595193705,0.26815186162348803,0.3502470824245749,0.35001059692340486,0.4054849812246213,H,H,1,0.5769956936388285,0.9633795722421878,0.25254513637334314,0.12250741795867819,0.1644180699987315,True
2022-11-29,2022,Ecuador,Senegal,1,2,0.37933696643163783,0.27810624863860633,0.34255678492975583,0.3202272356831871,0.3833471608047434,H,A,0,0.6534712006752952,1.0713178396070524,0.2880640575717284,0.46209101110692125,0.380260724087571,True
2022-11-29,2022,Qatar,Netherlands,0,2,0.23983075991928537,0.21129024527900808,0.5488789948017065,0.5784527858668276,0.5789316914222782,A,A,1,0.305672522484644,0.5998772719637596,0.1305144773672903,0.3346076254770939,0.33516190333305995,True
2022-11-29,2022,Wales,England,0,3,0.19115986871202684,0.2605634078990162,0.5482767233889569,0.30110764615036295,0.32169845688337884,A,A,1,0.3084893035741654,0.6009751498005315,0.12029800701910813,0.4884505222694862,0.10348989716114715,True
2022-11-29,2022,Iran,United States,0,1,0.3606161410249132,0.2907695095014663,0.34861434947362047,0.27481653228846925,0.3428526787506089,H,A,0,0.638894174535098,1.0537889835947425,0.2771736334396874,0.07552412641905926,0.11754795932646821,True
2022-11-30,2022,Poland,Argentina,0,2,0.19799379105892428,0.22515784977143682,0.576848359169639,0.43841282743443083,0.41318095524730347,A,A,1,0.26895490974900876,0.5501758560791421,0.10912942621765595,0.19220580725905204,0.1707185017790742,True
2022-11-30,2022,Saudi Arabia,Mexico,1,2,0.24126274577825535,0.2562665152214356,0.502470739000309,0.3525072351099828,0.3766601245674495,A,A,1,0.37141560487509995,0.6882178715895438,0.15287153902568085,0.4192468805849192,0.38855260030426764,True
2022-11-30,2022,Australia,Denmark,1,0,0.25272397040464356,0.2543942635593545,0.49288176603600203,0.36978524216999303,0.4153951999656115,A,H,0,0.8660703410304746,1.3754574119254117,0.40067694984928404,0.1367411253267204,0.17255317215447033,True
2022-11-30,2022,Tunisia,France,1,0,0.16711629384993443,0.2186541097492126,0.6142295964008531,0.37776068367605226,0.3960251318339767,A,H,0,1.1187828847752443,1.7890653385598263,0.5354866325325118,0.1427031341313984,0.15683590504411862,True
2022-12-01,2022,Japan,Spain,2,1,0.2397867233149694,0.23418977049050765,0.526023506194523,0.4649649739998029,0.48253628944734994,A,H,0,0.9094698037197668,1.428005403580468,0.42731247755868507,0.2862624790470315,0.2677686917389168,True
2022-12-01,2022,Costa Rica,Germany,2,4,0.21277808584305324,0.23824020373475108,0.5489817104221957,0.4112709458908097,0.4284989263425319,A,A,1,0.3054504060242976,0.599690152376912,0.12434600567436094,0.34660189915230194,0.32661347719163886,True
2022-12-01,2022,Croatia,Belgium,0,0,0.2545289211429489,0.22369781490045604,0.5217732639565951,0.5480304840696614,0.5419429556364491,A,D,0,0.9396773932684388,1.4974591785245692,0.16851615533905606,0.3003374114696274,0.29370216716397024,True
2022-12-01,2022,Canada,Morocco,1,2,0.38336324694577,0.2684058544776437,0.34823089857658635,0.3462569737449211,0.40159361499917734,H,A,0,0.6438120433969616,1.0548895175707127,0.2858851703395438,0.4273799443771489,0.3580902016097528,True
2022-12-02,2022,Serbia,Switzerland,2,3,0.30162280684023135,0.243103528754287,0.4552736644054817,0.4721676681432622,0.503964024781409,A,A,1,0.4468024239891976,0.7868565806040696,0.19385154914820565,0.2786069705533213,0.24605168871105862,True
2022-12-02,2022,Cameroon,Brazil,1,0,0.07791472706945056,0.1831969397759863,0.7388883331545633,0.3769721663967876,0.26489913415560257,A,H,0,1.429758338170621,2.5521402930175947,0.6980986097136672,0.14210801423788733,0.07017155127638793,True
2022-12-02,2022,Ghana,Uruguay,0,2,0.18975732912986015,0.2518906159943657,0.5583520548757741,0.32424030464199916,0.32994430373378264,A,A,1,0.2945096338169703,0.582765592832446,0.11553037569547463,0.10513177515433642,0.10886324356637062,True
2022-12-02,2022,South Korea,Portugal,2,1,0.22999259603915803,0.2638864893581582,0.5061209146026838,0.3230918994291754,0.3661951116582236,A,H,0,0.9187058616185457,1.469708161711183,0.4245348911763862,0.45820457661840164,0.40170863648593164,True
2022-12-03,2022,Netherlands,United States,3,1,0.4722065759847025,0.2443241399071711,0.2834692841081264,0.4002807778853427,0.4495325093162093,H,H,1,0.4186150188079442,0.7503387281576761,0.1794603667332826,0.35966314537380956,0.30301445829970924,True
2022-12-03,2022,Argentina,Australia,2,1,0.6078487603112666,0.22429453252913,0.1678567071596034,0.407808948875694,0.4019928224643168,H,H,1,0.2322665062503363,0.49782917744730387,0.09097923446393767,0.3506902410317104,0.35761258438419413,True
2022-12-04,2022,France,Poland,3,1,0.5925746534466769,0.21748259209473972,0.18994275445858338,0.4502465223918001,0.4601547050159929,H,H,1,0.24937234084965604,0.5232784165314961,0.10103683149270454,0.3022288861423096,0.2914329425163697,True
2022-12-04,2022,England,Senegal,3,0,0.4891255336377932,0.27167303132029685,0.23920143504190988,0.3009186379440275,0.3393060488874515,H,H,1,0.3920162828537376,0.7151361074472117,0.1591050234534893,0.4887147507740337,0.11512859481161361,True
2022-12-05,2022,Japan,Croatia,1,1,0.3472035396868742,0.23774353620356997,0.4150529241095559,0.48019714522333884,0.5149473015181393,A,D,0,0.8738541443824258,1.4365627652929083,0.14640961389149376,0.23058929828064437,0.2352761203045349,True
2022-12-05,2022,Brazil,South Korea,4,1,0.6154184954295507,0.2389699959847787,0.14561150858567057,0.31495639980680795,0.29086722602675213,H,H,1,0.22621230407123044,0.4854527622241558,0.08455282254513266,0.46928473416565003,0.5028692911229934,True
2022-12-06,2022,Morocco,Spain,0,0,0.27129102242465547,0.26436790738506794,0.46434107019027665,0.3388166474036499,0.376802449346521,A,D,0,0.8303660239986903,1.3304135573993672,0.14460572415683315,0.11479672055784923,0.14198008583353755,True
2022-12-06,2022,Portugal,Switzerland,6,1,0.4708475657838053,0.2509783175734397,0.2781741166427551,0.40512354529680067,0.43445849296421285,H,H,1,0.4203732536988956,0.7532208768731221,0.1786915689034506,0.3538779963602475,0.31983719618030937,True
2022-12-09,2022,Croatia,Brazil,1,1,0.18347588159373684,0.2158117957234772,0.600712322682786,0.43572723440817934,0.3818886654983346,A,D,0,1.009469833475984,1.5333485672094966,0.19725934687477326,0.18985822280500048,0.3820616218394296,True
2022-12-09,2022,Netherlands,Argentina,2,2,0.3361243768765415,0.24291870339891422,0.4209569197245443,0.41482177032938117,0.4448354701782691,A,D,0,0.863356414657801,1.4150284455311675,0.14509216249730988,0.34243356048043955,0.30820765517218357,True
2022-12-10,2022,Morocco,Portugal,1,0,0.26759486474488736,0.27614469957231064,0.4562604356828021,0.30489749222055146,0.35615042023826693,A,H,0,0.8208467624194019,1.3182811409537218,0.37229543365876006,0.09296248076238124,0.12684312183589413,True
2022-12-10,2022,England,France,1,2,0.33882927090111875,0.2621007430699263,0.39906998602895505,0.3643495738714212,0.4204774331638995,A,A,1,0.5446189560284316,0.9186184738923422,0.23796107825531204,0.4040514642374438,0.33584640547230254,True
2022-12-13,2022,Argentina,Croatia,3,0,0.529756073852048,0.23464564146711972,0.23559828468083224,0.43593566906383924,0.43307849768801865,H,H,1,0.3316944788831071,0.6353386163929954,0.13831795091179547,0.31816856943445876,0.18755698515971117,True
2022-12-14,2022,France,Morocco,2,0,0.5128421376420926,0.26227434702353875,0.22488351533436862,0.307682077178506,0.3601626211386884,H,H,1,0.35668321143289267,0.6677872050626369,0.14394768916313452,0.09466826061688012,0.1297171136654904,True
2022-12-17,2022,Croatia,Morocco,2,1,0.36967803874341054,0.27172582251862165,0.35859613873796775,0.3476358851850287,0.40676181419362617,H,H,1,0.5997318881835547,0.9951228177160361,0.26294848278006666,0.425578938298321,0.3519315450988377,True
2022-12-18,2022,Argentina,France,3,3,0.38329938123080187,0.25936349797538294,0.35733712079381513,0.35561978564899044,0.40550688000938895,H,D,0,0.8231506616803899,1.3495247341355998,0.13730411677456464,0.415225860647053,0.3534220697161711,True
2026-06-11,2026,Mexico,South Africa,2,0,0.6142067280964633,0.21783582682861724,0.1679574450749195,0.4410100052035357,0.3944157816564365,H,H,1,0.22449859945223816,0.48742371679174046,0.08852307600106542,0.19448982468962261,0.15556380881965778,True
2026-06-11,2026,South Korea,Czech Republic,2,1,0.4332182281255941,0.24824055584533974,0.31854121602906627,0.440953768745144,0.47151171057210733,H,H,1,0.4843334568047706,0.836513686888301,0.21135504161918364,0.3125326886802579,0.27929987206241996,True
2026-06-12,2026,Canada,Bosnia and Herzegovina,1,1,0.6598903514077968,0.18042832246419377,0.15968132612800945,0.5936521768058273,0.4649464795973697,H,D,0,1.1326511364139609,1.7124216855379855,0.23047670089755265,0.3524229070262972,0.28628226969524795,True
2026-06-12,2026,United States,Paraguay,4,1,0.5114130212369189,0.24823257301034268,0.24035440575273853,0.4099962998437384,0.4332921190255137,H,H,1,0.35810688648492267,0.6705777545076306,0.14824373809079375,0.34810436619807983,0.3211578223585926,True
2026-06-13,2026,Qatar,Switzerland,1,1,0.21108922030403215,0.216806873572602,0.5721039061233658,0.5436471204326887,0.5179488820616782,A,D,0,0.9852530116132995,1.5287483052485549,0.18593076916508858,0.2955521915547543,0.23237328030558582,True
2026-06-13,2026,Brazil,Morocco,1,1,0.452040255562455,0.287030739457529,0.2609290049800161,0.2742442232378459,0.3367030913966398,H,D,0,0.7807495047673088,1.2481659628341728,0.13621216914441542,0.07520989397932946,0.4399627889627744,True
2026-06-13,2026,Haiti,Scotland,0,1,0.32408260343649004,0.24172708372512017,0.4341903128383899,0.5076961331451189,0.5321344292696273,A,A,1,0.48360211894234356,0.8342723321544214,0.21258506796804622,0.25775536361050627,0.283167050814112,True
2026-06-13,2026,Australia,Turkey,2,0,0.4268286863995296,0.2416601106179851,0.3315112029824854,0.4563160309831042,0.48175132379159735,H,H,1,0.49682464150128014,0.8513725490682994,0.21921251621869167,0.20822432013217332,0.23208433797495648,True
2026-06-14,2026,Germany,Curaçao,7,1,0.7219501718658577,0.16299293635262024,0.11505689178152198,0.618859267244702,0.453524716883879,H,H,1,0.11711649257270022,0.3257991565070971,0.04527489763592546,0.14526825816524552,0.29863523505684464,True
2026-06-14,2026,Ivory Coast,Ecuador,1,0,0.2691874860654646,0.2890403275771201,0.44177218635741533,0.2744271361915023,0.3347504262034399,A,H,0,0.8127939061282152,1.3123471679329741,0.3646247975811632,0.07531025307826934,0.11205784784338468,True
2026-06-14,2026,Netherlands,Japan,2,2,0.46401095235279544,0.22590425809947023,0.31008478954773444,0.5030442896862513,0.5347427837691222,H,D,0,0.9106829582407426,1.4876440061972487,0.15572937030610545,0.24696497801344255,0.21646427725490577,True
2026-06-14,2026,Sweden,Tunisia,5,1,0.3881883546855708,0.27015524605462754,0.3416563992598018,0.35929891028233774,0.4176162862819441,H,H,1,0.5640264414683583,0.9462646069311585,0.24552129224876096,0.4104978863653999,0.33917079000403444,True
2026-06-15,2026,Belgium,Egypt,1,1,0.5743257035010384,0.24021009219618947,0.18546420430277225,0.36138722162408426,0.3869991179705961,H,D,0,0.941527688780146,1.426241354414607,0.18212349238981151,0.13060072395317499,0.3757700813688272,True
2026-06-15,2026,Iran,New Zealand,2,2,0.4415959479295775,0.24765630858654475,0.31074774348387774,0.4302291730775914,0.458188831580674,H,D,0,0.8575921713177683,1.395713346472444,0.145785570654072,0.32463879521184535,0.2935593422239152,True
2026-06-15,2026,Spain,Cape Verde,0,0,0.706295094548923,0.16664428777575369,0.12706061767532328,0.5346083365243154,0.34126776350124255,H,D,0,1.2094789042446876,1.7918937515890057,0.2574985805739534,0.28580607348129566,0.11646368640514002,True
2026-06-15,2026,Saudi Arabia,Uruguay,1,1,0.17311100140617383,0.2592434850180535,0.5676455135757726,0.29615928103370265,0.31037894516208886,A,D,0,0.9009090623787498,1.3499875623018505,0.1760944239452755,0.08771031974239966,0.47557719927575326,True
2026-06-16,2026,France,Senegal,3,1,0.5549841061311381,0.24048552828662706,0.2045303655822349,0.3645764352705714,0.40294059413683,H,H,1,0.2977051055564029,0.5888158032473194,0.11993590812055237,0.4037631066134544,0.35647993412968154,True
2026-06-16,2026,Iraq,Norway,1,4,0.28426603969990666,0.25554592197277787,0.4601880383273154,0.40231648162173744,0.4364565456392573,A,A,1,0.4375078535284979,0.7761200940539337,0.18610206764579038,0.35722558814101885,0.3175812249528385,True
2026-06-16,2026,Argentina,Algeria,3,0,0.6253436456022294,0.21542140729065148,0.15923494710711905,0.449762425783346,0.4220545063482635,H,H,1,0.21212953498991963,0.4694539473849274,0.08286157613541743,0.3027613880798278,0.1781300063288764,True
2026-06-16,2026,Austria,Jordan,3,1,0.4380585381190275,0.25421014979885337,0.3077313120821192,0.4272041875842642,0.46506343957779717,H,H,1,0.47509956727746255,0.8254027288623005,0.20523838350835355,0.3280950427210027,0.28615712367633706,True
2026-06-17,2026,Portugal,DR Congo,1,1,0.5929500667984418,0.22767710245885037,0.17937283074270788,0.403962963079065,0.36882965768930426,H,D,0,0.9802470521912857,1.4798268710969695,0.19188219706246432,0.16318607553961803,0.3983760010126009,True
2026-06-17,2026,Uzbekistan,Colombia,1,3,0.19571478086613464,0.2575196805405207,0.5467655385933446,0.32625418430485875,0.35011423652578477,A,A,1,0.31004213832175187,0.6037351999052855,0.12186287622803002,0.45393342416671123,0.4223515055664636,True
2026-06-17,2026,England,Croatia,4,2,0.49108495852525624,0.25411610985663635,0.2547989316181074,0.38961459489383177,0.41684348208858046,H,H,1,0.3884920122816392,0.711138134536194,0.16195850749648458,0.3725703427666211,0.34007152438257177,True
2026-06-17,2026,Ghana,Panama,1,0,0.34763645733420145,0.2554148986691115,0.39694864399668706,0.430568073593323,0.4734406630271883,A,H,0,0.6483831882324322,1.056598008080953,0.2915732088851399,0.18538886599786522,0.22414606140762366,True
2026-06-18,2026,Czech Republic,South Africa,1,1,0.4070134165688375,0.268177293328051,0.3248092901031116,0.36936886757690046,0.422816352524388,H,D,0,0.8067254702049829,1.3161069749250625,0.13558049810216263,0.13643336033504183,0.33314096291325157,True
2026-06-18,2026,Mexico,South Korea,1,0,0.5295967272457721,0.23680622130201626,0.23359705145221168,0.4546613505395252,0.4754360396627518,H,H,1,0.33192400791239524,0.6356394540503133,0.13792341073252787,0.20671694367442503,0.22603942781020167,True
2026-06-18,2026,Switzerland,Bosnia and Herzegovina,4,1,0.579546450823024,0.21163994720278265,0.2088136019741934,0.49768165189447733,0.44281499775009137,H,H,1,0.26517577463694925,0.5455094626881796,0.11019215369247629,0.25232372284346105,0.3104551267322307,True
2026-06-18,2026,Canada,Qatar,6,0,0.6546868964555587,0.1863006420218364,0.15901246152260495,0.6319865253297956,0.5452039110195902,H,H,1,0.17923403161672044,0.423598178313729,0.07226305119948599,0.13543391753883718,0.29724730459105725,True
2026-06-19,2026,Scotland,Morocco,0,1,0.2162131784479678,0.25631546867827415,0.5274713528737581,0.3242840156807276,0.33009405341421527,A,A,1,0.3357290803732925,0.6396607224549388,0.13501573044476464,0.1051601228260184,0.1089620840994268,True
2026-06-19,2026,Brazil,Haiti,3,0,0.7466234591686396,0.15355462319965407,0.09982191763170634,0.6251029354271846,0.4341255260449055,H,H,1,0.09774310898932495,0.292194291660389,0.037082043341668605,0.1405478090253137,0.18846497236376594,True
2026-06-19,2026,United States,Australia,2,0,0.4667793515628873,0.23965428122157295,0.29356636721553975,0.46731684757275055,0.5044509445957894,H,H,1,0.42793964638765286,0.7618986135607554,0.18525273593991204,0.21838503602533338,0.2544707555035842,True
2026-06-19,2026,Turkey,Paraguay,0,1,0.3650870290566258,0.26886874300858493,0.3660442279347893,0.3725028336048186,0.4286629786785191,A,A,1,0.6074788606872075,1.0050011115296156,0.26759422986009546,0.1387583610436192,0.18375194928954053,True
2026-06-20,2026,Germany,Ivory Coast,2,1,0.569184808089277,0.22580074732676625,0.2050144445839568,0.47653010780338523,0.4780470804236493,H,H,1,0.2786186295624676,0.5635501030571323,0.1138163260345707,0.2740207280363355,0.27243485025427644,True
2026-06-20,2026,Ecuador,Curaçao,0,0,0.5966390902519823,0.23152733031665668,0.17183357943136118,0.37234659285239513,0.3359479440955991,H,D,0,0.9760552270871518,1.4630573549007342,0.19275249151845344,0.13864198520878732,0.11286102114205977,True
2026-06-20,2026,Netherlands,Sweden,5,1,0.5659670227677489,0.219519269560053,0.21451370767219807,0.533670652859256,0.5244077092550045,H,H,1,0.28258946581254424,0.5692194661375681,0.11720037805218253,0.21746306000471255,0.22618802701607238,True
2026-06-20,2026,Tunisia,Japan,0,4,0.23825491209640903,0.2558365584486196,0.5059085294549714,0.3726119843299151,0.40080077800188835,A,A,1,0.36634412904225033,0.6813993978639875,0.15044589220170823,0.39361572220644664,0.160641263646919,True
2026-06-21,2026,Belgium,Iran,0,0,0.5146495883521194,0.2368444695438494,0.24850594210403115,0.4400561311388847,0.4754031023361306,H,D,0,0.9090257657178265,1.4403515999215162,0.163309701026009,0.1936493985529233,0.22600810971081745,True
2026-06-21,2026,New Zealand,Egypt,1,3,0.3632705166647198,0.2779730038283311,0.358756479506949,0.3246451402537487,0.387148840450018,H,A,0,0.6204277117095198,1.0251114507279984,0.2715793604260871,0.45610418658287877,0.37558654376175743,True
2026-06-21,2026,Spain,Saudi Arabia,4,0,0.6776174136756881,0.19139405235451576,0.13098853396979615,0.4835886002570283,0.373357701081742,H,H,1,0.15772021127339197,0.3891724369253809,0.06054426399835444,0.2666807337844953,0.1393959729570434,True
2026-06-21,2026,Uruguay,Cape Verde,2,2,0.5987695924184328,0.23981926951541993,0.16141113806614732,0.3249255014102032,0.2902572635161935,H,D,0,0.9624533232968147,1.427869683005717,0.19228929014837248,0.45572557864626545,0.503734751991522,True
2026-06-22,2026,France,Iraq,3,0,0.7029746271287919,0.189034342674239,0.10799103019696907,0.42550233658075887,0.3722633506195517,H,H,1,0.1356201174425645,0.3524344801004928,0.04994306736614145,0.3300475652741677,0.13858000221449526,True
2026-06-22,2026,Norway,Senegal,3,2,0.35009997234988754,0.2619063770652274,0.38799365058488505,0.3919667700068038,0.44140123337729287,A,H,0,0.6415040691812358,1.0495365299992765,0.2864545594169014,0.369704408775959,0.31203258207240964,True
2026-06-22,2026,Argentina,Austria,2,0,0.6367608161731786,0.21611394461451158,0.14712523921230988,0.42120638851114334,0.3812612379895956,H,H,1,0.20029377773729895,0.4513611787365243,0.07679427034022737,0.17741482172260023,0.14536013159335906,True
2026-06-22,2026,Jordan,Algeria,1,2,0.28376611582997696,0.24051037087340624,0.4757235132966167,0.4802902410438546,0.49698366989102694,A,A,1,0.4132342815009382,0.7429184479308711,0.17769452150163734,0.27009823355425483,0.2530254283562994,True
2026-06-23,2026,Portugal,Uzbekistan,5,0,0.5422907135352407,0.247497138701238,0.21021214776352132,0.37782731552541154,0.3888833553601776,H,H,1,0.3149417716487314,0.6119530495022103,0.12684346899171578,0.3870988493063159,0.15123026407619017,True
2026-06-23,2026,Colombia,DR Congo,1,0,0.6165116716961486,0.2340496578325686,0.1494386704712828,0.3502486949006796,0.33257999550158096,H,H,1,0.22417445650904957,0.4836780243653056,0.08469760708875357,0.12267414827962936,0.11060945340783161,True
2026-06-23,2026,England,Ghana,0,0,0.7106304439627993,0.18609526454662761,0.10327429149057304,0.453999641651897,0.3504399031901778,H,D,0,1.1781021255630693,1.681496561403905,0.2578306035848225,0.20611567462005087,0.1228081257479412,True
2026-06-23,2026,Panama,Croatia,0,1,0.1962201547363869,0.22119947730339393,0.5825803679602192,0.4833204783953515,0.48120649522259296,A,A,1,0.26167070709629237,0.5402881323122122,0.10637074916849883,0.23359868483631147,0.23155969104441138,True
2026-06-24,2026,Mexico,Czech Republic,3,0,0.6203283263785457,0.21118986668756715,0.16848180693388715,0.49376935972458313,0.4608011386814439,H,H,1,0.2171378588097361,0.47750638243463905,0.08626834950911186,0.2562694611536585,0.2123376894101153,True
2026-06-24,2026,South Africa,South Korea,1,0,0.26841882809398676,0.2554586206314796,0.4761225512745337,0.3803622098908566,0.4076857805719136,A,H,0,0.8271628017744848,1.3152067269634924,0.3809518474597733,0.14467541071305606,0.1662076956805305,True
2026-06-24,2026,Canada,Switzerland,1,2,0.4538734551816549,0.23451538690585327,0.31161115791249183,0.5532300082967302,0.5683288816294783,H,A,0,0.734877777924716,1.1659991571783461,0.339940155614557,0.19960342548653978,0.186339954435257,True
2026-06-24,2026,Bosnia and Herzegovina,Qatar,3,1,0.35058743606588255,0.24455153964480578,0.40486102428931176,0.46375549595747734,0.49552379143077274,A,H,0,0.64545458272672,1.048145142659408,0.29282456359203746,0.2875581681158111,0.2544962450123825,True
2026-06-24,2026,Scotland,Brazil,0,3,0.12794700111851015,0.19431887218529492,0.677734126696195,0.480364286549266,0.39083076920387183,A,A,1,0.15798555227884908,0.3890002114660533,0.06011286409574209,0.27002127469345333,0.15274869015649012,True
2026-06-24,2026,Morocco,Haiti,4,2,0.6449496205848726,0.20886743425227072,0.14618294516285668,0.445123320221325,0.38035484777263795,H,H,1,0.19105583047043934,0.43858307285727616,0.07371511268965635,0.3078881297622063,0.3839601146788707,True
2026-06-25,2026,United States,Turkey,2,3,0.5843141900822877,0.20944108715704965,0.2062447227606627,0.5629621099103681,0.5520841679663184,H,A,0,1.015336081866344,1.5786918407096584,0.4857352564384086,0.19100211737399717,0.20062859258642524,True
2026-06-25,2026,Paraguay,Australia,0,0,0.3126778320452416,0.2742491415306501,0.41307302642410837,0.31676511554310877,0.3682275628772791,A,D,0,0.7951110603806828,1.293718310075452,0.13419837590584216,0.10034013842503904,0.13559153806254054,True
2026-06-25,2026,Curaçao,Ivory Coast,0,2,0.22545751269167108,0.2475269284203091,0.5270155588880199,0.38311042194512246,0.39151863421620275,A,A,1,0.33581495185632004,0.6405252073699058,0.13727268578156362,0.14677359540296978,0.15328684093852077,True
2026-06-25,2026,Ecuador,Germany,2,1,0.2669100102965954,0.24982373713097633,0.4832662525724283,0.4024666202443404,0.4482071066914718,A,H,0,0.8333791035128232,1.320843717480321,0.385483601939368,0.3570461399222214,0.3044753971057968,True
2026-06-25,2026,Japan,Sweden,1,1,0.5073823729950058,0.23140098554976868,0.2612166414552255,0.5027222561933656,0.5011086548732087,H,D,0,0.9164154512130578,1.463603205157436,0.1628355030995955,0.25272966687214793,0.24889257424241923,True
2026-06-25,2026,Tunisia,Netherlands,1,3,0.17918100898282405,0.21910153691925516,0.6017174540979208,0.4004005365820457,0.4224026447357316,A,A,1,0.23874030383072448,0.5079672892026124,0.09536741017517236,0.35951951653109865,0.33361870480827743,True
2026-06-26,2026,Egypt,Iran,1,1,0.3131745245675728,0.27676699613579897,0.41005847929662825,0.32166043227173674,0.3772268761347977,A,D,0,0.7892922171596239,1.2845792959609579,0.13311311964059425,0.10346543368924054,0.38784636380882265,True
2026-06-26,2026,New Zealand,Belgium,1,5,0.17922094286841758,0.21709257902106902,0.6036864781105135,0.48001524172504967,0.46401835773259875,A,A,1,0.2363137418611122,0.5047002917898656,0.09459227699754659,0.27038414883825856,0.2872763208476605,True
2026-06-26,2026,Cape Verde,Saudi Arabia,0,0,0.3376408437507775,0.2843565681087539,0.37800258814046855,0.2795655441560962,0.34092624123203397,A,D,0,0.7690328176187102,1.2575263068192781,0.1284436480048148,0.07815689347929416,0.11623070196060302,True
2026-06-26,2026,Uruguay,Spain,0,1,0.2752072821577525,0.2646827599317929,0.4601099579104546,0.35940619183483996,0.40108603635865,A,A,1,0.43727726910521897,0.7762897791284799,0.18361015285005394,0.1291728107292218,0.1608700085618923,True
2026-06-26,2026,Norway,France,1,4,0.1770056752247758,0.2089923673049942,0.61400195747023,0.5018255760222889,0.4893537875037833,A,A,1,0.22400330749033856,0.4877571627778126,0.09016274894929646,0.24817775670552422,0.26075955433673137,True
2026-06-26,2026,Senegal,Iraq,5,0,0.4890495753909772,0.2731515173014628,0.23779890730756,0.302995375176677,0.34038298210183504,H,H,1,0.3922304081289016,0.7152914134783457,0.1588093283624051,0.4858154470251013,0.11586057450453816,True
2026-06-27,2026,Algeria,Austria,3,3,0.39578256377727505,0.2528973600579342,0.3513200761647908,0.4491230153073546,0.4895702329886001,H,D,0,0.8382319883149513,1.3747715640402811,0.1400348168532736,0.303465452264061,0.2605385470513121,True
2026-06-27,2026,Jordan,Argentina,1,3,0.0905578419613173,0.1712794005730075,0.7381627574656752,0.4841396056874447,0.37225434626765824,A,A,1,0.10609609737931854,0.3035909401253449,0.038379732159334885,0.266111946420305,0.3940646057798452,True
2026-06-27,2026,Colombia,Portugal,0,0,0.40161337204254177,0.2570938991515402,0.3412927288059181,0.4147439047541806,0.46355566624874767,H,D,0,0.829683502017033,1.3583138944685427,0.13888701366958547,0.17201250653074482,0.21488385571132035,True
2026-06-27,2026,DR Congo,Uzbekistan,3,1,0.3186621665976925,0.30118639927587454,0.38015143412643304,0.242006274840325,0.3089770122985788,A,H,0,0.6994496032025008,1.1436237762539139,0.30436817804686706,0.5745544873814409,0.4775127695317984,True
2026-06-27,2026,Panama,England,0,2,0.10403888262079687,0.17506754097197746,0.7208935764072256,0.5079302036079598,0.41604340233614673,A,A,1,0.11937312868970816,0.32726375812978603,0.04436224239386656,0.2579930917372235,0.17309211262743687,True
2026-06-27,2026,Croatia,Ghana,2,1,0.5799413765312064,0.2321323538525994,0.18792626961619424,0.41953365992392727,0.4115621557866688,H,H,1,0.26565095966750474,0.5448282554962846,0.10588276498117816,0.33694117196131096,0.34625909650243253,True
2026-06-28,2026,South Africa,Canada,0,1,0.27765203278710604,0.2512573618315808,0.47109060538131314,0.3898762550262781,0.4128100468505206,A,A,1,0.41996606090128397,0.7527048353529009,0.17841789951335904,0.15200349423331544,0.170412134780729,True
2026-06-29,2026,Brazil,Japan,2,1,0.5237893124794714,0.2410097534693506,0.235200934051178,0.4347671273952029,0.46041968831864943,H,H,1,0.3401817995546783,0.6466657509359468,0.1410480491436606,0.31948820027307073,0.29114691275414345,True
2026-06-29,2026,Germany,Paraguay,1,1,0.5740410121104065,0.2299763991840622,0.19598258870553126,0.440657042241335,0.4445916011128949,H,D,0,0.960868604474004,1.4697785875671459,0.18396612933023065,0.1941786288768817,0.30847848955433754,True
2026-06-29,2026,Netherlands,Morocco,1,1,0.4033012088332621,0.2647445488073102,0.3319542423594277,0.33579592978091255,0.3962915301627787,H,D,0,0.813446062575358,1.3289898846755428,0.13642274203339608,0.11275890645742755,0.3644639165531991,True
2026-06-30,2026,Ivory Coast,Norway,1,2,0.3316269680001363,0.2604810984634236,0.4078919335364401,0.4083343937062112,0.4563907203324832,A,A,1,0.5284188109328907,0.8967530084451418,0.23028420413808942,0.35006818967099673,0.2955110489406365,True
2026-06-30,2026,France,Sweden,3,0,0.6617146711263373,0.19379328705697563,0.1444920418166871,0.5046106944195881,0.46898796597840986,H,H,1,0.17287075198786475,0.41292082633997856,0.06765745693975869,0.24541056408344275,0.21994971223256612,True
2026-06-30,2026,Mexico,Ecuador,2,0,0.46298179005699724,0.2689618085206256,0.2680564014223772,0.3356402816821697,0.3913119798918961,H,H,1,0.43258324659658726,0.7700675559998202,0.1801213960769508,0.11265439868768622,0.1531250656069157,True
2026-07-01,2026,England,DR Congo,2,1,0.6309680425729631,0.2284046314619607,0.1406273259650762,0.3539724140725137,0.3173015640413432,H,H,1,0.2081293060837922,0.4605000634081459,0.07798031520525908,0.41735164177929573,0.46607715446039616,True
2026-07-01,2026,Belgium,Senegal,3,2,0.4858194030766373,0.257619574764682,0.25656102215868065,0.37133113473989054,0.41870960974833926,H,H,1,0.3965730896455082,0.721918322749257,0.16510262217178634,0.39522454214743363,0.33789851779892804,True
2026-07-01,2026,United States,Bosnia and Herzegovina,2,0,0.6942364074451051,0.17807180834524905,0.12769178420964594,0.5719599757028241,0.44842653413661065,H,H,1,0.1415061352140657,0.3649427317479964,0.05489828314335929,0.32713821380597513,0.20108635651777285,True
2026-07-02,2026,Spain,Austria,3,0,0.6096462836507558,0.21192589741573942,0.17842781893350473,0.4991351014550257,0.45142747429580854,H,H,1,0.22912509643250029,0.49487635286788567,0.0921062552185169,0.25086564659446736,0.2037867645490929,True
2026-07-02,2026,Portugal,Croatia,2,1,0.4707643963995081,0.24632595191106535,0.28290965168942656,0.45078537112851347,0.4754512067309857,H,H,1,0.4208046697223022,0.7533975300760416,0.18006409756870484,0.3016367085664447,0.2751514365199791,True
2026-07-02,2026,Switzerland,Algeria,2,0,0.3965561873666309,0.24581123149186962,0.35763258114149954,0.49101545095153676,0.5251501922434639,H,H,1,0.5524686596269774,0.9249375395821473,0.246022749049714,0.241096173073141,0.2757827244133471,True
2026-07-03,2026,Australia,Egypt,1,1,0.40104887001385164,0.28041823245614117,0.31853289753000724,0.30635070265878506,0.3643405860027187,H,D,0,0.7801013231297935,1.2714731029108528,0.1311517014741247,0.09385075301953133,0.4040628906033671,True
2026-07-03,2026,Argentina,Cape Verde,3,2,0.7722972505555017,0.15914067086525674,0.06856207857924158,0.46236407816881026,0.2846061208979969,H,H,1,0.08187505384713406,0.25838576348641185,0.02827465036184504,0.28905238444327314,0.5117884022566115,True
2026-07-03,2026,Colombia,Ghana,1,0,0.6996453410050264,0.19094686924519666,0.10940778974977691,0.44721482337932883,0.36833834792926556,H,H,1,0.1386436925124605,0.3571817280392096,0.05109149281895914,0.2000010982502043,0.1356731385552607,True
2026-07-04,2026,Canada,Morocco,0,3,0.23184778279064697,0.2709762047942757,0.4971760124150774,0.3099756137050221,0.35744425465591684,A,A,1,0.3800134604404506,0.6988111658531954,0.15329267843787073,0.47613365368176097,0.1277663951865239,True
2026-07-04,2026,Paraguay,France,0,1,0.1357600381795618,0.21098247846247803,0.6532574833579602,0.37610768549476864,0.3708561821132073,A,A,1,0.18317476703194135,0.42578391906653207,0.06933058040688567,0.1414569910882318,0.13753430781158438,True
2026-07-05,2026,Brazil,Norway,1,2,0.6152619406764989,0.21283907096274585,0.17189898836075537,0.49119899210391055,0.45418863566632367,H,A,0,1.1095990112512368,1.7608482516557036,0.532149270561476,0.2588784656360764,0.2979100454357892,True
2026-07-05,2026,Mexico,England,2,3,0.32416553268882714,0.2608823960602055,0.41495207125096734,0.39850675544116143,0.44454825859078495,A,A,1,0.5154239960910783,0.8795922563825579,0.22368218575848214,0.3617941232499188,0.3085266370345295,True
2026-07-06,2026,Portugal,Spain,0,1,0.31868721477478495,0.24566498330688452,0.4356478019183306,0.4822430626883393,0.511774848421815,A,A,1,0.4804062283636937,0.8309211558395931,0.2100274721702609,0.2325583715110295,0.2619134954771717,True
2026-07-06,2026,United States,Belgium,1,4,0.32160896958912716,0.24112748699179942,0.4372635434190735,0.5141138372795595,0.5403897567854666,A,A,1,0.4782471138684175,0.8272191914771814,0.21005232444271854,0.2360853631231944,0.2112415756677225,True
2026-07-07,2026,Argentina,Egypt,3,2,0.6614408715469083,0.21978665563810545,0.11877247281498621,0.33706697744929914,0.31409261823611845,H,H,1,0.1770353577540868,0.4133346848388574,0.06436459187875182,0.43948019238820807,0.47046893635818315,True
2026-07-07,2026,Switzerland,Colombia,0,0,0.23337145058302342,0.24074511641010127,0.5258834330068753,0.44017927294230574,0.4585102151860961,A,D,0,0.9074835973134318,1.424016513410573,0.16550780952916064,0.1937577923280169,0.21023161743000013,True
2026-07-09,2026,France,Morocco,2,0,0.4640515679430253,0.2696028754222758,0.26634555663469883,0.29300272166195795,0.3595752778599536,H,H,1,0.4308663877993364,0.7677595951229862,0.1790903386816886,0.0858505949013148,0.12929438044806282,True
2026-07-10,2026,Spain,Belgium,2,1,0.43581943023240116,0.2415321772381513,0.32264839252944755,0.48111837372283967,0.5042141890358798,H,H,1,0.4807394931465305,0.8305272722603656,0.2112008502525644,0.26923814208803065,0.24580357035335035,True
