minute,p_home_shot,p_away_shot,p_home_sot,p_away_sot,p_home_goal,p_away_goal,p_home_foul,p_away_foul,p_home_yellow,p_away_yellow,p_home_red,p_away_red,p_home_penalty,p_away_penalty,p_home_corner,p_away_corner,p_var_review,p_any_injury,p_any_substitution,expected_home_possession,p_home_leading_after,p_draw_after,p_away_leading_after,expected_score_home_after,expected_score_away_after,most_likely_score_after
1,0.11746,0.11027,0.04327,0.04101,0.0127,0.012575,0.098045,0.087545,0.01425,0.01283,0.000845,0.00079,0.00194,0.00153,0.03127,0.027565,0.00433,0.00123,0.00123,0.5044132310640536,0.01254,0.975045,0.012415,0.01271,0.012595,0-0
2,0.11693,0.1108,0.042645,0.0412,0.012415,0.012345,0.09899,0.086935,0.01411,0.012695,0.000825,0.00081,0.001735,0.00185,0.030725,0.027145,0.00428,0.001205,0.001205,0.5044106810640536,0.024365,0.95144,0.024195,0.02514,0.02496,0-0
3,0.1162,0.11174,0.04144,0.041445,0.01266,0.012625,0.097,0.086685,0.01395,0.012095,0.0008,0.00075,0.00177,0.001635,0.03077,0.027505,0.004285,0.00105,0.00105,0.5044079560640535,0.03594,0.928275,0.035785,0.037805,0.03759,0-0
4,0.117125,0.11092,0.042685,0.04159,0.01242,0.01272,0.09852,0.08739,0.01425,0.012675,0.000915,0.00078,0.001655,0.00175,0.03049,0.02747,0.004265,0.0012,0.0012,0.5044105560640535,0.046745,0.90634,0.046915,0.05024,0.050325,0-0
5,0.117875,0.11158,0.04347,0.04165,0.01271,0.01245,0.098475,0.087565,0.01417,0.01251,0.0009,0.000815,0.001735,0.0016,0.031145,0.02815,0.00426,0.001155,0.001155,0.5043954060640536,0.057655,0.884795,0.05755,0.062965,0.06279,0-0
6,0.11631,0.111055,0.04266,0.041005,0.01266,0.012345,0.098325,0.08754,0.014165,0.012445,0.00093,0.000805,0.001755,0.00155,0.030515,0.027275,0.00452,0.001145,0.001145,0.5043851810640536,0.067925,0.864315,0.06776,0.075635,0.07515,0-0
7,0.11698,0.112005,0.042325,0.041375,0.012325,0.012455,0.097755,0.08641,0.014645,0.012305,0.00102,0.000735,0.001655,0.001625,0.031915,0.02813,0.00431,0.001125,0.001125,0.5043715560640536,0.07751,0.845005,0.077485,0.08797,0.087625,0-0
8,0.11784,0.11106,0.04332,0.041415,0.012575,0.01251,0.098885,0.087415,0.01416,0.01281,0.000915,0.000915,0.00182,0.00166,0.03164,0.028115,0.004345,0.0013,0.0013,0.5043747060640537,0.086765,0.826405,0.08683,0.100565,0.10015,0-0
9,0.11592,0.1101,0.04247,0.04135,0.01254,0.01243,0.09854,0.087915,0.01407,0.012985,0.00087,0.000755,0.001645,0.001625,0.03081,0.027515,0.004165,0.001135,0.001135,0.5043654810640537,0.09591,0.808165,0.095925,0.11312,0.112585,0-0
10,0.11577,0.11052,0.042545,0.040835,0.01276,0.012175,0.09714,0.087415,0.014635,0.013405,0.00084,0.000815,0.001835,0.0016,0.030155,0.02799,0.004345,0.001095,0.001095,0.5043486310640536,0.104865,0.79069,0.104445,0.1259,0.124765,0-0
11,0.129665,0.124175,0.04765,0.046055,0.013965,0.01362,0.11019,0.098265,0.01617,0.01424,0.001105,0.000955,0.00201,0.00167,0.03397,0.03061,0.00483,0.00116,0.00116,0.5043191060640536,0.11449,0.772005,0.113505,0.13989,0.138405,0-0
12,0.130925,0.124775,0.047575,0.04591,0.0142,0.01395,0.109575,0.09837,0.015715,0.014075,0.00091,0.000915,0.002065,0.001895,0.03407,0.03067,0.004775,0.00111,0.00111,0.5043070060640535,0.12386,0.75362,0.12252,0.15411,0.152385,0-0
13,0.130775,0.1249,0.047525,0.04569,0.01386,0.01361,0.108525,0.09786,0.015345,0.01408,0.000935,0.000875,0.00196,0.001885,0.035105,0.031005,0.004905,0.00116,0.00116,0.5043008310640537,0.1325,0.736405,0.131095,0.16798,0.166025,0-0
14,0.130345,0.12506,0.047455,0.0459,0.013255,0.013635,0.10888,0.09813,0.016075,0.01424,0.00103,0.00084,0.00182,0.001735,0.034825,0.03106,0.004675,0.001215,0.001215,0.5042989810640536,0.140485,0.720135,0.13938,0.181245,0.179685,0-0
15,0.131325,0.12465,0.047875,0.04621,0.01399,0.014055,0.109765,0.0978,0.01573,0.014235,0.00099,0.000885,0.002015,0.0018,0.03446,0.03098,0.004605,0.001175,0.001175,0.5042974060640536,0.148655,0.703645,0.1477,0.195245,0.19376,0-0
16,0.130785,0.125605,0.04736,0.04653,0.013975,0.01443,0.109675,0.098085,0.015905,0.014575,0.001025,0.00079,0.002145,0.001965,0.03507,0.031335,0.004935,0.001175,0.001175,0.5043104810640536,0.15625,0.687645,0.156105,0.20924,0.20822,0-0
17,0.129195,0.12307,0.046765,0.046325,0.01366,0.01368,0.110115,0.09771,0.016215,0.014315,0.000915,0.000915,0.001965,0.00187,0.03449,0.030415,0.00473,0.001205,0.001205,0.5043132810640536,0.16361,0.672845,0.163545,0.22293,0.22191,0-0
18,0.13048,0.12525,0.04735,0.047035,0.01366,0.013775,0.11025,0.096545,0.015915,0.014355,0.001025,0.001055,0.001845,0.00183,0.034205,0.03162,0.004705,0.001095,0.001095,0.5043208310640537,0.170595,0.658715,0.17069,0.23661,0.235695,0-0
19,0.13009,0.12358,0.04814,0.045745,0.014065,0.01379,0.109735,0.097585,0.016715,0.01415,0.00106,0.000845,0.002045,0.001905,0.034175,0.03068,0.00506,0.00124,0.00124,0.5043017810640537,0.177585,0.64488,0.177535,0.25071,0.249495,0-0
20,0.131725,0.124095,0.048225,0.04594,0.01407,0.01341,0.110995,0.097325,0.016465,0.01448,0.00111,0.000925,0.00221,0.00177,0.034995,0.030875,0.005035,0.00109,0.00109,0.5042705060640535,0.184535,0.63153,0.183935,0.2648,0.262915,0-0
21,0.131235,0.12463,0.047425,0.04684,0.01386,0.01439,0.1088,0.09765,0.01578,0.014045,0.00106,0.000865,0.002035,0.0018,0.034225,0.031235,0.004945,0.001095,0.001095,0.5042681560640536,0.1907,0.618905,0.190395,0.27867,0.27733,0-0
22,0.13064,0.12436,0.046965,0.046285,0.01359,0.01397,0.110005,0.097325,0.01601,0.01396,0.000955,0.00088,0.002005,0.00194,0.03457,0.031205,0.004795,0.001235,0.001235,0.5042739560640537,0.19689,0.60622,0.19689,0.29228,0.291305,0-0
23,0.13065,0.124995,0.04802,0.046865,0.01414,0.014325,0.1098,0.097175,0.01606,0.01403,0.00094,0.00085,0.001925,0.001855,0.034775,0.03114,0.00473,0.00119,0.00119,0.5042779060640535,0.20268,0.59436,0.20296,0.30643,0.30563,0-0
24,0.129585,0.12377,0.046925,0.04572,0.014005,0.01376,0.11006,0.09824,0.01582,0.01409,0.00108,0.00069,0.001915,0.001745,0.034145,0.03107,0.00468,0.00114,0.00114,0.5042431060640535,0.20849,0.58301,0.2085,0.32045,0.3194,0-0
25,0.131195,0.12396,0.04778,0.045995,0.01386,0.01361,0.1104,0.09777,0.016025,0.01433,0.000945,0.00088,0.002135,0.00167,0.034515,0.031235,0.004995,0.001215,0.001215,0.5042381810640536,0.214005,0.572,0.213995,0.334325,0.333015,0-0
26,0.13989,0.132655,0.050775,0.049345,0.01518,0.01468,0.117725,0.104175,0.017285,0.01484,0.000975,0.00098,0.00206,0.002005,0.03683,0.032475,0.005075,0.001255,0.001255,0.5042260810640535,0.219775,0.560815,0.21941,0.349515,0.3477,0-0
27,0.14025,0.1326,0.051115,0.049105,0.01517,0.014455,0.119975,0.104735,0.017425,0.015155,0.001075,0.00091,0.002215,0.002015,0.03706,0.03285,0.005035,0.001135,0.001135,0.5042006560640536,0.2255,0.549785,0.224715,0.36469,0.36217,0-0
28,0.138475,0.134445,0.0505,0.049,0.014825,0.014875,0.11863,0.10445,0.017455,0.015725,0.001005,0.00094,0.00229,0.00185,0.037005,0.03345,0.00537,0.00121,0.00121,0.5041981810640536,0.23095,0.538835,0.230215,0.37953,0.377055,0-0
29,0.14034,0.132275,0.05088,0.04912,0.01487,0.014875,0.1184,0.10498,0.017195,0.015235,0.00105,0.00094,0.00195,0.00212,0.037515,0.03226,0.00506,0.001125,0.001125,0.5041962810640536,0.236045,0.528495,0.23546,0.39442,0.39197,0-0
30,0.14057,0.13378,0.050985,0.05029,0.015045,0.01512,0.11647,0.10432,0.01719,0.015145,0.000925,0.001005,0.00211,0.00217,0.03668,0.03371,0.005195,0.0012,0.0012,0.5042121560640536,0.24087,0.51854,0.24059,0.40948,0.40709,0-0
31,0.139465,0.13296,0.050845,0.04963,0.015025,0.01477,0.116765,0.1045,0.017485,0.01527,0.000875,0.00079,0.002215,0.00193,0.03685,0.03299,0.00535,0.001285,0.001285,0.5042068060640535,0.24556,0.509155,0.245285,0.42453,0.421895,0-0
32,0.13993,0.133155,0.051365,0.04951,0.01509,0.014535,0.117825,0.10561,0.01739,0.015385,0.001055,0.0009,0.002185,0.00194,0.036765,0.033725,0.005465,0.00117,0.00117,0.5041827310640535,0.24983,0.501015,0.249155,0.43965,0.43646,0-0
33,0.13993,0.133455,0.05037,0.04959,0.01467,0.01514,0.117575,0.10377,0.01741,0.015055,0.00115,0.00097,0.002115,0.00188,0.037205,0.03316,0.005035,0.00112,0.00112,0.5041804810640536,0.253955,0.492495,0.25355,0.45434,0.451635,0-0
34,0.140315,0.134595,0.05176,0.049855,0.01548,0.0147,0.11824,0.10405,0.017185,0.01535,0.001115,0.00097,0.002245,0.002145,0.03673,0.033095,0.005465,0.00112,0.00112,0.5041582810640536,0.2581,0.48457,0.25733,0.46984,0.466335,0-0
35,0.14136,0.1328,0.051625,0.049,0.015,0.01455,0.11872,0.10472,0.01732,0.01539,0.00109,0.00097,0.0021,0.001895,0.03742,0.03356,0.00517,0.001175,0.001175,0.5041289560640536,0.262705,0.475975,0.26132,0.48488,0.480905,0-0
36,0.140195,0.13413,0.05133,0.049745,0.01494,0.01534,0.11635,0.103615,0.01713,0.01535,0.001025,0.001005,0.002175,0.001875,0.03711,0.03335,0.005305,0.00118,0.00118,0.5041465560640536,0.266345,0.468155,0.2655,0.49984,0.496265,0-0
37,0.14039,0.13287,0.050895,0.04933,0.014745,0.014505,0.11709,0.10361,0.017225,0.015335,0.00101,0.0009,0.002135,0.00193,0.03707,0.033205,0.005035,0.001135,0.001135,0.5041387060640535,0.270135,0.460595,0.26927,0.514615,0.5108,0-0
38,0.141615,0.132785,0.05157,0.049145,0.01505,0.01499,0.11824,0.10426,0.017105,0.01558,0.0009,0.000935,0.002135,0.00204,0.03824,0.03294,0.00522,0.001265,0.001265,0.5041397560640535,0.273805,0.45329,0.272905,0.529675,0.52582,0-0
39,0.141065,0.133855,0.051865,0.04969,0.015155,0.01447,0.117615,0.10444,0.0176,0.015655,0.00104,0.00085,0.00218,0.001995,0.03757,0.033775,0.005235,0.001125,0.001125,0.5041338810640535,0.27701,0.446695,0.276295,0.544845,0.54031,0-0
40,0.13939,0.13273,0.050825,0.04957,0.01471,0.014855,0.117365,0.104925,0.016935,0.01568,0.001125,0.000935,0.002115,0.00196,0.03679,0.032505,0.005235,0.001095,0.001095,0.5041138310640536,0.280335,0.440265,0.2794,0.55958,0.55519,0-0
41,0.148005,0.141235,0.05345,0.052585,0.015725,0.01575,0.123395,0.11066,0.017705,0.01606,0.00119,0.000905,0.00226,0.002165,0.03908,0.03588,0.005385,0.00128,0.00128,0.5040963560640536,0.283635,0.433635,0.28273,0.57532,0.57097,0-0
42,0.14914,0.142415,0.05353,0.05243,0.015665,0.01569,0.12631,0.111265,0.01887,0.01622,0.00106,0.00109,0.00224,0.002145,0.039785,0.034995,0.00539,0.001105,0.001105,0.5041121089581483,0.286895,0.42672,0.286385,0.591025,0.58669,0-0
43,0.147605,0.1406,0.053405,0.051765,0.015875,0.01596,0.12357,0.111355,0.01765,0.0162,0.001095,0.000985,0.00234,0.002235,0.039475,0.035025,0.00562,0.001085,0.001085,0.5041028589581483,0.289915,0.42074,0.289345,0.606925,0.60266,0-0
44,0.148365,0.14228,0.054105,0.05263,0.015925,0.01583,0.125005,0.109715,0.01863,0.016525,0.00118,0.00092,0.002465,0.00225,0.039175,0.03594,0.005625,0.001375,0.001375,0.5040864839581483,0.29281,0.414935,0.292255,0.62288,0.61851,0-0
45,0.150095,0.14191,0.05543,0.05307,0.01644,0.015905,0.124225,0.10961,0.01834,0.016005,0.00119,0.001065,0.002495,0.00222,0.03959,0.03513,0.00578,0.00107,0.00107,0.5040622589581483,0.29623,0.408555,0.295215,0.639325,0.634435,0-0
46,0.149025,0.141865,0.05487,0.05345,0.016625,0.01612,0.12652,0.110505,0.01835,0.01643,0.00096,0.00104,0.00243,0.00217,0.03885,0.0353,0.005555,0.001025,0.001025,0.5040637839581482,0.299055,0.40301,0.297935,0.65598,0.650575,0-0
47,0.1485,0.141695,0.054345,0.052315,0.015675,0.0152,0.12512,0.1113,0.018035,0.015685,0.001305,0.00105,0.00231,0.001935,0.039195,0.035805,0.00546,0.001165,0.001165,0.5040416089581483,0.30177,0.39774,0.30049,0.671695,0.6658,0-0
48,0.149625,0.14084,0.05461,0.052785,0.016325,0.016,0.123425,0.111205,0.01792,0.016545,0.00103,0.001095,0.002185,0.002185,0.03958,0.03535,0.005615,0.0012,0.0012,0.5040484589581482,0.30426,0.392685,0.303055,0.68805,0.68182,0-0
49,0.148475,0.143715,0.053825,0.053495,0.015875,0.015815,0.124375,0.11046,0.01804,0.016295,0.00124,0.000955,0.00233,0.002315,0.03891,0.036665,0.00589,0.00115,0.00115,0.5040330839581482,0.306855,0.387405,0.30574,0.703965,0.69764,0-0
50,0.14994,0.140515,0.054835,0.05197,0.01591,0.01579,0.12536,0.110125,0.018135,0.01621,0.00114,0.000885,0.002355,0.002185,0.03991,0.035055,0.00555,0.00113,0.00113,0.5040084589581483,0.309405,0.382535,0.30806,0.7199,0.71343,0-0
51,0.138315,0.13074,0.05034,0.04853,0.014715,0.014715,0.11448,0.103015,0.016655,0.014885,0.000975,0.00102,0.002175,0.001905,0.03614,0.03234,0.00526,0.00117,0.00117,0.5040064839581483,0.311635,0.378215,0.31015,0.73465,0.728155,0-0
52,0.13801,0.13113,0.050075,0.047675,0.014665,0.01482,0.11552,0.102015,0.016705,0.014725,0.000955,0.000955,0.00221,0.00184,0.036895,0.032825,0.005125,0.00115,0.00115,0.5040045589581482,0.313895,0.37375,0.312355,0.749345,0.742985,0-0
53,0.138345,0.13004,0.05036,0.048635,0.01458,0.014705,0.115825,0.101265,0.01704,0.01512,0.00108,0.000885,0.002055,0.00205,0.036975,0.032045,0.005195,0.00115,0.00115,0.5039894339581483,0.315795,0.37002,0.314185,0.76396,0.757705,0-0
54,0.136175,0.13192,0.04923,0.04842,0.014225,0.01462,0.114875,0.10337,0.01669,0.01513,0.001005,0.00097,0.002015,0.00189,0.035715,0.032745,0.00506,0.001185,0.001185,0.5039890839581482,0.317505,0.366545,0.31595,0.778195,0.77235,0-0
55,0.13848,0.132565,0.04993,0.049605,0.01472,0.01481,0.11485,0.10235,0.016905,0.01459,0.000975,0.000885,0.00208,0.00206,0.036075,0.03279,0.005235,0.001085,0.067905,0.5039823589581482,0.319345,0.36289,0.317765,0.79294,0.787205,0-0
56,0.139455,0.13154,0.05143,0.048565,0.01526,0.01468,0.114735,0.1027,0.016505,0.015295,0.001,0.000845,0.002355,0.001975,0.037125,0.03315,0.00529,0.001285,0.073555,0.5039540839581482,0.32158,0.35894,0.31948,0.808235,0.801925,0-0
57,0.13811,0.132965,0.050735,0.049525,0.014795,0.015075,0.11692,0.10273,0.016815,0.01523,0.00113,0.00102,0.002135,0.002045,0.036935,0.033335,0.005435,0.00129,0.08151,0.5039411589581483,0.323365,0.355535,0.3211,0.823045,0.817015,0-0
58,0.137685,0.132625,0.05026,0.049135,0.014755,0.0146,0.115185,0.10243,0.01685,0.01506,0.00086,0.001035,0.001915,0.001765,0.037345,0.033485,0.005025,0.001065,0.09076,0.5039570839581482,0.3249,0.352335,0.322765,0.837825,0.831625,0-0
59,0.137515,0.132115,0.050295,0.049405,0.01486,0.01513,0.115385,0.10122,0.017095,0.014985,0.00102,0.001025,0.00238,0.00207,0.035855,0.03268,0.00544,0.001055,0.103185,0.5039602089581483,0.32644,0.349175,0.324385,0.852715,0.84677,0-0
60,0.137885,0.13185,0.05004,0.049035,0.01486,0.014315,0.114725,0.102175,0.01667,0.015245,0.00103,0.00097,0.00213,0.0019,0.03587,0.03311,0.00502,0.001155,0.11742,0.5039375839581484,0.328295,0.346,0.325705,0.867595,0.861095,0-0
61,0.138795,0.132135,0.05157,0.04976,0.015325,0.015235,0.11623,0.10315,0.016855,0.015605,0.0011,0.000975,0.00215,0.00205,0.03698,0.03306,0.00501,0.001185,0.13318,0.5039177339581483,0.33011,0.342705,0.327185,0.882945,0.87636,0-0
62,0.1403,0.132085,0.05092,0.049315,0.01472,0.014895,0.11523,0.10233,0.01696,0.01496,0.001055,0.000895,0.002005,0.002,0.03735,0.03291,0.005005,0.00111,0.151895,0.503899961852243,0.331465,0.340205,0.32833,0.8977,0.891275,0-0
63,0.13864,0.132485,0.050145,0.04948,0.014845,0.014975,0.114915,0.103135,0.01673,0.014505,0.00109,0.00101,0.002125,0.00198,0.03685,0.032975,0.005225,0.00116,0.170205,0.503899486852243,0.332805,0.33739,0.329805,0.912585,0.906255,0-0
64,0.138515,0.131825,0.05036,0.049075,0.01472,0.014755,0.117195,0.10431,0.01719,0.01538,0.00117,0.00094,0.002075,0.00195,0.036605,0.03263,0.00526,0.00125,0.19033,0.503882786852243,0.334365,0.33432,0.331315,0.92733,0.92103,0-0
65,0.138655,0.132365,0.05026,0.05028,0.014525,0.015125,0.11554,0.102905,0.01698,0.01508,0.001045,0.000905,0.0022,0.00201,0.03716,0.033215,0.00528,0.001155,0.20889,0.5038849089581483,0.335615,0.3315,0.332885,0.94187,0.93618,0-0
66,0.14754,0.14156,0.054585,0.05261,0.015825,0.01575,0.123075,0.10923,0.018175,0.01595,0.001075,0.00102,0.002325,0.00219,0.038945,0.035555,0.00544,0.001165,0.22753,0.5038802839581483,0.33699,0.32878,0.33423,0.957725,0.95195,0-0
67,0.148065,0.141395,0.05399,0.05257,0.016035,0.015555,0.12387,0.1091,0.018385,0.01642,0.001065,0.001115,0.00224,0.001965,0.03844,0.035505,0.00547,0.001245,0.242605,0.5038824839581483,0.338175,0.32644,0.335385,0.973785,0.967525,1-1
68,0.14775,0.142535,0.05372,0.053415,0.015985,0.0162,0.12389,0.110525,0.017835,0.016385,0.00117,0.00105,0.00223,0.002285,0.03878,0.03501,0.0057,0.001305,0.253685,0.5038883339581482,0.339335,0.32373,0.336935,0.98979,0.98374,1-1
69,0.148845,0.140975,0.054665,0.05243,0.016235,0.015895,0.12447,0.109295,0.01797,0.015985,0.00111,0.00096,0.002225,0.002235,0.039765,0.035425,0.005445,0.001265,0.261215,0.5038768339581483,0.34094,0.32057,0.33849,1.00607,0.999675,1-1
70,0.148575,0.143095,0.05366,0.05338,0.015735,0.016505,0.123675,0.110895,0.01791,0.016195,0.00114,0.00089,0.00229,0.00221,0.03978,0.035865,0.00539,0.00128,0.26267,0.5038719589581483,0.34204,0.318045,0.339915,1.02182,1.016205,1-1
71,0.147805,0.14125,0.05382,0.05193,0.015645,0.015395,0.12357,0.109645,0.018225,0.015805,0.00114,0.001085,0.002275,0.00232,0.039735,0.035295,0.00552,0.001335,0.25926,0.5038718839581482,0.34322,0.315585,0.341195,1.03747,1.03164,1-1
72,0.14866,0.141415,0.0544,0.052905,0.015935,0.01581,0.12386,0.109375,0.018085,0.0161,0.00115,0.000985,0.002475,0.00213,0.03929,0.03522,0.005465,0.001455,0.25218,0.5038583589581483,0.34441,0.313285,0.342305,1.053435,1.04746,1-1
73,0.149765,0.142545,0.05434,0.052405,0.015375,0.015795,0.12377,0.107955,0.018165,0.01544,0.00105,0.000875,0.002305,0.00203,0.039585,0.035805,0.005235,0.00147,0.242475,0.5038565868522429,0.34572,0.31039,0.34389,1.06884,1.063265,1-1
74,0.14942,0.142765,0.05466,0.052675,0.01579,0.01611,0.123255,0.1094,0.018395,0.01604,0.001155,0.00087,0.002255,0.00205,0.039765,0.035,0.0052,0.001365,0.233045,0.5038373618522429,0.346885,0.30808,0.345035,1.084645,1.079395,1-1
75,0.149795,0.14308,0.054165,0.05307,0.01569,0.015945,0.123235,0.10944,0.018165,0.01601,0.001095,0.000965,0.0021,0.00219,0.039935,0.035265,0.005095,0.001455,0.22436,0.5038390618522429,0.34757,0.30642,0.34601,1.10034,1.09534,1-1
76,0.16999,0.16072,0.062125,0.059665,0.01784,0.018015,0.139715,0.124445,0.020155,0.01879,0.001195,0.00114,0.00258,0.002515,0.04537,0.039835,0.006265,0.00137,0.219975,0.5038321618522429,0.34891,0.303835,0.347255,1.118205,1.11339,1-1
77,0.17133,0.16268,0.062045,0.059725,0.017965,0.01776,0.138815,0.12518,0.02013,0.018165,0.001155,0.00117,0.002485,0.002385,0.04559,0.041315,0.006295,0.001665,0.218185,0.5038313647463376,0.34991,0.301885,0.348205,1.136235,1.131175,1-1
78,0.168175,0.162875,0.062485,0.06042,0.01791,0.01808,0.1401,0.125075,0.02045,0.017985,0.00119,0.0011,0.002565,0.002285,0.04367,0.04043,0.006295,0.00166,0.223055,0.503822561852243,0.35103,0.29973,0.34924,1.154175,1.149285,1-1
79,0.16986,0.16031,0.061845,0.05964,0.01776,0.01781,0.138885,0.12428,0.019965,0.01811,0.00132,0.00108,0.00255,0.00231,0.044845,0.040125,0.006095,0.00164,0.22629,0.5038031118522429,0.35219,0.29752,0.35029,1.171965,1.16714,1-1
80,0.169135,0.161825,0.06159,0.060415,0.018305,0.017965,0.13993,0.12452,0.01997,0.018275,0.00131,0.001185,0.0027,0.002405,0.04476,0.04054,0.006245,0.001605,0.232605,0.5037999089581482,0.353275,0.29521,0.351515,1.190285,1.185125,1-1
81,0.169455,0.161165,0.0613,0.06007,0.018025,0.017955,0.139995,0.123875,0.020585,0.018135,0.001205,0.00102,0.00237,0.002325,0.044805,0.039925,0.0062,0.00174,0.231705,0.5037910339581483,0.354445,0.29278,0.352775,1.208315,1.20311,1-1
82,0.169295,0.16284,0.06067,0.060625,0.017785,0.017905,0.138515,0.12393,0.0199,0.01809,0.00121,0.00099,0.00253,0.002395,0.04463,0.04018,0.00612,0.001665,0.219765,0.5037700839581483,0.355325,0.29121,0.353465,1.22614,1.221055,1-1
83,0.17052,0.162965,0.062245,0.05999,0.01789,0.0183,0.13861,0.123185,0.019765,0.018,0.001095,0.001125,0.00251,0.002275,0.044995,0.04117,0.00618,0.001805,0.203205,0.5037888339581483,0.3558,0.28978,0.35442,1.244055,1.239385,1-1
84,0.16903,0.160315,0.061595,0.058395,0.017685,0.017545,0.13869,0.12491,0.020325,0.017855,0.001395,0.001175,0.002625,0.002355,0.04534,0.03994,0.00623,0.00169,0.176595,0.5037761089581483,0.356845,0.287645,0.35551,1.261785,1.256965,1-1
85,0.168185,0.162485,0.062005,0.060475,0.01777,0.01825,0.139305,0.12415,0.020215,0.01811,0.00132,0.00097,0.00262,0.002595,0.04392,0.040545,0.00637,0.00167,0.14736,0.5037608839581482,0.357445,0.28623,0.356325,1.279605,1.27525,1-1
86,0.170545,0.16261,0.062585,0.060725,0.01865,0.01833,0.139955,0.123935,0.020815,0.01798,0.001115,0.00116,0.00261,0.00238,0.04495,0.040135,0.006335,0.00189,0.12003,0.5037513839581483,0.3584,0.284675,0.356925,1.29829,1.293615,1-1
87,0.17015,0.161305,0.062295,0.060785,0.018515,0.018445,0.1381,0.123685,0.019785,0.017755,0.001335,0.00122,0.002695,0.002395,0.044765,0.041545,0.006595,0.001955,0.09356,0.5037449589581483,0.35894,0.283565,0.357495,1.316855,1.31208,1-1
88,0.17008,0.16341,0.061705,0.060695,0.018665,0.018095,0.139565,0.124395,0.01998,0.018325,0.001275,0.00105,0.00252,0.002435,0.044145,0.04062,0.00622,0.00186,0.07349,0.5037084589581483,0.36001,0.28205,0.35794,1.33555,1.330225,1-1
89,0.17101,0.16269,0.06229,0.06018,0.01799,0.0181,0.14215,0.12433,0.020655,0.01824,0.00127,0.001165,0.002655,0.002635,0.045575,0.04095,0.00669,0.00192,0.00133,0.5037093339581483,0.36065,0.28055,0.3588,1.35357,1.34835,1-1
90,0.17067,0.16325,0.062005,0.060255,0.01828,0.01863,0.139405,0.123605,0.019885,0.017775,0.00131,0.00107,0.002585,0.00245,0.045215,0.04008,0.00639,0.002,0.00145,0.5037054589581483,0.361115,0.279285,0.3596,1.371885,1.36699,1-1
90+1,0.1871,0.179085,0.068355,0.066245,0.01968,0.020145,0.154945,0.13479,0.02251,0.019675,0.00147,0.00119,0.002795,0.00271,0.049435,0.045605,0.007025,0.00207,0.00145,0.5037000339581482,0.36152,0.27811,0.36037,1.391595,1.387155,1-1
90+2,0.186385,0.180225,0.067905,0.06679,0.01973,0.02025,0.15371,0.136385,0.021975,0.01945,0.00141,0.001265,0.00275,0.00256,0.04842,0.04513,0.007005,0.00194,0.001405,0.5036961868522429,0.362165,0.27666,0.361175,1.411355,1.407435,1-1
90+3,0.185445,0.178345,0.06791,0.06541,0.020085,0.01969,0.15276,0.136625,0.022185,0.019815,0.001355,0.0013,0.002995,0.00274,0.04932,0.044045,0.00699,0.001995,0.00146,0.503692961852243,0.362855,0.27527,0.361875,1.431485,1.42717,1-1
90+4,0.187145,0.180075,0.066845,0.066645,0.019685,0.020165,0.153025,0.137745,0.022625,0.020555,0.00152,0.001195,0.002895,0.002915,0.049315,0.04482,0.00721,0.002075,0.001485,0.503684961852243,0.36338,0.273845,0.362775,1.45119,1.44739,1-1
90+5,0.18822,0.17872,0.068605,0.065545,0.020135,0.019675,0.153615,0.135625,0.022625,0.01951,0.00142,0.00131,0.002875,0.002765,0.050235,0.04464,0.00692,0.00193,0.001435,0.5036736118522429,0.36433,0.272065,0.363605,1.471365,1.46713,1-1
