fixture_id,stage,group,contract,side,central_probability,spec_p10,confidence_class,ask,bid,spread,fee,central_net_edge,robust_edge,required_edge,max_taker_entry,ask_depth_1c_usd,market_volume,decision,recommended_amount_10k,maker_robust_edge,maker_decision,maker_queue_depth_at_price_usd,maker_recommended_amount_10k
fifwc-fra-eng-2026-07-18,World Cup third-place match,main_90m,France win,NO,0.53236,0.521282,standard,0.51,0.5,0.01,0.012495,0.009865,-0.011213,0.03,0.4688,188294.89,103844.63,PASS,0.0,0.011282,PASS,573243.74,0.0
fifwc-fra-eng-2026-07-18,World Cup third-place match,main_90m,Draw,YES,0.25565,0.253142,standard,0.26,0.25,0.01,0.00962,-0.01397,-0.026478,0.03,0.2049,225711.15,12194.09,PASS,0.0,-0.006858,PASS,7508.1,0.0
fifwc-fra-eng-2026-07-18,World Cup third-place match,main_90m,England win,YES,0.27671,0.26854,standard,0.27,0.26,0.01,0.009855,-0.003145,-0.021315,0.03,0.2199,116372.57,52769.17,PASS,0.0,-0.00146,PASS,4567.42,0.0
fifwc-fra-eng-2026-07-18,World Cup third-place match,spread,France (-1.5),NO,0.766644,0.760898,standard,0.72,0.71,0.01,0.01008,0.036564,0.020818,0.03,0.7106,6538.43,7955.78,WATCH,0.0,0.040898,MAKER_PRIMARY,4456.11,20.0
fifwc-fra-eng-2026-07-18,World Cup third-place match,spread,England (-1.5),YES,0.127793,0.123964,standard,0.12,0.11,0.01,0.00528,0.002513,-0.011316,0.03,0.0802,1582.22,1016.2,PASS,0.0,0.003964,PASS,60.94,0.0
fifwc-fra-eng-2026-07-18,World Cup third-place match,spread,France (-2.5),NO,0.898903,0.89422,standard,0.88,0.86,0.02,0.00528,0.013623,-0.00106,0.03,0.8477,6653.85,614.49,WATCH,0.0,0.02422,PASS,3777.9,0.0
fifwc-fra-eng-2026-07-18,World Cup third-place match,spread,England (-2.5),YES,0.051062,0.047763,standard,0.046,0.043,0.003,0.002194,0.002868,-0.010431,0.03,0.0073,446.59,3449.61,PASS,0.0,-0.005237,PASS,19.86,0.0
fifwc-fra-eng-2026-07-18,World Cup third-place match,spread,France (-3.5),NO,0.965084,0.963261,standard,0.955,0.95,0.005,0.002149,0.007935,-0.003888,0.03,0.9195,4421.98,3643.38,PASS,0.0,0.003261,PASS,2207.05,0.0
fifwc-fra-eng-2026-07-18,World Cup third-place match,spread,England (-3.5),YES,0.016158,0.015203,standard,0.016,0.012,0.004,0.000787,-0.000629,-0.011584,0.03,0.0,52.76,5.0,PASS,0.0,-0.006797,PASS,4.79,0.0
fifwc-fra-eng-2026-07-18,World Cup third-place match,spread,France (-4.5),NO,0.989665,0.988827,standard,0.99,0.91,0.08,0.000495,-0.00083,-0.011668,0.03,0.9462,345.95,50.56,PASS,0.0,0.068827,PASS,45.5,0.0
fifwc-fra-eng-2026-07-18,World Cup third-place match,spread,England (-4.5),NO,0.995628,0.995298,standard,0.996,0.99,0.006,0.000199,-0.000571,-0.010901,0.03,0.953,3141.84,604.99,PASS,0.0,-0.004702,PASS,900.46,0.0
fifwc-fra-eng-2026-07-18,World Cup third-place match,spread,France (-5.5),NO,0.997325,0.996998,standard,0.996,0.99,0.006,0.000199,0.001126,-0.009202,0.03,0.9548,3114.06,961.41,PASS,0.0,-0.003002,PASS,1883.76,0.0
fifwc-fra-eng-2026-07-18,World Cup third-place match,spread,England (-5.5),NO,0.998967,0.998847,standard,0.997,0.994,0.003,0.00015,0.001817,-0.008303,0.03,0.9567,3364.68,520.0,PASS,0.0,-0.005153,PASS,180.91,0.0
fifwc-fra-eng-2026-07-18,World Cup third-place match,totals,Total over 0.5,NO,0.042113,0.037706,standard,0.039,0.034,0.005,0.001874,0.001239,-0.013168,0.03,0.0,519.64,15683.93,PASS,0.0,-0.006294,PASS,42.98,0.0
fifwc-fra-eng-2026-07-18,World Cup third-place match,totals,Total over 1.5,NO,0.177477,0.167952,standard,0.15,0.14,0.01,0.006375,0.021102,0.001577,0.03,0.1225,2993.68,4528.85,WATCH,0.0,0.017952,PASS,112.0,0.0
fifwc-fra-eng-2026-07-18,World Cup third-place match,totals,Total over 2.5,NO,0.371675,0.356699,standard,0.32,0.31,0.01,0.01088,0.040795,0.015819,0.03,0.306,5274.31,18469.65,WATCH,0.0,0.036699,MAKER_ALTERNATIVE,2050.3,0.0
fifwc-fra-eng-2026-07-18,World Cup third-place match,totals,Total over 3.5,NO,0.591003,0.579646,standard,0.56,0.55,0.01,0.01232,0.018683,-0.002674,0.03,0.5271,33215.89,42149.63,WATCH,0.0,0.019646,PASS,30962.66,0.0
fifwc-fra-eng-2026-07-18,World Cup third-place match,totals,Total over 4.5,NO,0.780625,0.77203,standard,0.77,0.76,0.01,0.008855,0.00177,-0.016825,0.03,0.7219,15977.43,1245.61,PASS,0.0,0.00203,PASS,314.87,0.0
fifwc-fra-eng-2026-07-18,World Cup third-place match,totals,Total over 5.5,NO,0.889467,0.881232,standard,0.88,0.87,0.01,0.00528,0.004187,-0.014048,0.03,0.8343,11493.7,7298.57,PASS,0.0,0.001232,PASS,2075.98,0.0
fifwc-fra-eng-2026-07-18,World Cup third-place match,totals,Total over 6.5,YES,0.046628,0.040757,standard,0.05,0.04,0.01,0.002375,-0.005747,-0.021618,0.03,0.0007,162.18,8805.0,PASS,0.0,-0.009243,PASS,536.13,0.0
fifwc-fra-eng-2026-07-18,World Cup third-place match,totals,Total over 7.5,NO,0.980939,0.977418,standard,0.981,0.98,0.001,0.000932,-0.000993,-0.014514,0.03,0.9343,201915.72,20.0,PASS,0.0,-0.012582,PASS,103.92,0.0
fifwc-fra-eng-2026-07-18,World Cup third-place match,totals,Total over 8.5,NO,0.993354,0.991653,standard,0.995,0.991,0.004,0.000249,-0.001895,-0.013595,0.03,0.9492,13788.3,2271.92,PASS,0.0,-0.009347,PASS,4108.09,0.0
fifwc-fra-eng-2026-07-18,World Cup third-place match,extra_time,Match goes to extra time,YES,0.25565,0.253142,low,0.25,0.24,0.01,0.009375,-0.003725,-0.021233,0.05,0.1807,1346.01,232.63,PASS,0.0,-0.001858,PASS,837.22,0.0
fifwc-fra-eng-2026-07-18,World Cup third-place match,extra_time,Match goes to penalties,YES,0.140607,0.139228,low,0.15,0.13,0.02,0.006375,-0.015768,-0.032147,0.05,0.0709,203.01,632.07,PASS,0.0,-0.005772,PASS,74.68,0.0
fifwc-fra-eng-2026-07-18,World Cup third-place match,advance,France to advance,NO,0.37897,0.369707,low,0.38,0.37,0.01,0.01178,-0.01281,-0.037073,0.05,0.2943,94237.77,35538.19,PASS,0.0,-0.015293,PASS,20334.0,0.0
fifwc-fra-eng-2026-07-18,World Cup third-place match,exact_score,France 0-0 England,YES,0.042113,0.037706,medium,0.042,0.041,0.001,0.002012,-0.001899,-0.018806,0.04,0.0,4309.13,5447.87,PASS,0.0,-0.015794,PASS,215.41,0.0
fifwc-fra-eng-2026-07-18,World Cup third-place match,exact_score,France 0-1 England,YES,0.05237,0.047542,medium,0.04,0.039,0.001,0.00192,0.01045,-0.006878,0.04,0.0,2765.51,22395.33,WATCH,0.0,-0.003958,PASS,205.17,0.0
fifwc-fra-eng-2026-07-18,World Cup third-place match,exact_score,France 1-0 England,YES,0.082995,0.076964,medium,0.07,0.06,0.01,0.003255,0.00974,-0.008791,0.04,0.0233,8699.66,3333.03,PASS,0.0,0.004464,PASS,1774.46,0.0
fifwc-fra-eng-2026-07-18,World Cup third-place match,exact_score,France 0-2 England,NO,0.966927,0.96366,medium,0.966,0.965,0.001,0.001642,-0.000716,-0.016482,0.04,0.9069,35010.77,2437.33,PASS,0.0,-0.01384,PASS,39371.01,0.0
fifwc-fra-eng-2026-07-18,World Cup third-place match,exact_score,France 1-1 England,NO,0.895884,0.891206,medium,0.89,0.88,0.01,0.004895,0.000989,-0.016189,0.04,0.8317,22855.87,2980.43,PASS,0.0,-0.001294,PASS,107865.34,0.0
fifwc-fra-eng-2026-07-18,World Cup third-place match,exact_score,France 2-0 England,NO,0.942991,0.938477,medium,0.94,0.93,0.01,0.00282,0.000171,-0.016843,0.04,0.8807,29920.71,19805.46,PASS,0.0,-0.004023,PASS,42647.34,0.0
fifwc-fra-eng-2026-07-18,World Cup third-place match,exact_score,France 0-3 England,YES,0.019295,0.018106,medium,0.016,0.015,0.001,0.000787,0.002508,-0.011181,0.04,0.0,1768.93,1798.85,PASS,0.0,-0.009394,PASS,96.63,0.0
fifwc-fra-eng-2026-07-18,World Cup third-place match,exact_score,France 1-2 England,NO,0.936327,0.932501,medium,0.94,0.92,0.02,0.00282,-0.006493,-0.022819,0.04,0.8745,27375.41,5080.25,PASS,0.0,1e-06,PASS,86790.75,0.0
fifwc-fra-eng-2026-07-18,World Cup third-place match,exact_score,France 2-1 England,NO,0.900225,0.895799,medium,0.9,0.89,0.01,0.0045,-0.004275,-0.021201,0.04,0.8364,29046.84,34093.13,PASS,0.0,-0.006701,PASS,82189.12,0.0
fifwc-fra-eng-2026-07-18,World Cup third-place match,exact_score,France 3-0 England,NO,0.963416,0.961793,medium,0.958,0.957,0.001,0.002012,0.003404,-0.010719,0.04,0.9049,15993.04,6057.63,PASS,0.0,-0.007707,PASS,3182.99,0.0
fifwc-fra-eng-2026-07-18,World Cup third-place match,exact_score,France 1-3 England,NO,0.968498,0.966614,medium,0.969,0.968,0.001,0.001502,-0.002004,-0.016388,0.04,0.91,62720.9,10976.28,PASS,0.0,-0.013886,PASS,51600.0,0.0
fifwc-fra-eng-2026-07-18,World Cup third-place match,exact_score,France 2-2 England,YES,0.081728,0.077727,medium,0.08,0.07,0.01,0.00368,-0.001952,-0.018453,0.04,0.024,18630.76,68282.82,PASS,0.0,-0.004773,PASS,656.24,0.0
fifwc-fra-eng-2026-07-18,World Cup third-place match,exact_score,France 3-1 England,NO,0.9457,0.943253,medium,0.94,0.93,0.01,0.00282,0.00288,-0.012067,0.04,0.8856,77917.89,54792.38,PASS,0.0,0.000753,PASS,27990.4,0.0
fifwc-fra-eng-2026-07-18,World Cup third-place match,exact_score,France 2-3 England,NO,0.973808,0.97222,medium,0.971,0.97,0.001,0.001408,0.0014,-0.012688,0.04,0.9158,47397.5,7668.0,PASS,0.0,-0.01028,PASS,63998.9,0.0
fifwc-fra-eng-2026-07-18,World Cup third-place match,exact_score,France 3-2 England,NO,0.958958,0.957074,medium,0.96,0.95,0.01,0.00192,-0.002962,-0.017346,0.04,0.9,43675.89,11921.01,PASS,0.0,-0.005426,PASS,89690.82,0.0
fifwc-fra-eng-2026-07-18,World Cup third-place match,exact_score,France 3-3 England,YES,0.023217,0.022052,medium,0.021,0.02,0.001,0.001028,0.001189,-0.012476,0.04,0.0,2019.09,25373.95,PASS,0.0,-0.010448,PASS,1168.03,0.0
fifwc-fra-eng-2026-07-18,World Cup third-place match,exact_score,Any Other Score,YES,0.151016,0.143581,medium,0.14,0.13,0.01,0.00602,0.004996,-0.014939,0.04,0.0871,774.1,6748.38,PASS,0.0,0.001081,PASS,327.73,0.0
fifwc-fra-eng-2026-07-18,World Cup third-place match,first_score,France to score first,NO,0.465573,0.459328,low,0.45,0.43,0.02,0.012375,0.003198,-0.018047,0.05,0.3825,1034.74,205.71,PASS,0.0,0.014328,PASS,273.93,0.0
fifwc-fra-eng-2026-07-18,World Cup third-place match,first_score,England to score first,YES,0.423461,0.417652,low,0.41,0.39,0.02,0.012095,0.001366,-0.019443,0.05,0.3414,92.1,29.76,PASS,0.0,0.012652,PASS,4.88,0.0
fifwc-fra-eng-2026-07-18,World Cup third-place match,first_score,Neither team to score first,NO,0.957887,0.953409,low,0.96,0.93,0.03,0.00192,-0.004033,-0.023511,0.05,0.8832,2233.73,4384.9,PASS,0.0,0.008409,PASS,15.35,0.0
fifwc-esp-arg-2026-07-19,World Cup final,main_90m,Spain win,YES,0.4206,0.410733,standard,0.42,0.41,0.01,0.01218,-0.01158,-0.026447,0.02,0.374,187658.53,47745.2,PASS,0.0,-0.004267,PASS,530216.61,0.0
fifwc-esp-arg-2026-07-19,World Cup final,main_90m,Draw,NO,0.692927,0.691051,standard,0.69,0.68,0.01,0.010695,-0.007768,-0.014644,0.02,0.6547,95820.27,8091.36,PASS,0.0,0.006051,PASS,132392.36,0.0
fifwc-esp-arg-2026-07-19,World Cup final,main_90m,Argentina win,YES,0.272327,0.263518,standard,0.27,0.26,0.01,0.009855,-0.007528,-0.021337,0.02,0.2296,121608.24,130055.15,PASS,0.0,-0.001482,PASS,166693.26,0.0
fifwc-esp-arg-2026-07-19,World Cup final,spread,Spain (-1.5),NO,0.822481,0.818257,standard,0.8,0.79,0.01,0.008,0.014481,0.005257,0.02,0.7848,100058.93,36153.61,WATCH,0.0,0.023257,MAKER_ALTERNATIVE,7720.46,0.0
fifwc-esp-arg-2026-07-19,World Cup final,spread,Argentina (-1.5),YES,0.101682,0.098286,standard,0.1,0.09,0.01,0.0045,-0.002818,-0.011214,0.02,0.07,984.83,1327.35,PASS,0.0,0.003286,PASS,135.03,0.0
fifwc-esp-arg-2026-07-19,World Cup final,spread,Spain (-2.5),NO,0.938167,0.935057,standard,0.93,0.92,0.01,0.003255,0.004912,-0.003198,0.02,0.9057,31597.29,1591.64,PASS,0.0,0.010057,PASS,5753.19,0.0
fifwc-esp-arg-2026-07-19,World Cup final,spread,Argentina (-2.5),YES,0.03105,0.028989,standard,0.027,0.024,0.003,0.001314,0.002737,-0.004324,0.02,0.0038,218.17,821.11,PASS,0.0,-1.1e-05,PASS,36.59,0.0
fifwc-esp-arg-2026-07-19,World Cup final,spread,Spain (-3.5),NO,0.982873,0.981949,standard,0.98,0.979,0.001,0.00098,0.001893,-0.004031,0.02,0.9547,11498.45,0.0,PASS,0.0,-0.002051,PASS,979.0,0.0
fifwc-esp-arg-2026-07-19,World Cup final,spread,Argentina (-3.5),NO,0.99251,0.992069,standard,0.99,0.989,0.001,0.000495,0.002015,-0.003426,0.02,0.9653,10462.39,207.02,PASS,0.0,-0.001931,PASS,889.1,0.0
fifwc-esp-arg-2026-07-19,World Cup final,spread,Spain (-4.5),NO,0.995997,0.995632,standard,0.996,0.99,0.006,0.000199,-0.000202,-0.005567,0.02,0.9691,3127.86,395.0,PASS,0.0,0.000632,PASS,786.77,0.0
fifwc-esp-arg-2026-07-19,World Cup final,spread,Argentina (-4.5),NO,0.99848,0.998333,standard,0.998,0.991,0.007,0.0001,0.00038,-0.004766,0.02,0.9719,542.03,1005.0,PASS,0.0,0.002333,PASS,1345.72,0.0
fifwc-esp-arg-2026-07-19,World Cup final,spread,Spain (-5.5),NO,0.99919,0.999075,standard,0.999,0.971,0.028,5e-05,0.00014,-0.004975,0.02,0.9727,42.96,604.99,PASS,0.0,0.023075,PASS,388.39,0.0
fifwc-esp-arg-2026-07-19,World Cup final,spread,Argentina (-5.5),NO,0.999733,0.999694,standard,0.998,0.993,0.005,0.0001,0.001633,-0.003406,0.02,0.9733,517.76,605.0,PASS,0.0,0.001694,PASS,765.77,0.0
fifwc-esp-arg-2026-07-19,World Cup final,totals,Total over 0.5,NO,0.110916,0.105274,standard,0.1,0.09,0.01,0.0045,0.006416,-0.004226,0.02,0.0767,789.84,10873.08,PASS,0.0,0.010274,PASS,638.59,0.0
fifwc-esp-arg-2026-07-19,World Cup final,totals,Total over 1.5,NO,0.346388,0.33875,standard,0.31,0.3,0.01,0.010695,0.025693,0.013055,0.02,0.3031,2276.32,4401.3,WATCH,0.0,0.03375,MAKER_PRIMARY,3070.52,20.0
fifwc-esp-arg-2026-07-19,World Cup final,totals,Total over 2.5,NO,0.602387,0.594883,standard,0.59,0.58,0.01,0.012095,0.000292,-0.012212,0.02,0.5575,92283.46,16998.0,PASS,0.0,0.009883,PASS,51561.46,0.0
fifwc-esp-arg-2026-07-19,World Cup final,totals,Total over 3.5,NO,0.793562,0.787736,standard,0.79,0.78,0.01,0.008295,-0.004733,-0.015559,0.02,0.7534,5023.38,1866.41,PASS,0.0,0.002736,PASS,2332.48,0.0
fifwc-esp-arg-2026-07-19,World Cup final,totals,Total over 4.5,NO,0.915014,0.910169,standard,0.92,0.9,0.02,0.00368,-0.008666,-0.018511,0.02,0.8798,10358.36,2449.47,PASS,0.0,0.005169,PASS,4546.15,0.0
fifwc-esp-arg-2026-07-19,World Cup final,totals,Total over 5.5,NO,0.967071,0.963724,standard,0.97,0.962,0.008,0.001455,-0.004384,-0.012731,0.02,0.9357,5140.59,131.63,PASS,0.0,-0.003276,PASS,2881.94,0.0
fifwc-esp-arg-2026-07-19,World Cup final,totals,Total over 6.5,NO,0.989531,0.9878,standard,0.989,0.987,0.002,0.000544,-1.2e-05,-0.006744,0.02,0.9609,6607.08,537.18,PASS,0.0,-0.0042,PASS,1997.69,0.0
fifwc-esp-arg-2026-07-19,World Cup final,totals,Total over 7.5,NO,0.996761,0.996016,standard,0.997,0.993,0.004,0.00015,-0.000389,-0.006133,0.02,0.9695,8755.98,20.0,PASS,0.0,-0.001984,PASS,1388.12,0.0
fifwc-esp-arg-2026-07-19,World Cup final,totals,Total over 8.5,NO,0.999155,0.998894,standard,0.998,0.996,0.002,0.0001,0.001055,-0.004206,0.02,0.9725,7467.09,70.22,PASS,0.0,-0.002106,PASS,966.0,0.0
fifwc-esp-arg-2026-07-19,World Cup final,advance,Spain to advance,NO,0.422793,0.413465,low,0.42,0.41,0.01,0.01218,-0.009387,-0.028715,0.04,0.352,999480.07,80774.82,PASS,0.0,-0.006535,PASS,385812.63,0.0
fifwc-esp-arg-2026-07-19,World Cup final,extra_time,Match goes to extra time,NO,0.692927,0.691051,low,0.69,0.68,0.01,0.010695,-0.007768,-0.019644,0.04,0.6293,7606.81,488.81,PASS,0.0,0.001051,PASS,357.5,0.0
fifwc-esp-arg-2026-07-19,World Cup final,extra_time,Match goes to penalties,NO,0.828039,0.826989,low,0.78,0.75,0.03,0.00858,0.039459,0.028409,0.04,0.768,571.67,436.16,WATCH,0.0,0.066989,PASS,504.62,0.0
fifwc-esp-arg-2026-07-19,World Cup final,exact_score,Spain 0-0 Argentina,YES,0.110916,0.105274,medium,0.11,0.1,0.01,0.004895,-0.003979,-0.017121,0.03,0.0647,12136.54,5941.62,PASS,0.0,-0.002226,PASS,892.98,0.0
fifwc-esp-arg-2026-07-19,World Cup final,exact_score,Spain 0-1 Argentina,YES,0.096794,0.090814,medium,0.09,0.08,0.01,0.004095,0.002699,-0.010781,0.03,0.0508,14231.3,7225.09,PASS,0.0,0.003314,PASS,3712.05,0.0
fifwc-esp-arg-2026-07-19,World Cup final,exact_score,Spain 1-0 Argentina,YES,0.138678,0.131621,medium,0.12,0.11,0.01,0.00528,0.013398,-0.001159,0.03,0.09,18022.73,7809.17,WATCH,0.0,0.014121,PASS,4146.37,0.0
fifwc-esp-arg-2026-07-19,World Cup final,exact_score,Spain 0-2 Argentina,YES,0.045569,0.04278,medium,0.045,0.044,0.001,0.002149,-0.00158,-0.011869,0.03,0.005,8293.81,18010.15,PASS,0.0,-0.00872,PASS,91.02,0.0
fifwc-esp-arg-2026-07-19,World Cup final,exact_score,Spain 1-1 Argentina,NO,0.864206,0.858827,medium,0.85,0.84,0.01,0.006375,0.007831,-0.005048,0.03,0.8137,70003.92,5165.99,PASS,0.0,0.011327,PASS,75233.8,0.0
fifwc-esp-arg-2026-07-19,World Cup final,exact_score,Spain 2-0 Argentina,NO,0.925364,0.921864,medium,0.93,0.92,0.01,0.003255,-0.007891,-0.018891,0.03,0.879,175677.26,17736.5,PASS,0.0,-0.005636,PASS,7544.46,0.0
fifwc-esp-arg-2026-07-19,World Cup final,exact_score,Spain 0-3 Argentina,YES,0.016938,0.015869,medium,0.013,0.012,0.001,0.000642,0.003296,-0.005272,0.03,0.0,2677.83,5879.89,PASS,0.0,-0.003631,PASS,18.47,0.0
fifwc-esp-arg-2026-07-19,World Cup final,exact_score,Spain 1-2 Argentina,NO,0.941129,0.937495,medium,0.94,0.93,0.01,0.00282,-0.001691,-0.012825,0.03,0.8953,65717.66,31255.15,PASS,0.0,-5e-06,PASS,63005.76,0.0
fifwc-esp-arg-2026-07-19,World Cup final,exact_score,Spain 2-1 Argentina,NO,0.916774,0.912945,medium,0.92,0.91,0.01,0.00368,-0.006906,-0.018235,0.03,0.8697,89921.06,61271.36,PASS,0.0,-0.004555,PASS,102227.93,0.0
fifwc-esp-arg-2026-07-19,World Cup final,exact_score,Spain 3-0 Argentina,NO,0.967859,0.966381,medium,0.964,0.963,0.001,0.001735,0.002124,-0.006855,0.03,0.9254,164752.07,9683.15,PASS,0.0,-0.004119,PASS,8538.65,0.0
fifwc-esp-arg-2026-07-19,World Cup final,exact_score,Spain 1-3 Argentina,NO,0.979,0.977644,medium,0.979,0.978,0.001,0.001028,-0.001028,-0.009884,0.03,0.9372,24669.84,21039.5,PASS,0.0,-0.007856,PASS,98013.5,0.0
fifwc-esp-arg-2026-07-19,World Cup final,exact_score,Spain 2-2 Argentina,NO,0.948436,0.946163,medium,0.95,0.94,0.01,0.002375,-0.003939,-0.013712,0.03,0.9043,99009.55,45632.5,PASS,0.0,-0.001337,PASS,124743.09,0.0
fifwc-esp-arg-2026-07-19,World Cup final,exact_score,Spain 3-1 Argentina,NO,0.965605,0.963844,medium,0.963,0.962,0.001,0.001782,0.000824,-0.008437,0.03,0.9227,123242.25,19546.79,PASS,0.0,-0.005656,PASS,76550.56,0.0
fifwc-esp-arg-2026-07-19,World Cup final,exact_score,Spain 2-3 Argentina,NO,0.986749,0.985973,medium,0.971,0.97,0.001,0.001408,0.014341,0.006065,0.03,0.9459,61710.88,340563.56,WATCH,0.0,0.008473,PASS,15909.42,0.0
fifwc-esp-arg-2026-07-19,World Cup final,exact_score,Spain 3-2 Argentina,NO,0.981267,0.980297,medium,0.98,0.979,0.001,0.00098,0.000287,-0.008183,0.03,0.9399,26369.93,39791.09,PASS,0.0,-0.006203,PASS,105497.79,0.0
fifwc-esp-arg-2026-07-19,World Cup final,exact_score,Spain 3-3 Argentina,NO,0.991998,0.991462,medium,0.99,0.989,0.001,0.000495,0.001503,-0.006533,0.03,0.9516,85500.53,37163.86,PASS,0.0,-0.005038,PASS,10046.71,0.0
fifwc-esp-arg-2026-07-19,World Cup final,exact_score,Any Other Score,YES,0.059493,0.055957,medium,0.06,0.05,0.01,0.00282,-0.003327,-0.014363,0.03,0.0175,9302.33,3754.93,PASS,0.0,-0.001543,PASS,100.0,0.0
fifwc-esp-arg-2026-07-19,World Cup final,first_score,Spain to score first,NO,0.503256,0.496285,low,0.47,0.46,0.01,0.012455,0.020801,0.00383,0.04,0.434,2443.13,689.77,WATCH,0.0,0.026285,PASS,1065.44,0.0
fifwc-esp-arg-2026-07-19,World Cup final,first_score,Argentina to score first,YES,0.39234,0.385842,low,0.37,0.34,0.03,0.011655,0.010685,-0.005813,0.04,0.3248,143.94,560.1,WATCH,0.0,0.035842,PASS,340.0,0.0
fifwc-esp-arg-2026-07-19,World Cup final,first_score,Neither team to score first,NO,0.889084,0.883387,low,0.89,0.87,0.02,0.004895,-0.005811,-0.021508,0.04,0.8262,1076.12,810.72,PASS,0.0,0.003387,PASS,987.98,0.0
