fixture_id,home,away,event_slug,event_title,event_liquidity,event_volume,market_id,question,sports_market_type,group,contract,outcome_yes,outcome_no,token_yes,token_no,market_liquidity,market_volume,gamma_best_bid,gamma_best_ask,fee_rate,tick_size,yes_ask,yes_bid,yes_spread,yes_ask_depth_1c,yes_ask_depth_2c,no_ask,no_bid,no_spread,no_ask_depth_1c,no_ask_depth_2c
fifwc-nor-eng-2026-07-11,Norway,England,fifwc-nor-eng-2026-07-11,Norway vs. England,5737297.964,10419854.357453004,2815441,Will Norway win on 2026-07-11?,moneyline,main_90m,Norway win,Yes,No,101609312241167873882360947921080859853145865660281247946682387335776462114544,112687692561172166673230801968915167939088054199749652872179835554451355839012,855313.678075,4888742.195743935,0.2525,0.255,0.05,0.0025,0.255,0.2525,0.0025000000000000022,58209.8894,74270.847725,0.7475,0.745,0.0025000000000000577,564919.4044,861230.797775
fifwc-nor-eng-2026-07-11,Norway,England,fifwc-nor-eng-2026-07-11,Norway vs. England,5737297.964,10419854.357453004,2815442,Will Norway vs. England end in a draw?,moneyline,main_90m,Draw,Yes,No,69356014065023591601401540629477632179960561513202758818327214611100094905114,90644986517887987614446310604591118401084407889758384980952157984643160622775,2877562.72745,1470990.416874004,0.255,0.2575,0.05,0.0025,0.2575,0.255,0.0025000000000000022,536832.386975,583339.880775,0.745,0.7425,0.0024999999999999467,683680.315625,1113064.700425
fifwc-nor-eng-2026-07-11,Norway,England,fifwc-nor-eng-2026-07-11,Norway vs. England,5737297.964,10419854.357453004,2815444,Will England win on 2026-07-11?,moneyline,main_90m,England win,Yes,No,866370305411260885620344443432925550941005016614412438009174244566837236043,98036956977988822349195253378492641100614259039336046371319558339271157316495,1983304.06545,4066669.000545064,0.5025,0.505,0.05,0.0025,0.505,0.5025,0.0025000000000000577,530704.4048,917056.062975,0.4975,0.495,0.0025000000000000022,323318.34625,633389.4051
fifwc-nor-eng-2026-07-11,Norway,England,fifwc-nor-eng-2026-07-11-more-markets,Norway vs. England - More Markets,15237359.329005,14375353.201051049,2815565,Spread: Norway (-1.5),spreads,spread,Norway (-1.5),Norway,England,110171872743514394309714418229905836805241442692982497467824414145345861223571,82188830294413868662234649716820992078860196794961505299164580840016554126590,431747.0749,308070.04519800015,0.0925,0.095,0.05,0.0025,0.095,0.0925,0.0025000000000000022,7519.6402,12079.6659,0.9075,0.905,0.0024999999999999467,94928.171425,122002.81175
fifwc-nor-eng-2026-07-11,Norway,England,fifwc-nor-eng-2026-07-11-more-markets,Norway vs. England - More Markets,15237359.329005,14375353.201051049,2815566,Spread: England (-1.5),spreads,spread,England (-1.5),England,Norway,21637502951517554180770557992374931230672990534379648538183056652906118402335,88275081428084474362019753940877074194685473792874325835961565752641347954773,835154.633175,564706.1545050002,0.26,0.2625,0.05,0.0025,0.2625,0.26,0.0025000000000000022,141985.141825,173983.22,0.74,0.7375,0.0024999999999999467,295019.546975,399701.81320000003
fifwc-nor-eng-2026-07-11,Norway,England,fifwc-nor-eng-2026-07-11-more-markets,Norway vs. England - More Markets,15237359.329005,14375353.201051049,2815567,Spread: Norway (-2.5),spreads,spread,Norway (-2.5),Norway,England,21975990590241105474550947867545262539342978345313276926811612032238372380486,39521825772552670118670318609211739263386658424813223657123959936656413896326,243895.19992,143652.429396,0.023,0.024,0.05,0.001,0.024,0.023,0.0010000000000000009,785.15265,864.86255,0.977,0.976,0.0010000000000000009,125893.12920000001,179836.32989
fifwc-nor-eng-2026-07-11,Norway,England,fifwc-nor-eng-2026-07-11-more-markets,Norway vs. England - More Markets,15237359.329005,14375353.201051049,2815568,Spread: England (-2.5),spreads,spread,England (-2.5),England,Norway,57599999344177670093587086024795361245501911305992489004073820319148939976753,72414719278886597332533079273217000601637305049250643732737880155421683289094,307693.59895,83362.42138399996,0.1025,0.105,0.05,0.0025,0.105,0.1025,0.0025000000000000022,6519.188499999999,10836.5117,0.8975,0.895,0.0024999999999999467,65541.73805,138655.053225
fifwc-nor-eng-2026-07-11,Norway,England,fifwc-nor-eng-2026-07-11-more-markets,Norway vs. England - More Markets,15237359.329005,14375353.201051049,2815569,Spread: Norway (-3.5),spreads,spread,Norway (-3.5),Norway,England,114350643076173004616930145937685245065586043765100796212969801188737611550300,108211495046276169536506955887942636553364929625715536667487490692572920982626,369274.32895,37375.50263499998,0.004,0.006,0.05,0.001,0.006,0.004,0.002,214.49244,237.49244,0.996,0.994,0.0020000000000000018,403928.73548,403928.73548
fifwc-nor-eng-2026-07-11,Norway,England,fifwc-nor-eng-2026-07-11-more-markets,Norway vs. England - More Markets,15237359.329005,14375353.201051049,2815570,Spread: England (-3.5),spreads,spread,England (-3.5),England,Norway,37669591524399172473270310813891296448310340839516905605787111143090546791790,73003332315398126744609352413122303929967458717456487549623666059601977771633,272714.307475,39605.37794,0.03,0.035,0.05,0.0025,0.035,0.03,0.0050000000000000044,1656.82795,1677.80195,0.97,0.965,0.0050000000000000044,105911.95805,123074.71345
fifwc-nor-eng-2026-07-11,Norway,England,fifwc-nor-eng-2026-07-11-more-markets,Norway vs. England - More Markets,15237359.329005,14375353.201051049,2815571,Spread: Norway (-4.5),spreads,spread,Norway (-4.5),Norway,England,95479683593200830973371294303754466480934403777406017864078521634068477804848,15849421776055813824802931540330752954250678704985117432628309820700717403067,224358.83837,444670.1007940005,,0.001,0.05,0.001,0.001,,,98.89787,98.89787,,0.999,,0,0
fifwc-nor-eng-2026-07-11,Norway,England,fifwc-nor-eng-2026-07-11-more-markets,Norway vs. England - More Markets,15237359.329005,14375353.201051049,2815572,Spread: England (-4.5),spreads,spread,England (-4.5),England,Norway,48430496073344446675523118796280092067814127938707801172416442429795408280529,81037616793697301481457976574095930214561845294039490134393411883934310291620,158799.59038,16238.383972999998,0.008,0.01,0.05,0.001,0.01,0.008,0.002,91.41686,91.52186,0.992,0.99,0.0020000000000000018,10094.99518,10094.99518
fifwc-nor-eng-2026-07-11,Norway,England,fifwc-nor-eng-2026-07-11-more-markets,Norway vs. England - More Markets,15237359.329005,14375353.201051049,2815573,Spread: Norway (-5.5),spreads,spread,Norway (-5.5),Norway,England,34595605424027057440193111148709937734816935597886990232953678076701534791423,6020018015836236328162169465404656749518521727976040963466936284932968357987,167127.13173,25737.118800000004,,0.001,0.05,0.001,0.001,,,46.93555,48.77167,,0.999,,0,0
fifwc-nor-eng-2026-07-11,Norway,England,fifwc-nor-eng-2026-07-11-more-markets,Norway vs. England - More Markets,15237359.329005,14375353.201051049,2815574,Spread: England (-5.5),spreads,spread,England (-5.5),England,Norway,9853176239586143274667197317874312160173507886532114675295713621716983743852,35210180657183492013502554603153023493062881272373327400532306240424253189590,170708.44677,16284.28813000018,0.002,0.003,0.05,0.001,0.003,0.002,0.001,22.79653,22.79653,0.998,0.997,0.0010000000000000009,14473.11418,14473.11418
fifwc-nor-eng-2026-07-11,Norway,England,fifwc-nor-eng-2026-07-11-more-markets,Norway vs. England - More Markets,15237359.329005,14375353.201051049,2815575,Norway vs. England: O/U 0.5,totals,totals,Total over 0.5,Over,Under,108244138005163925088158926394501937579884899029539123343166236030552066451591,50322118615097660170289894358225358493671181600322831151186819322465822724204,352705.341825,147928.83893099998,0.9475,0.95,0.05,0.0025,0.95,0.9475,0.0024999999999999467,205560.41352499998,263893.010225,0.0525,0.05,0.0024999999999999953,5349.0929750000005,6936.106925
fifwc-nor-eng-2026-07-11,Norway,England,fifwc-nor-eng-2026-07-11-more-markets,Norway vs. England - More Markets,15237359.329005,14375353.201051049,2815576,Norway vs. England: O/U 1.5,totals,totals,Total over 1.5,Over,Under,50770607614582782670615483281091385934878136652092819620122565654351019160695,98391756601455279214491479242077139327839486199949166382214414767118788173659,336751.800725,348369.0098690003,0.81,0.8125,0.05,0.0025,0.8125,0.81,0.0024999999999999467,103851.7072,162435.3609,0.19,0.1875,0.0025000000000000022,18211.17525,30891.446075000003
fifwc-nor-eng-2026-07-11,Norway,England,fifwc-nor-eng-2026-07-11-more-markets,Norway vs. England - More Markets,15237359.329005,14375353.201051049,2815577,Norway vs. England: O/U 2.5,totals,totals,Total over 2.5,Over,Under,95101961600645744157905645773028545628965230149679116403882161581994746824439,96527299094563576764920078552688770124238294351699542547273238074536633121727,1056178.024225,2590743.3501959937,0.575,0.5775,0.05,0.0025,0.5775,0.575,0.0025000000000000577,415761.27675,447376.80715,0.425,0.4225,0.0025000000000000022,86254.442425,270259.3859
fifwc-nor-eng-2026-07-11,Norway,England,fifwc-nor-eng-2026-07-11-more-markets,Norway vs. England - More Markets,15237359.329005,14375353.201051049,2815578,Norway vs. England: O/U 3.5,totals,totals,Total over 3.5,Over,Under,94981467988081931464138634629987873301479150128376353123003912234243549924468,109233841347602311433930202808077150184421681117216240920835271097307205986216,432527.44405,306913.87347400025,0.345,0.3475,0.05,0.0025,0.3475,0.345,0.0025000000000000022,39255.829399999995,63642.888399999996,0.655,0.6525,0.0025000000000000577,110685.8163,132411.22825000001
fifwc-nor-eng-2026-07-11,Norway,England,fifwc-nor-eng-2026-07-11-more-markets,Norway vs. England - More Markets,15237359.329005,14375353.201051049,2815579,Norway vs. England: O/U 4.5,totals,totals,Total over 4.5,Over,Under,66082135606951057009011728225486601433299281782863774365604638758451994216174,70330887771932901774569329397325220729044983131755800990604470251789558841536,300704.195,95102.57887100003,0.175,0.1775,0.05,0.0025,0.1775,0.175,0.0025000000000000022,4228.480975,8517.289825,0.825,0.8225,0.0024999999999999467,62837.878150000004,105935.246325
fifwc-nor-eng-2026-07-11,Norway,England,fifwc-nor-eng-2026-07-11-more-markets,Norway vs. England - More Markets,15237359.329005,14375353.201051049,2815580,Norway vs. England: O/U 5.5,totals,totals,Total over 5.5,Over,Under,77050779822857074638658765898689438724306721695896913985108907550509625837838,109877350620060254452654337296299544116066037627492003516522829946957717350623,486429.9289,80065.84184200004,0.0775,0.08,0.05,0.0025,0.08,0.0775,0.0025000000000000022,18561.757225,22130.112325000002,0.9225,0.92,0.0024999999999999467,111632.16154999999,148997.76855
fifwc-nor-eng-2026-07-11,Norway,England,fifwc-nor-eng-2026-07-11-more-markets,Norway vs. England - More Markets,15237359.329005,14375353.201051049,2815581,Norway vs. England: O/U 6.5,totals,totals,Total over 6.5,Over,Under,104304734304182195739698582937424889713458364461307839076973711884964368832480,28424338225632135991819549449346676976250901910194132994940451148782172087702,240132.70952,92036.82563399994,0.029,0.03,0.05,0.001,0.032,0.03,0.0020000000000000018,391.14516000000003,1035.14516,0.97,0.968,0.0020000000000000018,65895.61863,86506.18763
fifwc-nor-eng-2026-07-11,Norway,England,fifwc-nor-eng-2026-07-11-more-markets,Norway vs. England - More Markets,15237359.329005,14375353.201051049,2815582,Norway vs. England: O/U 7.5,totals,totals,Total over 7.5,Over,Under,42387559110369330424098605394515601849904719999311473591895095250858223996900,62911609941304171830390931734932713717781184616857888403580851815792085617356,314771.04186,30242.505467,0.009,0.01,0.05,0.001,0.01,0.009,0.0010000000000000009,70.11110000000001,379.2181,0.991,0.99,0.0010000000000000009,70423.20331,70423.20331
fifwc-nor-eng-2026-07-11,Norway,England,fifwc-nor-eng-2026-07-11-more-markets,Norway vs. England - More Markets,15237359.329005,14375353.201051049,2815583,Norway vs. England: O/U 8.5,totals,totals,Total over 8.5,Over,Under,61138279484117832006274185217895279373019410871669232425860049645524894915272,81674962184157780823880621080059173825975336868952571296322325009020097663186,454865.77245,91201.31083799861,0.003,0.004,0.05,0.001,0.005,0.003,0.002,82.75682,518.31682,0.997,0.995,0.0020000000000000018,740123.32268,740123.32268
fifwc-nor-eng-2026-07-11,Norway,England,fifwc-nor-eng-2026-07-11-more-markets,Norway vs. England - More Markets,15237359.329005,14375353.201051049,2815584,Norway vs. England: Both Teams to Score,both_teams_to_score,btts,Both teams to score,Yes,No,41541051281405629546819933973213146053964263261685803058159141864482667348900,83111716052990826292975139688276058757772833852433869859938864946187607981898,1518679.5587,1383355.4134250192,0.61,0.62,0.05,0.01,0.62,0.61,0.010000000000000009,573329.2204,585160.094,0.39,0.38,0.010000000000000009,552953.7476,581361.0322
fifwc-nor-eng-2026-07-11,Norway,England,fifwc-nor-eng-2026-07-11-more-markets,Norway vs. England - More Markets,15237359.329005,14375353.201051049,2815585,Norway vs. England: Both Teams to Score in First Half,both_teams_to_score_first_half,btts,Both teams to score first half,Yes,No,7224412536624379329155717289438163984800720454768596607895510247660873956807,56079536777710907557226327742388942954875264261283841372979290618368039690887,193484.5499,49291.83720699999,0.22,0.23,0.05,0.01,0.23,0.22,0.010000000000000009,14125.471399999999,14604.086399999998,0.78,0.77,0.010000000000000009,42883.9021,52869.0861
fifwc-nor-eng-2026-07-11,Norway,England,fifwc-nor-eng-2026-07-11-more-markets,Norway vs. England - More Markets,15237359.329005,14375353.201051049,2815586,Norway vs. England: 1st Half O/U 0.5,first_half_totals,half_total,First half over 0.5,Over,Under,103965588672348250831109734574629936078374708188311633160090787174772795562276,59516168134087763047135771444809850958691471041785446443440686854122269950667,348483.9406,202609.00535700025,0.68,0.69,0.05,0.01,0.69,0.68,0.009999999999999898,72049.18899999998,100819.78769999999,0.32,0.31,0.010000000000000009,40708.2077,46814.583900000005
fifwc-nor-eng-2026-07-11,Norway,England,fifwc-nor-eng-2026-07-11-more-markets,Norway vs. England - More Markets,15237359.329005,14375353.201051049,2815587,Norway vs. England: 1st Half O/U 1.5,first_half_totals,half_total,First half over 1.5,Over,Under,47639738037226858788594174437058844993212455432052468856319760407963305302597,54455024151063692441366826517976522545645154354195352830266534000165620370329,636810.516,190408.6714260001,0.32,0.33,0.05,0.01,0.33,0.32,0.010000000000000009,224564.19430000003,234472.47380000004,0.68,0.67,0.010000000000000009,54238.6194,79647.8634
fifwc-nor-eng-2026-07-11,Norway,England,fifwc-nor-eng-2026-07-11-more-markets,Norway vs. England - More Markets,15237359.329005,14375353.201051049,2815588,Norway vs. England: 1st Half O/U 2.5,first_half_totals,half_total,First half over 2.5,Over,Under,9195116975978732132182033797530176793955419172519771851382076104251278248008,2307209323134910997217435068128913562730340249974307543851455711829761530041,313659.8183,59422.07828799996,0.11,0.12,0.05,0.01,0.12,0.11,0.009999999999999995,7964.733899999999,9898.8241,0.89,0.88,0.010000000000000009,56239.421500000004,97606.5564
fifwc-nor-eng-2026-07-11,Norway,England,fifwc-nor-eng-2026-07-11-more-markets,Norway vs. England - More Markets,15237359.329005,14375353.201051049,2815589,Norway vs. England: Norway O/U 0.5,soccer_team_totals,team_total,Norway over 0.5,Over,Under,62750342510498560217250716024036504420195181493299584780568410755525404478957,37492341987745563730339973312135120951917818967778554904274136213692888920931,343581.124,265173.57017499965,0.72,0.73,0.05,0.01,0.73,0.72,0.010000000000000009,111873.2053,123041.7553,0.28,0.27,0.010000000000000009,28748.702900000004,36424.7909
fifwc-nor-eng-2026-07-11,Norway,England,fifwc-nor-eng-2026-07-11-more-markets,Norway vs. England - More Markets,15237359.329005,14375353.201051049,2815590,Norway vs. England: Norway O/U 1.5,soccer_team_totals,team_total,Norway over 1.5,Over,Under,11567424607224571241113011644989438727435889462957676113659658208725790226104,93977560133506035915203011382814763475199970490817347639993199275222576923305,370112.2818,235582.0229719993,0.35,0.36,0.05,0.01,0.36,0.35,0.010000000000000009,50220.9382,64437.8782,0.65,0.64,0.010000000000000009,67390.8169,81557.8999
fifwc-nor-eng-2026-07-11,Norway,England,fifwc-nor-eng-2026-07-11-more-markets,Norway vs. England - More Markets,15237359.329005,14375353.201051049,2815591,Norway vs. England: Norway O/U 2.5,soccer_team_totals,team_total,Norway over 2.5,Over,Under,16291524218418407113600356383500975586281141995019505826597996170534451200002,36315367013248855773872246687009049605932623193583241218402215262134429889702,305525.0674,66807.98861300004,0.11,0.12,0.05,0.01,0.12,0.11,0.009999999999999995,7050.403200000001,9583.748,0.89,0.88,0.010000000000000009,105083.70490000001,133139.0049
fifwc-nor-eng-2026-07-11,Norway,England,fifwc-nor-eng-2026-07-11-more-markets,Norway vs. England - More Markets,15237359.329005,14375353.201051049,2815592,Norway vs. England: England O/U 0.5,soccer_team_totals,team_total,England over 0.5,Over,Under,75706252004109149156090177288795770770172973651251717388065823667546110915865,50780326323092556714651746821442044880698271804811086921714306193721132478956,397552.5367,56316.516489999995,0.84,0.85,0.05,0.01,0.85,0.84,0.010000000000000009,158916.40059999996,193540.72149999999,0.16,0.15,0.010000000000000009,24106.1781,25723.9965
fifwc-nor-eng-2026-07-11,Norway,England,fifwc-nor-eng-2026-07-11-more-markets,Norway vs. England - More Markets,15237359.329005,14375353.201051049,2815593,Norway vs. England: England O/U 1.5,soccer_team_totals,team_total,England over 1.5,Over,Under,76481594619876059338525556014630863763758394614921920822167328936135036695127,94110116719128319896804466963249802474720485010036824006693900394565960484345,432994.4911,90854.05120299994,0.53,0.54,0.05,0.01,0.54,0.53,0.010000000000000009,34106.01470000001,37486.25310000001,0.47,0.46,0.009999999999999953,290657.83009999996,302787.4028
fifwc-nor-eng-2026-07-11,Norway,England,fifwc-nor-eng-2026-07-11-more-markets,Norway vs. England - More Markets,15237359.329005,14375353.201051049,2815594,Norway vs. England: England O/U 2.5,soccer_team_totals,team_total,England over 2.5,Over,Under,66701854676886969362814982228116651797478869354831336604481370732599806580417,44687575997824713260406430623715526762861609346137118934538713833989067528705,281682.484,22880.28209100001,0.24,0.25,0.05,0.01,0.25,0.24,0.010000000000000009,8730.8617,12374.6413,0.76,0.75,0.010000000000000009,130461.8159,141357.2771
fifwc-nor-eng-2026-07-11,Norway,England,fifwc-nor-eng-2026-07-11-more-markets,Norway vs. England - More Markets,15237359.329005,14375353.201051049,2815595,Norway vs. England: Norway 1st Half O/U 0.5,soccer_first_half_team_totals,half_team,Norway first half over 0.5,Over,Under,27817225378156755910804597165446139262724461026078921428451168465983442544214,5605133076090239171548751824072296429339925546487951976495161114615876184916,122006.2733,25136.775533000015,0.38,0.39,0.05,0.01,0.39,0.38,0.010000000000000009,8887.3642,11002.9642,0.62,0.61,0.010000000000000009,9927.2167,10334.787900000001
fifwc-nor-eng-2026-07-11,Norway,England,fifwc-nor-eng-2026-07-11-more-markets,Norway vs. England - More Markets,15237359.329005,14375353.201051049,2815596,Norway vs. England: Norway 1st Half O/U 1.5,soccer_first_half_team_totals,half_team,Norway first half over 1.5,Over,Under,92429143599241195207264030307461014581233133615186322471964516449484315230420,67135459274888343507556373067346799320924022539503822201125148816241007767031,22314.6709,3426.940391,0.08,0.1,0.05,0.01,0.1,0.08,0.020000000000000004,148.336,264.6052,0.92,0.9,0.020000000000000018,820.9343000000001,1359.3663
fifwc-nor-eng-2026-07-11,Norway,England,fifwc-nor-eng-2026-07-11-more-markets,Norway vs. England - More Markets,15237359.329005,14375353.201051049,2815597,Norway vs. England: England 1st Half O/U 0.5,soccer_first_half_team_totals,half_team,England first half over 0.5,Over,Under,54387220304683843545958321527836252336486624141165695159030525965334531982540,39039546648490962282626787873078717806695405332341889182708614859970616853029,123320.6314,20319.538526000004,0.5,0.51,0.05,0.01,0.51,0.5,0.010000000000000009,4949.1548,10382.1848,0.5,0.49,0.010000000000000009,9650.7,9866.5
fifwc-nor-eng-2026-07-11,Norway,England,fifwc-nor-eng-2026-07-11-more-markets,Norway vs. England - More Markets,15237359.329005,14375353.201051049,2815598,Norway vs. England: England 1st Half O/U 1.5,soccer_first_half_team_totals,half_team,England first half over 1.5,Over,Under,23579927124945112194682095548150234509546710409982144691686554088117743629800,95262696054326089078511831026584929289991996967832482029172412286907607917015,62327.4157,38401.31781399999,0.15,0.17,0.05,0.01,0.17,0.15,0.020000000000000018,367.09180000000003,440.50780000000003,0.85,0.83,0.020000000000000018,24638.4475,24804.617499999997
fifwc-nor-eng-2026-07-11,Norway,England,fifwc-nor-eng-2026-07-11-more-markets,Norway vs. England - More Markets,15237359.329005,14375353.201051049,2815599,Norway vs. England: Both Teams to Score in Second Half,both_teams_to_score_second_half,btts,Both teams to score second half,Yes,No,8553933966328185174832914122172440541141931331786993820466507121857388591866,51600218716990511069681592311563049003169834859258891014441282359365882019719,198319.3,83993.75827700004,0.31,0.32,0.05,0.01,0.32,0.31,0.010000000000000009,21941.668,22222.168,0.69,0.68,0.009999999999999898,10099.804799999998,10160.154799999998
fifwc-nor-eng-2026-07-11,Norway,England,fifwc-nor-eng-2026-07-11-more-markets,Norway vs. England - More Markets,15237359.329005,14375353.201051049,2815600,Norway vs. England: 2nd Half O/U 0.5,second_half_totals,half_total,Second half over 0.5,Over,Under,110109774614485473528872735797190397767440275796020364464455074698564942752112,31502667975156451314639744937841583701192243638453642609572926494926165581760,57370.6172,1426.9584960000002,0.83,0.84,0.05,0.01,0.84,0.83,0.010000000000000009,81.7312,9473.2752,0.17,0.16,0.010000000000000009,43.7461,688.4598
fifwc-nor-eng-2026-07-11,Norway,England,fifwc-nor-eng-2026-07-11-more-markets,Norway vs. England - More Markets,15237359.329005,14375353.201051049,2815601,Norway vs. England: 2nd Half O/U 1.5,second_half_totals,half_total,Second half over 1.5,Over,Under,111099403905266946949148334909572277347319698220791296174549498952417343481014,59845048199230677760135399399502924541230000899720677057249725603192547813604,182777.8524,6143.1297349999995,0.52,0.53,0.05,0.01,0.53,0.52,0.010000000000000009,66551.4838,66685.2163,0.48,0.47,0.010000000000000009,8752.478799999999,11998.5838
fifwc-nor-eng-2026-07-11,Norway,England,fifwc-nor-eng-2026-07-11-more-markets,Norway vs. England - More Markets,15237359.329005,14375353.201051049,2815602,Norway vs. England: 2nd Half O/U 2.5,second_half_totals,half_total,Second half over 2.5,Over,Under,110006940915627073157411178001904935834117153520213123315978512530774449604542,997251824187325714787212952494473454727116606496344650981330696219067381421,61818.9586,1172.518783,0.25,0.27,0.05,0.01,0.27,0.25,0.020000000000000018,421.7282,1621.4582,0.75,0.73,0.020000000000000018,3453.0709,4017.4039000000002
fifwc-nor-eng-2026-07-11,Norway,England,fifwc-nor-eng-2026-07-11-more-markets,Norway vs. England - More Markets,15237359.329005,14375353.201051049,2815603,Norway vs. England: Norway 2nd Half O/U 0.5,soccer_second_half_team_totals,half_team,Norway second half over 0.5,Over,Under,20015402163480609829560518315062551470125844001478851715092476404839367645838,44184643244441682903740235485231013908004734147186580630287974160615646792385,117755.9661,24029.75223799999,0.52,0.53,0.05,0.01,0.53,0.52,0.010000000000000009,9270.3565,9275.8565,0.48,0.47,0.010000000000000009,321.4404,909.9404
fifwc-nor-eng-2026-07-11,Norway,England,fifwc-nor-eng-2026-07-11-more-markets,Norway vs. England - More Markets,15237359.329005,14375353.201051049,2815604,Norway vs. England: Norway 2nd Half O/U 1.5,soccer_second_half_team_totals,half_team,Norway second half over 1.5,Over,Under,5708121325013561456420018405784253453801303590923709764225926897195670570926,57139460718226692640020113773268403533569519962225253880800148727943416260074,54200.9753,149.275106,0.18,0.21,0.05,0.01,0.21,0.17,0.03999999999999998,164.8537,164.8537,0.83,0.79,0.039999999999999925,269.7869,326.39689999999996
fifwc-nor-eng-2026-07-11,Norway,England,fifwc-nor-eng-2026-07-11-more-markets,Norway vs. England - More Markets,15237359.329005,14375353.201051049,2815605,Norway vs. England: England 2nd Half O/U 0.5,soccer_second_half_team_totals,half_team,England second half over 0.5,Over,Under,95425970866250027588924716129365968744988691634526661962962190265938308467223,39844155996269793053618666757431115327350653860004503458906068776276175857409,37932.6772,282.835567,0.66,0.67,0.05,0.01,0.67,0.66,0.010000000000000009,408.6072,1214.1339,0.34,0.33,0.010000000000000009,14.7116,204.4136
fifwc-nor-eng-2026-07-11,Norway,England,fifwc-nor-eng-2026-07-11-more-markets,Norway vs. England - More Markets,15237359.329005,14375353.201051049,2815606,Norway vs. England: England 2nd Half O/U 1.5,soccer_second_half_team_totals,half_team,England second half over 1.5,Over,Under,43785338420666795515682728103622530184388839292271888139369327373410814769739,24545250979380884790882667061936693878439215986493342496065717630585741378749,41193.6916,10,0.28,0.29,0.05,0.01,0.29,0.28,0.009999999999999953,1.45,1.45,0.72,0.71,0.010000000000000009,4.903199999999999,12.3032
fifwc-nor-eng-2026-07-11,Norway,England,fifwc-nor-eng-2026-07-11-more-markets,Norway vs. England - More Markets,15237359.329005,14375353.201051049,2815607,Norway vs. England: Team to Advance,soccer_team_to_advance,advance,Norway to advance,Norway,England,5248636361245905070296995648418847837867415261685374894522766385951464601031,50489327015344012699222620659068944307834324237590238863966676298308808973282,1422507.847075,6046441.658588039,0.36,0.3625,0.05,0.0025,0.3625,0.36,0.0025000000000000022,387774.14269999997,431708.483925,0.64,0.6375,0.0025000000000000577,728883.063825,814681.417725
fifwc-nor-eng-2026-07-11,Norway,England,fifwc-nor-eng-2026-07-11-more-markets,Norway vs. England - More Markets,15237359.329005,14375353.201051049,2815608,Norway vs. England: Will the Match Go to Extra Time?,soccer_extra_time,extra_time,Match goes to extra time,Yes,No,4659100417658199262008238875787097926199297468765300410977078007441176173765,89363346176610529559121143795812649133992077860360368914572996413809598123750,183709.8479,19618.610477000027,0.26,0.27,0.05,0.01,0.27,0.26,0.010000000000000009,11140.328300000001,13712.697900000001,0.74,0.73,0.010000000000000009,17838.996300000003,28410.5887
fifwc-nor-eng-2026-07-11,Norway,England,fifwc-nor-eng-2026-07-11-more-markets,Norway vs. England - More Markets,15237359.329005,14375353.201051049,2815609,Norway vs. England: Will the Match Go to a Penalty Shootout?,soccer_penalty_shootout,extra_time,Match goes to penalties,Yes,No,33937868489301217499449228897841019647668985428276611300407603150819366760040,103842810698589303237820441456905668130420807537791994622632815219786771698223,218670.5531,36168.201915,0.14,0.15,0.05,0.01,0.15,0.14,0.009999999999999981,1908.0429,5302.8392,0.86,0.85,0.010000000000000009,327.90319999999997,12403.263200000001
fifwc-nor-eng-2026-07-11,Norway,England,fifwc-nor-eng-2026-07-11-exact-score,Norway vs. England - Exact Score,21428534.57854,11559875.17265797,2815471,Exact Score: Norway 0 - 0 England?,soccer_exact_score,exact_score,Norway 0-0 England,Yes,No,40372294523537030310435862860558430252834568083271560115719145859313975574679,101065972089941930145391018531991568698898869450505791463256008725604218539037,1851709.4877,152703.58847699943,0.05,0.06,0.05,0.01,0.06,0.05,0.009999999999999995,82689.0971,124612.2323,0.95,0.94,0.010000000000000009,389816.93249999994,455017.68439999997
fifwc-nor-eng-2026-07-11,Norway,England,fifwc-nor-eng-2026-07-11-exact-score,Norway vs. England - Exact Score,21428534.57854,11559875.17265797,2815472,Exact Score: Norway 0 - 1 England?,soccer_exact_score,exact_score,Norway 0-1 England,Yes,No,106373715285824769372913748747371527805586565792023757949508314124922781828190,92129128272165197352652902768550227797907619641731263775708665057095365802359,2249219.6736,161164.81292599975,0.08,0.09,0.05,0.01,0.09,0.08,0.009999999999999995,117486.4087,179979.6956,0.92,0.91,0.010000000000000009,168384.05870000002,192508.8579
fifwc-nor-eng-2026-07-11,Norway,England,fifwc-nor-eng-2026-07-11-exact-score,Norway vs. England - Exact Score,21428534.57854,11559875.17265797,2815473,Exact Score: Norway 1 - 0 England?,soccer_exact_score,exact_score,Norway 1-0 England,Yes,No,109656347196443350291180092466616571735223328443374513020068874710167449279795,108451612909496335433925708933377313229531944715204827566329790137714124934964,1834601.4088,333941.8261660016,0.05,0.06,0.05,0.01,0.06,0.05,0.009999999999999995,78657.8407,122263.46789999999,0.95,0.94,0.010000000000000009,204133.8159,251331.21259999997
fifwc-nor-eng-2026-07-11,Norway,England,fifwc-nor-eng-2026-07-11-exact-score,Norway vs. England - Exact Score,21428534.57854,11559875.17265797,2815474,Exact Score: Norway 0 - 2 England?,soccer_exact_score,exact_score,Norway 0-2 England,Yes,No,98425176260691440680396072756756812602091774361277170063835840523767626038862,58370476486031539296467970170467546280247823766622066364703180121300337058826,2211176.4214,136103.61077100012,0.07,0.08,0.05,0.01,0.08,0.07,0.009999999999999995,100872.0009,156586.50089999998,0.93,0.92,0.010000000000000009,189190.69660000002,210645.2306
fifwc-nor-eng-2026-07-11,Norway,England,fifwc-nor-eng-2026-07-11-exact-score,Norway vs. England - Exact Score,21428534.57854,11559875.17265797,2815475,Exact Score: Norway 1 - 1 England?,soccer_exact_score,exact_score,Norway 1-1 England,Yes,No,30380572393861643561390792475696126305447181156033656278856397725739786460673,103463464943572749166715825902436097005749231905022823443969199466445385329466,1314686.0159,332286.01060200034,0.12,0.13,0.05,0.01,0.13,0.12,0.010000000000000009,164104.5209,170139.03590000002,0.88,0.87,0.010000000000000009,223921.46490000002,245003.8299
fifwc-nor-eng-2026-07-11,Norway,England,fifwc-nor-eng-2026-07-11-exact-score,Norway vs. England - Exact Score,21428534.57854,11559875.17265797,2815476,Exact Score: Norway 2 - 0 England?,soccer_exact_score,exact_score,Norway 2-0 England,Yes,No,40909597144650715447183461032979042694444128843343647197747669429426930122548,74241981569968535458939525280919449728342130147319604021990182985957250529939,290740.18417,435484.499199999,0.035,0.037,0.05,0.001,0.037,0.035,0.001999999999999995,3695.1377,4226.1167000000005,0.965,0.963,0.0020000000000000018,93709.13892,99286.61316
fifwc-nor-eng-2026-07-11,Norway,England,fifwc-nor-eng-2026-07-11-exact-score,Norway vs. England - Exact Score,21428534.57854,11559875.17265797,2815477,Exact Score: Norway 0 - 3 England?,soccer_exact_score,exact_score,Norway 0-3 England,Yes,No,20288648854358467936466451091590096848896611059096660752047020750156889016887,55895664568582093635695994218107000082467547754519596008544198255038417799311,1996494.7877,48215.21557499996,0.04,0.05,0.05,0.01,0.05,0.04,0.010000000000000002,77034.6518,113685.11600000001,0.96,0.95,0.010000000000000009,131036.85509999999,216442.2087
fifwc-nor-eng-2026-07-11,Norway,England,fifwc-nor-eng-2026-07-11-exact-score,Norway vs. England - Exact Score,21428534.57854,11559875.17265797,2815478,Exact Score: Norway 1 - 2 England?,soccer_exact_score,exact_score,Norway 1-2 England,Yes,No,39789421119498288508857488270426483855925597411458015308718893464089565830559,95666856142447363196086595786817752961466629258558241604333942776601352231342,1547638.2685,1427233.2755169864,0.11,0.12,0.05,0.01,0.12,0.11,0.009999999999999995,128760.4797,202487.6759,0.89,0.88,0.010000000000000009,387222.372,428811.01
fifwc-nor-eng-2026-07-11,Norway,England,fifwc-nor-eng-2026-07-11-exact-score,Norway vs. England - Exact Score,21428534.57854,11559875.17265797,2815480,Exact Score: Norway 2 - 1 England?,soccer_exact_score,exact_score,Norway 2-1 England,Yes,No,28305122072780456453939151545230767153731348052407252296032171537507455741595,104168612209577741232048048702224916349341407364901971672986978453223992318663,1250768.4214,1286684.271186986,0.07,0.08,0.05,0.01,0.08,0.07,0.009999999999999995,95432.39120000001,99790.7562,0.93,0.92,0.010000000000000009,269109.2656,331389.5746
fifwc-nor-eng-2026-07-11,Norway,England,fifwc-nor-eng-2026-07-11-exact-score,Norway vs. England - Exact Score,21428534.57854,11559875.17265797,2815481,Exact Score: Norway 3 - 0 England?,soccer_exact_score,exact_score,Norway 3-0 England,Yes,No,48880574460453633342199003570692417648909586763007197366721388195147773515290,88040187450610869053669602987380848956409037721944013343546073493475842751746,490238.40622,391982.60886999994,0.012,0.013,0.05,0.001,0.013,0.012,0.0009999999999999992,3295.62625,4044.5348499999996,0.988,0.987,0.0010000000000000009,141104.35919,149929.52519000001
fifwc-nor-eng-2026-07-11,Norway,England,fifwc-nor-eng-2026-07-11-exact-score,Norway vs. England - Exact Score,21428534.57854,11559875.17265797,2815483,Exact Score: Norway 1 - 3 England?,soccer_exact_score,exact_score,Norway 1-3 England,Yes,No,113230007922110579441195067189552030842667783537211865961837376790162748381293,56741073937547883655924926665527964452505502723562259400338162523770193284919,1268496.6309,446522.2299519958,0.06,0.07,0.05,0.01,0.07,0.06,0.010000000000000009,85835.6867,89467.04000000001,0.94,0.93,0.009999999999999898,154675.6949,237705.8741
fifwc-nor-eng-2026-07-11,Norway,England,fifwc-nor-eng-2026-07-11-exact-score,Norway vs. England - Exact Score,21428534.57854,11559875.17265797,2815484,Exact Score: Norway 2 - 2 England?,soccer_exact_score,exact_score,Norway 2-2 England,Yes,No,104812678819888768186476490776932829645613323618807365045493017445562499027860,41294820437650274061329106375705945303905655306510317564147405432053700985409,1489620.1377,1014408.8511869882,0.06,0.07,0.05,0.01,0.07,0.06,0.010000000000000009,66147.47499999999,113105.80479999998,0.94,0.93,0.009999999999999898,274232.1067,310185.4411
fifwc-nor-eng-2026-07-11,Norway,England,fifwc-nor-eng-2026-07-11-exact-score,Norway vs. England - Exact Score,21428534.57854,11559875.17265797,2815485,Exact Score: Norway 3 - 1 England?,soccer_exact_score,exact_score,Norway 3-1 England,Yes,No,52375963261224781096090100636398461384254684880431885988883688049443036058056,77952870135654943792356113460038506888579295292742665809579358146536070379397,391257.11028,777138.8672889987,0.027,0.029,0.05,0.001,0.029,0.028,0.0010000000000000009,5664.258250000001,6699.516850000001,0.972,0.971,0.0010000000000000009,180389.75866,220997.49666
fifwc-nor-eng-2026-07-11,Norway,England,fifwc-nor-eng-2026-07-11-exact-score,Norway vs. England - Exact Score,21428534.57854,11559875.17265797,2815486,Exact Score: Norway 2 - 3 England?,soccer_exact_score,exact_score,Norway 2-3 England,Yes,No,98545693477685369419867932545576968832612604629563065596290877227412161971784,108549669961439198619207810228288776785400539523771485809175402824221388190031,946377.43727,1405947.4835350031,0.043,0.044,0.05,0.001,0.044,0.042,0.001999999999999995,33316.361,34027.419,0.958,0.956,0.0020000000000000018,85946.08142999999,105919.28403
fifwc-nor-eng-2026-07-11,Norway,England,fifwc-nor-eng-2026-07-11-exact-score,Norway vs. England - Exact Score,21428534.57854,11559875.17265797,2815487,Exact Score: Norway 3 - 2 England?,soccer_exact_score,exact_score,Norway 3-2 England,Yes,No,15248968601922976166352559268235846016371233564856891230194350897233979113519,104847148458485106047918056330713119132311486645777654500543301071723396938738,987846.89996,1993996.88800501,0.03,0.032,0.05,0.001,0.032,0.031,0.0010000000000000009,23342.61688,23923.08338,0.969,0.967,0.0020000000000000018,162190.62315,182525.49594999998
fifwc-nor-eng-2026-07-11,Norway,England,fifwc-nor-eng-2026-07-11-exact-score,Norway vs. England - Exact Score,21428534.57854,11559875.17265797,2815488,Exact Score: Norway 3 - 3 England?,soccer_exact_score,exact_score,Norway 3-3 England,Yes,No,80960368362329369772725973169256430897167305792601850437636931320499636941486,50004651388029986950246760881998418290323056460537267600231225020315652520593,656757.41667,1120305.6840860036,0.018,0.019,0.05,0.001,0.019,0.018,0.0010000000000000009,8421.4966,8820.4134,0.982,0.981,0.0010000000000000009,205074.91689,284370.24605
fifwc-nor-eng-2026-07-11,Norway,England,fifwc-nor-eng-2026-07-11-exact-score,Norway vs. England - Exact Score,21428534.57854,11559875.17265797,2815489,Exact Score: Any Other Score?,soccer_exact_score,exact_score,Any Other Score,Yes,No,83082990725194768960564963655070610790119671582308134426791778917362357840192,34588542518002848753239006412592589494942719874043242642406296566174642521286,669128.878,141862.80030399992,0.09,0.1,0.05,0.01,0.1,0.09,0.010000000000000009,12043.8353,17695.8701,0.91,0.9,0.010000000000000009,58651.83730000001,61194.057400000005
fifwc-nor-eng-2026-07-11,Norway,England,fifwc-nor-eng-2026-07-11-first-to-score,Norway vs. England - First Team to Score,624567.753,114377.19365700004,2815492,Norway to score first vs. England?,soccer_first_to_score,first_score,Norway to score first,Yes,No,111136507290190009206968242655483654493478392681789471873521855583115088548956,46558137013040822829493843006997723719496978766305887219544578721642130656289,167981.4195,36173.11113800004,0.38,0.39,0.05,0.01,0.39,0.38,0.010000000000000009,14012.366200000002,18186.3097,0.62,0.61,0.010000000000000009,13414.6171,25306.3867
fifwc-nor-eng-2026-07-11,Norway,England,fifwc-nor-eng-2026-07-11-first-to-score,Norway vs. England - First Team to Score,624567.753,114377.19365700004,2815493,England to score first vs. Norway?,soccer_first_to_score,first_score,England to score first,Yes,No,17427973231299077495868489484306839149672172662295917432563722807064410291911,10174584768963875173947852308524484106197371102092547629610032094114021922809,186529.4908,19548.513223,0.57,0.58,0.05,0.01,0.58,0.57,0.010000000000000009,51130.3287,57791.5647,0.43,0.42,0.010000000000000009,16240.592499999999,17000.755
fifwc-nor-eng-2026-07-11,Norway,England,fifwc-nor-eng-2026-07-11-first-to-score,Norway vs. England - First Team to Score,624567.753,114377.19365700004,2815494,Norway vs. England: Neither team to score first?,soccer_first_to_score,first_score,Neither team to score first,Yes,No,76790995056109877107101280837091640359206575286040763489781714232912142275394,47127343709672499486014117729203733813272017504454106514100102858862655003118,270222.4828,59042.569293,0.05,0.06,0.05,0.01,0.06,0.05,0.009999999999999995,7218.257100000001,10507.139500000001,0.95,0.94,0.010000000000000009,114488.8856,121595.96889999999
fifwc-arg-che-2026-07-11,Argentina,Switzerland,fifwc-arg-che-2026-07-11,Argentina vs. Switzerland,5273549.93905,2716599.7344919867,2844058,Will Argentina win on 2026-07-11?,moneyline,main_90m,Argentina win,Yes,No,14635675870982897917581198649476127837975251193150495566552970565909631535281,98130629394630322983110605714141489884435629664812927809724837028685741349685,1893158.94055,2269599.396058986,0.5775,0.58,0.05,0.0025,0.58,0.5775,0.0024999999999999467,1161322.869925,1632931.85105,0.4225,0.42,0.0025000000000000022,174783.4012,285273.648775
fifwc-arg-che-2026-07-11,Argentina,Switzerland,fifwc-arg-che-2026-07-11,Argentina vs. Switzerland,5273549.93905,2716599.7344919867,2844059,Will Argentina vs. Switzerland end in a draw?,moneyline,main_90m,Draw,Yes,No,77916360718126045401133554110154807394451430552706503353127448280368541580890,64009965006448114503207737017699739681376644008518490517776127794675721082018,1561180.761875,162711.85765799932,0.2675,0.27,0.05,0.0025,0.27,0.2675,0.0025000000000000022,202204.95055000004,226425.03127500002,0.7325,0.73,0.0025000000000000577,1262744.89025,1710270.13005
fifwc-arg-che-2026-07-11,Argentina,Switzerland,fifwc-arg-che-2026-07-11,Argentina vs. Switzerland,5273549.93905,2716599.7344919867,2844060,Will Switzerland win on 2026-07-11?,moneyline,main_90m,Switzerland win,Yes,No,35737328415897350073008705151276154836361818348951962282389981878817300121168,2325110748558115998000548098297804157039460695119122307882561286628201418413,1829374.56395,286742.38258100057,0.16,0.1625,0.05,0.0025,0.1625,0.16,0.0025000000000000022,239017.38525,295767.52280000004,0.84,0.8375,0.0024999999999999467,645562.539275,1122516.391725
fifwc-arg-che-2026-07-11,Argentina,Switzerland,fifwc-arg-che-2026-07-11-more-markets,Argentina vs. Switzerland - More Markets,10803206.504575,3817189.5704420065,2844221,Spread: Argentina (-1.5),spreads,spread,Argentina (-1.5),Argentina,Switzerland,86856806540103921345122388994885836278304167474480026579408228314653172746297,23427133638417952206795257322339810627539802162874648935730203606227763307519,561218.172025,170474.41842400015,0.3025,0.305,0.05,0.0025,0.305,0.3025,0.0025000000000000022,210562.08789999998,223583.567475,0.6975,0.695,0.0025000000000000577,68352.67185,81630.06635
fifwc-arg-che-2026-07-11,Argentina,Switzerland,fifwc-arg-che-2026-07-11-more-markets,Argentina vs. Switzerland - More Markets,10803206.504575,3817189.5704420065,2844222,Spread: Switzerland (-1.5),spreads,spread,Switzerland (-1.5),Switzerland,Argentina,91045076622913871380483795224632526461590565709148907564407869176825176937045,114261227729094418480175815348374177690884419439694179475449280651117820731782,213934.335125,25290.894647999998,0.0425,0.045,0.05,0.0025,0.045,0.0425,0.0024999999999999953,1119.964525,1354.163525,0.9575,0.955,0.0025000000000000577,104082.117025,120037.50915
fifwc-arg-che-2026-07-11,Argentina,Switzerland,fifwc-arg-che-2026-07-11-more-markets,Argentina vs. Switzerland - More Markets,10803206.504575,3817189.5704420065,2844223,Spread: Argentina (-2.5),spreads,spread,Argentina (-2.5),Argentina,Switzerland,82899308099402117126912240521239200665421649167643703508582148389121114969601,438876993544292464278258136005282825032932987908268513863451847691341936763,289103.663575,46618.33210300002,0.12,0.1225,0.05,0.0025,0.1225,0.12,0.0025000000000000022,9359.271075,13242.265375,0.88,0.8775,0.0025000000000000577,72790.029425,100014.680475
fifwc-arg-che-2026-07-11,Argentina,Switzerland,fifwc-arg-che-2026-07-11-more-markets,Argentina vs. Switzerland - More Markets,10803206.504575,3817189.5704420065,2844224,Spread: Switzerland (-2.5),spreads,spread,Switzerland (-2.5),Switzerland,Argentina,42305474625879264668562474326282450591645846384824748801026458660745722011418,23472096722822063646547222682255889313973656080445436089806847934252231796980,153187.05466,12652.710314000002,0.009,0.01,0.05,0.001,0.01,0.009,0.0010000000000000009,259.62399,656.5740900000001,0.991,0.99,0.0010000000000000009,142814.89766,142814.89766
fifwc-arg-che-2026-07-11,Argentina,Switzerland,fifwc-arg-che-2026-07-11-more-markets,Argentina vs. Switzerland - More Markets,10803206.504575,3817189.5704420065,2844225,Spread: Argentina (-3.5),spreads,spread,Argentina (-3.5),Argentina,Switzerland,87721203078931457878882955699231872181587897866904631465094985096661055867274,14391216032989706395740289655469297718073914188436570779796559223930393533499,136442.193675,1833.686389,0.045,0.0475,0.05,0.0025,0.0475,0.045,0.0025000000000000022,276.068525,277.268525,0.955,0.9525,0.0024999999999999467,29220.311625,40641.461624999996
fifwc-arg-che-2026-07-11,Argentina,Switzerland,fifwc-arg-che-2026-07-11-more-markets,Argentina vs. Switzerland - More Markets,10803206.504575,3817189.5704420065,2844226,Spread: Switzerland (-3.5),spreads,spread,Switzerland (-3.5),Switzerland,Argentina,22485947833218294149516105255292245000243947101246059946517351406742987078424,46805160215659376520223193424484059175775852876342633553239278144746685582831,188081.52281,16134.657153000071,0.002,0.003,0.05,0.001,0.003,0.002,0.001,158.06961,478.13461,0.998,0.997,0.0010000000000000009,125520.86395,125520.86395
fifwc-arg-che-2026-07-11,Argentina,Switzerland,fifwc-arg-che-2026-07-11-more-markets,Argentina vs. Switzerland - More Markets,10803206.504575,3817189.5704420065,2844227,Spread: Argentina (-4.5),spreads,spread,Argentina (-4.5),Argentina,Switzerland,25332628000151331799008233375211276031286575731789187588035502545609189376029,99830958849196684699778203815069300980746754665470020911468822864214412364998,69621.3752,3243.2452919999996,0.014,0.015,0.05,0.001,0.015,0.014,0.0009999999999999992,10.895950000000001,10.895950000000001,0.986,0.985,0.0010000000000000009,14911.45212,19735.62312
fifwc-arg-che-2026-07-11,Argentina,Switzerland,fifwc-arg-che-2026-07-11-more-markets,Argentina vs. Switzerland - More Markets,10803206.504575,3817189.5704420065,2844228,Spread: Switzerland (-4.5),spreads,spread,Switzerland (-4.5),Switzerland,Argentina,92780256998068982882170634648616599351101435111723561549742092566291164591695,65208709500938041723146317264591201206928376226550367310892994651591112982814,69581.8159,12929.474610000005,0.001,0.002,0.05,0.001,0.002,0.001,0.001,38.47562,38.47562,0.999,0.998,0.0010000000000000009,4.995,4.995
fifwc-arg-che-2026-07-11,Argentina,Switzerland,fifwc-arg-che-2026-07-11-more-markets,Argentina vs. Switzerland - More Markets,10803206.504575,3817189.5704420065,2844229,Spread: Argentina (-5.5),spreads,spread,Argentina (-5.5),Argentina,Switzerland,43786492317867704746279762998897126645417608219992955534652268539425493044660,112626523331641848903228901506982677171412820189404738967342930589669371843012,71027.29497,7928.016413,0.004,0.005,0.05,0.001,0.005,0.004,0.001,16.93301,16.93301,0.996,0.995,0.0010000000000000009,18333.89412,18333.89412
fifwc-arg-che-2026-07-11,Argentina,Switzerland,fifwc-arg-che-2026-07-11-more-markets,Argentina vs. Switzerland - More Markets,10803206.504575,3817189.5704420065,2844230,Spread: Switzerland (-5.5),spreads,spread,Switzerland (-5.5),Switzerland,Argentina,105164740010477353825831821196731446504145883636276354256531201710496715299250,39325288066312562241747765685368263089065613755963082632191736395935158426994,80644.71374,6871.852,,0.001,0.05,0.001,0.001,,,32.4843,34.2843,,0.999,,0,0
fifwc-arg-che-2026-07-11,Argentina,Switzerland,fifwc-arg-che-2026-07-11-more-markets,Argentina vs. Switzerland - More Markets,10803206.504575,3817189.5704420065,2844231,Argentina vs. Switzerland: O/U 0.5,totals,totals,Total over 0.5,Over,Under,65879077845468510606113801767099660582234743547589208581589872489974624866672,1519832575702426241040388326012138119286271084030709610969800220176920569658,239466.158425,74008.08638,0.91,0.9125,0.05,0.0025,0.91,0.9075,0.0025000000000000577,90744.44807500001,144465.9927,0.0925,0.09,0.0025000000000000022,6995.3007,9107.200424999999
fifwc-arg-che-2026-07-11,Argentina,Switzerland,fifwc-arg-che-2026-07-11-more-markets,Argentina vs. Switzerland - More Markets,10803206.504575,3817189.5704420065,2844232,Argentina vs. Switzerland: O/U 1.5,totals,totals,Total over 1.5,Over,Under,30832186473485489334120104796032388930526660633476597146132134578867673440960,110580200107493402344905405984201644993946528849570555706522556898419005068785,326713.90075,543291.9670879998,0.6925,0.695,0.05,0.0025,0.695,0.6925,0.0024999999999999467,80436.39660000001,160295.5209,0.3075,0.305,0.0025000000000000022,16890.799325,42397.61905
fifwc-arg-che-2026-07-11,Argentina,Switzerland,fifwc-arg-che-2026-07-11-more-markets,Argentina vs. Switzerland - More Markets,10803206.504575,3817189.5704420065,2844233,Argentina vs. Switzerland: O/U 2.5,totals,totals,Total over 2.5,Over,Under,112549769834227696718380997824208714412874953413763738079535817081277834783543,40781533518364365859654162013252783110033667829187322560913487093651197262174,831103.79495,739140.8658330007,0.41,0.4125,0.05,0.0025,0.4125,0.41,0.0025000000000000022,243571.12905,314488.2262,0.59,0.5875,0.0024999999999999467,90084.08145,108601.0873
fifwc-arg-che-2026-07-11,Argentina,Switzerland,fifwc-arg-che-2026-07-11-more-markets,Argentina vs. Switzerland - More Markets,10803206.504575,3817189.5704420065,2844234,Argentina vs. Switzerland: O/U 3.5,totals,totals,Total over 3.5,Over,Under,73604894902304711587958609519988913804225150741419638425460636764071787646653,18170107583894514903858690472320801377992063945088648855330782247422224319208,220914.948325,128880.28958100005,0.21,0.2125,0.05,0.0025,0.2125,0.21,0.0025000000000000022,22350.166549999998,28202.3736,0.79,0.7875,0.0025000000000000577,75462.352775,101293.08667500001
fifwc-arg-che-2026-07-11,Argentina,Switzerland,fifwc-arg-che-2026-07-11-more-markets,Argentina vs. Switzerland - More Markets,10803206.504575,3817189.5704420065,2844235,Argentina vs. Switzerland: O/U 4.5,totals,totals,Total over 4.5,Over,Under,10623981660178059069237374053789326793397228378859219157780575470856453449385,55581968564803121389780705143410378688812055978011183667331441452216648245129,181416.4019,3773.0057359999996,0.09,0.0925,0.05,0.0025,0.0925,0.09,0.0025000000000000022,1824.9938,4025.1907499999998,0.91,0.9075,0.0025000000000000577,78214.04370000001,105695.47080000001
fifwc-arg-che-2026-07-11,Argentina,Switzerland,fifwc-arg-che-2026-07-11-more-markets,Argentina vs. Switzerland - More Markets,10803206.504575,3817189.5704420065,2844236,Argentina vs. Switzerland: O/U 5.5,totals,totals,Total over 5.5,Over,Under,114289263204266453428178146003740916394507072903252639006449174163731904275997,111421083993708306987828166454248425359136271891964811917325352067539688683779,125860.10704,118094.678365,0.032,0.033,0.05,0.001,0.033,0.032,0.0010000000000000009,665.86083,1457.62365,0.968,0.967,0.0010000000000000009,38737.26537,69534.84108
fifwc-arg-che-2026-07-11,Argentina,Switzerland,fifwc-arg-che-2026-07-11-more-markets,Argentina vs. Switzerland - More Markets,10803206.504575,3817189.5704420065,2844237,Argentina vs. Switzerland: O/U 6.5,totals,totals,Total over 6.5,Over,Under,66059834778739544349784735967653728270037125533856378580077529654720779283097,31582423689295216548659947728902664570333828011014147450048842758976253684258,132358.76995,5173.019585,0.012,0.013,0.05,0.001,0.013,0.012,0.0009999999999999992,107.00265,551.00265,0.988,0.987,0.0010000000000000009,12074.69591,17103.66191
fifwc-arg-che-2026-07-11,Argentina,Switzerland,fifwc-arg-che-2026-07-11-more-markets,Argentina vs. Switzerland - More Markets,10803206.504575,3817189.5704420065,2844238,Argentina vs. Switzerland: O/U 7.5,totals,totals,Total over 7.5,Over,Under,57251253906252012018232194152984814438130429287274040987254303298405060690900,7359138188501709681193789932600632121038954688807320523349155956380787569690,119001.13107,5520.872006000001,0.003,0.004,0.05,0.001,0.004,0.003,0.001,23.35686,329.03686,0.997,0.996,0.0010000000000000009,170753.56565,170753.56565
fifwc-arg-che-2026-07-11,Argentina,Switzerland,fifwc-arg-che-2026-07-11-more-markets,Argentina vs. Switzerland - More Markets,10803206.504575,3817189.5704420065,2844239,Argentina vs. Switzerland: O/U 8.5,totals,totals,Total over 8.5,Over,Under,96548145787749374431218664853787407088108369798231868800246532937495686224017,115157674612661227634745638102974254500262426450921029580899355508608075999569,470350.68535,78081.0986660001,0.001,0.003,0.05,0.001,0.003,0.001,0.002,283.17877000000004,539.37877,0.999,0.997,0.0020000000000000018,202252.99455,202252.99455
fifwc-arg-che-2026-07-11,Argentina,Switzerland,fifwc-arg-che-2026-07-11-more-markets,Argentina vs. Switzerland - More Markets,10803206.504575,3817189.5704420065,2844240,Argentina vs. Switzerland: Both Teams to Score,both_teams_to_score,btts,Both teams to score,Yes,No,93027458130746032971783598877275065017778969624188839525689809798724528082914,16864372109834282336069910820544170707703158387214541142922413776217200555786,808182.1833,130469.38797599991,0.45,0.46,0.05,0.01,0.45,0.44,0.010000000000000009,106902.24810000001,231299.68140000003,0.56,0.55,0.010000000000000009,135170.5048,150535.51679999998
fifwc-arg-che-2026-07-11,Argentina,Switzerland,fifwc-arg-che-2026-07-11-more-markets,Argentina vs. Switzerland - More Markets,10803206.504575,3817189.5704420065,2844241,Argentina vs. Switzerland: Both Teams to Score in First Half,both_teams_to_score_first_half,btts,Both teams to score first half,Yes,No,111965851691244134585986502901698903912424635050864239326693152900206764623442,47295280962905998994115949382620095298660729922608182121508095926146989770445,169473.339,18998.595865,0.15,0.16,0.05,0.01,0.16,0.15,0.010000000000000009,10952.9596,15892.0552,0.85,0.84,0.010000000000000009,41219.6342,44793.020000000004
fifwc-arg-che-2026-07-11,Argentina,Switzerland,fifwc-arg-che-2026-07-11-more-markets,Argentina vs. Switzerland - More Markets,10803206.504575,3817189.5704420065,2844242,Argentina vs. Switzerland: 1st Half O/U 0.5,first_half_totals,half_total,First half over 0.5,Over,Under,89442592098439791016732297414817979481278847094825453695958043363421163800821,88371455748628693587414182021871782444035727280648245011794919435885400284722,385065.9513,59204.37786400002,0.61,0.62,0.05,0.01,0.62,0.61,0.010000000000000009,151860.3442,172384.4082,0.39,0.38,0.010000000000000009,70914.1998,78694.3967
fifwc-arg-che-2026-07-11,Argentina,Switzerland,fifwc-arg-che-2026-07-11-more-markets,Argentina vs. Switzerland - More Markets,10803206.504575,3817189.5704420065,2844243,Argentina vs. Switzerland: 1st Half O/U 1.5,first_half_totals,half_total,First half over 1.5,Over,Under,17024389965493790101045424983655632102683540076703614848257365524016930086474,74379136278788041885482820103433330551382457912503742624362278242547280525723,217761.4932,19260.067967000003,0.24,0.25,0.05,0.01,0.25,0.24,0.010000000000000009,20472.535900000003,25142.2723,0.76,0.75,0.010000000000000009,48276.2037,61133.8095
fifwc-arg-che-2026-07-11,Argentina,Switzerland,fifwc-arg-che-2026-07-11-more-markets,Argentina vs. Switzerland - More Markets,10803206.504575,3817189.5704420065,2844244,Argentina vs. Switzerland: 1st Half O/U 2.5,first_half_totals,half_total,First half over 2.5,Over,Under,60871751440455221703208311251056845479453061844072803217608623311193239502688,19278345494184940387953587460368331709599493071921697218482988839859188923683,203920.4867,3991.596675,0.07,0.08,0.05,0.01,0.08,0.07,0.009999999999999995,5351.6039,8980.1779,0.93,0.92,0.010000000000000009,62064.4648,77837.6188
fifwc-arg-che-2026-07-11,Argentina,Switzerland,fifwc-arg-che-2026-07-11-more-markets,Argentina vs. Switzerland - More Markets,10803206.504575,3817189.5704420065,2844245,Argentina vs. Switzerland: Argentina O/U 0.5,soccer_team_totals,team_total,Argentina over 0.5,Over,Under,17356263346340013908998768956256741893693996792190171260803584376845002802620,3873888315650590176989404103300401094226208610886969001614518825717357052653,215947.8302,8508.555567000001,0.81,0.82,0.05,0.01,0.82,0.81,0.009999999999999898,52656.761,89921.57179999999,0.19,0.18,0.010000000000000009,5864.822600000001,9938.707100000001
fifwc-arg-che-2026-07-11,Argentina,Switzerland,fifwc-arg-che-2026-07-11-more-markets,Argentina vs. Switzerland - More Markets,10803206.504575,3817189.5704420065,2844246,Argentina vs. Switzerland: Argentina O/U 1.5,soccer_team_totals,team_total,Argentina over 1.5,Over,Under,36540897867284187562284990386104261630816466786319322565038368250248316383827,73438318875839710154995164625923624450559428328636404067002295896400068865382,389624.9845,80205.69001299978,0.48,0.49,0.05,0.01,0.49,0.48,0.010000000000000009,83059.0594,100014.7744,0.52,0.51,0.010000000000000009,75732.1098,85214.8824
fifwc-arg-che-2026-07-11,Argentina,Switzerland,fifwc-arg-che-2026-07-11-more-markets,Argentina vs. Switzerland - More Markets,10803206.504575,3817189.5704420065,2844247,Argentina vs. Switzerland: Argentina O/U 2.5,soccer_team_totals,team_total,Argentina over 2.5,Over,Under,104796982239162146798313047803974213251941091847465941092020590480049059020319,60582991992375859421115001748962570276499596907727769509695152865725769303103,241177.8574,43042.141766999994,0.2,0.21,0.05,0.01,0.21,0.2,0.009999999999999981,13159.0418,18319.2781,0.8,0.79,0.010000000000000009,64928.19990000001,104307.8799
fifwc-arg-che-2026-07-11,Argentina,Switzerland,fifwc-arg-che-2026-07-11-more-markets,Argentina vs. Switzerland - More Markets,10803206.504575,3817189.5704420065,2844248,Argentina vs. Switzerland: Switzerland O/U 0.5,soccer_team_totals,team_total,Switzerland over 0.5,Over,Under,24354234139094159760801481818061405588203752598570607594308265731977986690399,68601754314553873454157159382237873983166112419665847949728310832932407901064,336100.3894,6849.6178770000015,0.54,0.55,0.05,0.01,0.55,0.54,0.010000000000000009,80947.56800000001,95530.8356,0.46,0.45,0.010000000000000009,41558.069299999996,50713.435699999995
fifwc-arg-che-2026-07-11,Argentina,Switzerland,fifwc-arg-che-2026-07-11-more-markets,Argentina vs. Switzerland - More Markets,10803206.504575,3817189.5704420065,2844249,Argentina vs. Switzerland: Switzerland O/U 1.5,soccer_team_totals,team_total,Switzerland over 1.5,Over,Under,95535897429293738236718598641408444297940620227028518485000168651890713262846,17271699626188492054734826974433738897316244986335431359988768832209628851407,324744.2135,5149.909253999999,0.17,0.18,0.05,0.01,0.18,0.17,0.009999999999999981,10286.0772,14838.9272,0.83,0.82,0.010000000000000009,82598.4768,97992.2573
fifwc-arg-che-2026-07-11,Argentina,Switzerland,fifwc-arg-che-2026-07-11-more-markets,Argentina vs. Switzerland - More Markets,10803206.504575,3817189.5704420065,2844250,Argentina vs. Switzerland: Switzerland O/U 2.5,soccer_team_totals,team_total,Switzerland over 2.5,Over,Under,60637875920965932380322178006840574801459836874863791972684504846665337081363,37253171840521139999024753625055644913447516094754555967495429904553409495394,276216.48817,24965.22131299999,0.037,0.038,0.05,0.001,0.038,0.037,0.0010000000000000009,1215.05755,1296.3295500000002,0.963,0.962,0.0010000000000000009,28053.95122,106009.53362
fifwc-arg-che-2026-07-11,Argentina,Switzerland,fifwc-arg-che-2026-07-11-more-markets,Argentina vs. Switzerland - More Markets,10803206.504575,3817189.5704420065,2844251,Argentina vs. Switzerland: Argentina 1st Half O/U 0.5,soccer_first_half_team_totals,half_team,Argentina first half over 0.5,Over,Under,10900890550030184542085780238817267335568715195213373836269217617693035101864,95689829688847120125660874178248765427851498225665107319711332665785211192859,102078.7375,8394.682474,0.48,0.49,0.05,0.01,0.49,0.48,0.010000000000000009,8559.717700000001,13208.877700000001,0.52,0.51,0.010000000000000009,1077.1640000000002,1341.7532
fifwc-arg-che-2026-07-11,Argentina,Switzerland,fifwc-arg-che-2026-07-11-more-markets,Argentina vs. Switzerland - More Markets,10803206.504575,3817189.5704420065,2844252,Argentina vs. Switzerland: Argentina 1st Half O/U 1.5,soccer_first_half_team_totals,half_team,Argentina first half over 1.5,Over,Under,98079128139824757504463800324512341810684663406527478050571898652778457892356,79971637780721435720939577885908482005066573770277054081144164222421373999427,70308.0285,1917.5298480000001,0.14,0.17,0.05,0.01,0.14,0.13,0.010000000000000009,46.369600000000005,47.96960000000001,0.87,0.86,0.010000000000000009,757.1087,890.6087
fifwc-arg-che-2026-07-11,Argentina,Switzerland,fifwc-arg-che-2026-07-11-more-markets,Argentina vs. Switzerland - More Markets,10803206.504575,3817189.5704420065,2844253,Argentina vs. Switzerland: Switzerland 1st Half O/U 0.5,soccer_first_half_team_totals,half_team,Switzerland first half over 0.5,Over,Under,6844048949756872894604684183434734358807533876576545300105458987256942389303,100978715991513029543228989345159833593230281301805231898225811466907346528354,74330.917,5988.944898999998,0.26,0.27,0.05,0.01,0.27,0.26,0.010000000000000009,6637.732400000001,9620.527399999999,0.74,0.73,0.010000000000000009,1593.8382000000001,2448.0706
fifwc-arg-che-2026-07-11,Argentina,Switzerland,fifwc-arg-che-2026-07-11-more-markets,Argentina vs. Switzerland - More Markets,10803206.504575,3817189.5704420065,2844254,Argentina vs. Switzerland: Switzerland 1st Half O/U 1.5,soccer_first_half_team_totals,half_team,Switzerland first half over 1.5,Over,Under,54674487324684811312754183198224768212882143817217368046935852119869539887941,82030539187938919215318930041756431246918693185393265415157317687240468501624,51102.74679,2358.584235,0.034,0.036,0.05,0.001,0.036,0.035,0.000999999999999994,37.11,54.47056,0.965,0.964,0.0010000000000000009,220.47984999999997,225.35984999999997
fifwc-arg-che-2026-07-11,Argentina,Switzerland,fifwc-arg-che-2026-07-11-more-markets,Argentina vs. Switzerland - More Markets,10803206.504575,3817189.5704420065,2844255,Argentina vs. Switzerland: Both Teams to Score in Second Half,both_teams_to_score_second_half,btts,Both teams to score second half,Yes,No,56874434495395835322996811048202898571320071444179385274242736699735403235417,102713824584936232223233767824222106794350720651546941820207237419480945091574,142161.4278,1379.1145569999999,0.23,0.24,0.05,0.01,0.24,0.23,0.009999999999999981,9918.1346,10050.7892,0.77,0.76,0.010000000000000009,9115.2387,27211.3421
fifwc-arg-che-2026-07-11,Argentina,Switzerland,fifwc-arg-che-2026-07-11-more-markets,Argentina vs. Switzerland - More Markets,10803206.504575,3817189.5704420065,2844256,Argentina vs. Switzerland: 2nd Half O/U 0.5,second_half_totals,half_total,Second half over 0.5,Over,Under,71435771162606540178835440052797448629381609569973055719284427478117837744101,58809610143631526492007195201749369741074665438388551494146217974177267653944,78310.7156,2676.487113,0.75,0.76,0.05,0.01,0.76,0.75,0.010000000000000009,3.8,3200.8874,0.25,0.24,0.010000000000000009,134.823,251.3469
fifwc-arg-che-2026-07-11,Argentina,Switzerland,fifwc-arg-che-2026-07-11-more-markets,Argentina vs. Switzerland - More Markets,10803206.504575,3817189.5704420065,2844257,Argentina vs. Switzerland: 2nd Half O/U 1.5,second_half_totals,half_total,Second half over 1.5,Over,Under,78966173752506535306286754925076369428595583382362910810677133781980324086578,87025811753686159887263492115208448481219187830424962549340690888532723851475,66007.0072,682.701015,0.4,0.42,0.05,0.01,0.42,0.41,0.010000000000000009,418.8205,560.4037,0.6,0.58,0.020000000000000018,989.1659,3613.6259
fifwc-arg-che-2026-07-11,Argentina,Switzerland,fifwc-arg-che-2026-07-11-more-markets,Argentina vs. Switzerland - More Markets,10803206.504575,3817189.5704420065,2844258,Argentina vs. Switzerland: 2nd Half O/U 2.5,second_half_totals,half_total,Second half over 2.5,Over,Under,68729942823994821983825680314444852285331496830738412223331194020222343977249,42806752182430772812518019674145156194081863979359068888299114802487639997723,113966.0737,54.78,0.17,0.18,0.05,0.01,0.18,0.16,0.01999999999999999,1987.9521,2024.4001,0.84,0.82,0.020000000000000018,27949.1905,33076.5449
fifwc-arg-che-2026-07-11,Argentina,Switzerland,fifwc-arg-che-2026-07-11-more-markets,Argentina vs. Switzerland - More Markets,10803206.504575,3817189.5704420065,2844259,Argentina vs. Switzerland: Argentina 2nd Half O/U 0.5,soccer_second_half_team_totals,half_team,Argentina second half over 0.5,Over,Under,101240421516966899642232722776836445490301805536744227308990551379568091399863,45378189813620199938420963924198320345923019418106211839554723375483852488178,77545.2699,288.97713999999996,0.61,0.62,0.05,0.01,0.62,0.61,0.010000000000000009,316.00919999999996,316.00919999999996,0.39,0.38,0.010000000000000009,361.2599,822.4033000000001
fifwc-arg-che-2026-07-11,Argentina,Switzerland,fifwc-arg-che-2026-07-11-more-markets,Argentina vs. Switzerland - More Markets,10803206.504575,3817189.5704420065,2844260,Argentina vs. Switzerland: Argentina 2nd Half O/U 1.5,soccer_second_half_team_totals,half_team,Argentina second half over 1.5,Over,Under,92314826582385076449904078186747218841177293048827864240507017414158786852302,104319782993942908389754608659820346897850474435275627534559910868511009800430,50101.4301,54.490026,0.2,0.27,0.05,0.01,0.27,0.2,0.07,68.85000000000001,68.85000000000001,0.81,0.73,0.08000000000000007,217.15,225.45
fifwc-arg-che-2026-07-11,Argentina,Switzerland,fifwc-arg-che-2026-07-11-more-markets,Argentina vs. Switzerland - More Markets,10803206.504575,3817189.5704420065,2844261,Argentina vs. Switzerland: Switzerland 2nd Half O/U 0.5,soccer_second_half_team_totals,half_team,Switzerland second half over 0.5,Over,Under,111136474352908861082080363139774619882614664727095552828607357183133598752200,71169599512151724807145808047509133742021894620756556300786814096317671425508,68251.2413,141.837836,0.34,0.37,0.05,0.01,0.37,0.34,0.02999999999999997,1.85,1.85,0.66,0.63,0.030000000000000027,343.6146,683.6146
fifwc-arg-che-2026-07-11,Argentina,Switzerland,fifwc-arg-che-2026-07-11-more-markets,Argentina vs. Switzerland - More Markets,10803206.504575,3817189.5704420065,2844262,Argentina vs. Switzerland: Switzerland 2nd Half O/U 1.5,soccer_second_half_team_totals,half_team,Switzerland second half over 1.5,Over,Under,36637240735252717773032789583625815609374241235079182334086560991859521226401,75537886304011001624670299235376411017727822783544748176784998277174411690683,57582.0153,846.5999949999999,0.03,0.06,0.05,0.01,0.06,0.03,0.03,129.8058,129.8058,0.97,0.94,0.030000000000000027,2696.7709999999997,166498.211
fifwc-arg-che-2026-07-11,Argentina,Switzerland,fifwc-arg-che-2026-07-11-more-markets,Argentina vs. Switzerland - More Markets,10803206.504575,3817189.5704420065,2844263,Argentina vs. Switzerland: Team to Advance,soccer_team_to_advance,advance,Argentina to advance,Argentina,Switzerland,26218726019311053184755697987866017884925318332399265731080389538226679668554,92257806716939740851168826657694343452956250642547792490307491291679457928887,1231504.491425,1383839.346194006,0.7475,0.75,0.05,0.0025,0.75,0.7475,0.0024999999999999467,725754.123075,1048903.773075,0.2525,0.25,0.0025000000000000022,205410.53635,257493.90855000002
fifwc-arg-che-2026-07-11,Argentina,Switzerland,fifwc-arg-che-2026-07-11-more-markets,Argentina vs. Switzerland - More Markets,10803206.504575,3817189.5704420065,2844264,Argentina vs. Switzerland: Will the Match Go to Extra Time?,soccer_extra_time,extra_time,Match goes to extra time,Yes,No,70845174403714051283000686487090839243156206827811807307030736411874415261913,79195408864809643876841930449005807517986843895869077994670083747816121996444,147468.666,6078.327419000001,0.26,0.28,0.05,0.01,0.28,0.26,0.020000000000000018,13275.277100000001,14925.277100000001,0.74,0.72,0.020000000000000018,12474.9186,18972.1586
fifwc-arg-che-2026-07-11,Argentina,Switzerland,fifwc-arg-che-2026-07-11-more-markets,Argentina vs. Switzerland - More Markets,10803206.504575,3817189.5704420065,2844265,Argentina vs. Switzerland: Will the Match Go to a Penalty Shootout?,soccer_penalty_shootout,extra_time,Match goes to penalties,Yes,No,6517033770099404013841226969212047228167165000401448886796845113896712099289,1879010346199516669493915958113230723586250230451187600371053751078120330230,135444.0123,8284.823926,0.16,0.17,0.05,0.01,0.17,0.16,0.010000000000000009,4018.5714000000003,4092.6714,0.84,0.83,0.010000000000000009,1321.3872,2467.9305999999997
fifwc-arg-che-2026-07-11,Argentina,Switzerland,fifwc-arg-che-2026-07-11-exact-score,Argentina vs. Switzerland - Exact Score,15817369.33639,2126851.983339998,2844077,Exact Score: Argentina 0 - 0 Switzerland?,soccer_exact_score,exact_score,Argentina 0-0 Switzerland,Yes,No,83602363077775083852273929837446776929360310365493664800352074216705483998369,32930746366336541793523434899590755661742712105763321715418990668107671154922,1730217.221,33749.11309599998,0.09,0.1,0.05,0.01,0.1,0.09,0.010000000000000009,131468.14280000003,198156.68360000002,0.91,0.9,0.010000000000000009,63245.0955,84565.1967
fifwc-arg-che-2026-07-11,Argentina,Switzerland,fifwc-arg-che-2026-07-11-exact-score,Argentina vs. Switzerland - Exact Score,15817369.33639,2126851.983339998,2844078,Exact Score: Argentina 0 - 1 Switzerland?,soccer_exact_score,exact_score,Argentina 0-1 Switzerland,Yes,No,111279599071510071588512877709954046563996330062313678407417117437012781470030,1899519790870173210633296271145783515827441223600297425094785691691544750687,1785316.723,39949.10605399997,0.06,0.07,0.05,0.01,0.07,0.06,0.010000000000000009,97771.7768,144827.6468,0.94,0.93,0.009999999999999898,98076.26999999999,157995.2268
fifwc-arg-che-2026-07-11,Argentina,Switzerland,fifwc-arg-che-2026-07-11-exact-score,Argentina vs. Switzerland - Exact Score,15817369.33639,2126851.983339998,2844079,Exact Score: Argentina 1 - 0 Switzerland?,soccer_exact_score,exact_score,Argentina 1-0 Switzerland,Yes,No,13868666722547151622968425324881630789506988842711876572771841120501632704063,27348205373731342443844296125855564001784411322336260845210503096726792225707,1239121.8308,69987.65828399999,0.15,0.16,0.05,0.01,0.16,0.15,0.010000000000000009,126960.14330000001,227422.6649,0.85,0.84,0.010000000000000009,192442.4252,209927.9375
fifwc-arg-che-2026-07-11,Argentina,Switzerland,fifwc-arg-che-2026-07-11-exact-score,Argentina vs. Switzerland - Exact Score,15817369.33639,2126851.983339998,2844080,Exact Score: Argentina 0 - 2 Switzerland?,soccer_exact_score,exact_score,Argentina 0-2 Switzerland,Yes,No,79508496192814901895393567658178751597026213572528643213617180726288712906114,55832755170581111520435149891466275872374752548057702497378483647991666224882,102996.99058,50280.65492200001,0.023,0.024,0.05,0.001,0.024,0.023,0.0010000000000000009,712.56169,826.94849,0.977,0.976,0.0010000000000000009,61266.3886,82736.44023000001
fifwc-arg-che-2026-07-11,Argentina,Switzerland,fifwc-arg-che-2026-07-11-exact-score,Argentina vs. Switzerland - Exact Score,15817369.33639,2126851.983339998,2844081,Exact Score: Argentina 1 - 1 Switzerland?,soccer_exact_score,exact_score,Argentina 1-1 Switzerland,Yes,No,17168013062841212416986638144770036691154041394186749059339039605127908778381,104580220206753443516061597230446739753188806470795302044479228469372741554138,1248518.5134,67922.21297199973,0.12,0.13,0.05,0.01,0.13,0.12,0.010000000000000009,78429.63,184150.05,0.88,0.87,0.010000000000000009,173479.9518,205978.5108
fifwc-arg-che-2026-07-11,Argentina,Switzerland,fifwc-arg-che-2026-07-11-exact-score,Argentina vs. Switzerland - Exact Score,15817369.33639,2126851.983339998,2844082,Exact Score: Argentina 2 - 0 Switzerland?,soccer_exact_score,exact_score,Argentina 2-0 Switzerland,Yes,No,6661564152944380206169971701747722275948859158550300108971890332660582706580,49614084647111323880230076907643387836985633367961789419971303731938216319929,1197049.8895,148016.25208099766,0.12,0.13,0.05,0.01,0.13,0.12,0.010000000000000009,159116.11960000003,164989.5811,0.88,0.87,0.010000000000000009,150629.8026,169698.41760000002
fifwc-arg-che-2026-07-11,Argentina,Switzerland,fifwc-arg-che-2026-07-11-exact-score,Argentina vs. Switzerland - Exact Score,15817369.33639,2126851.983339998,2844083,Exact Score: Argentina 0 - 3 Switzerland?,soccer_exact_score,exact_score,Argentina 0-3 Switzerland,Yes,No,28144403772333206627783336442887822241658028395663038354126074112485175067560,48608878640222695210802406720736930846681031407414472532859941487516425196000,155569.88715,39294.17891299998,0.005,0.006,0.05,0.001,0.006,0.005,0.001,248.65551,640.63571,0.995,0.994,0.0010000000000000009,480673.66516,480673.66516
fifwc-arg-che-2026-07-11,Argentina,Switzerland,fifwc-arg-che-2026-07-11-exact-score,Argentina vs. Switzerland - Exact Score,15817369.33639,2126851.983339998,2844085,Exact Score: Argentina 1 - 2 Switzerland?,soccer_exact_score,exact_score,Argentina 1-2 Switzerland,Yes,No,61428310575552832047429145577776331319243896255626815667210589888423398982159,91786814861126886748171063122399437191869198917170572189079471520004900483785,1759204.4503,72497.84197899999,0.04,0.05,0.05,0.01,0.05,0.04,0.010000000000000002,66579.6704,103165.6576,0.96,0.95,0.010000000000000009,112991.0802,138185.63559999998
fifwc-arg-che-2026-07-11,Argentina,Switzerland,fifwc-arg-che-2026-07-11-exact-score,Argentina vs. Switzerland - Exact Score,15817369.33639,2126851.983339998,2844086,Exact Score: Argentina 2 - 1 Switzerland?,soccer_exact_score,exact_score,Argentina 2-1 Switzerland,Yes,No,63172625196195091195070019828383572197863066834815251139664324658105201413577,30936296499025396912999331112996820601747452661027738950095662944408426408146,1598928.0768,230978.7478210003,0.1,0.11,0.05,0.01,0.11,0.1,0.009999999999999995,130193.6256,199791.2277,0.9,0.89,0.010000000000000009,175851.51020000002,248269.53100000002
fifwc-arg-che-2026-07-11,Argentina,Switzerland,fifwc-arg-che-2026-07-11-exact-score,Argentina vs. Switzerland - Exact Score,15817369.33639,2126851.983339998,2844088,Exact Score: Argentina 3 - 0 Switzerland?,soccer_exact_score,exact_score,Argentina 3-0 Switzerland,Yes,No,49308437295293493373163570039320169071449328672767748905224503827802676371949,52491536532282762704287276878315715479137439527228944623773536697991829821895,1736976.1301,129979.20021799985,0.05,0.06,0.05,0.01,0.06,0.05,0.009999999999999995,49566.42280000001,93850.52360000001,0.95,0.94,0.010000000000000009,194393.18309999997,274345.1906
fifwc-arg-che-2026-07-11,Argentina,Switzerland,fifwc-arg-che-2026-07-11-exact-score,Argentina vs. Switzerland - Exact Score,15817369.33639,2126851.983339998,2844089,Exact Score: Argentina 1 - 3 Switzerland?,soccer_exact_score,exact_score,Argentina 1-3 Switzerland,Yes,No,104781212793123376554166644317543010994472653223308879996152874073254942814984,42896179386831795757573169650607407171001019631569660937273884059632826245209,192654.79079,107166.39937399987,0.011,0.013,0.05,0.001,0.012,0.011,0.0010000000000000009,323.54661,554.76731,0.989,0.988,0.0010000000000000009,194713.17149,194713.17149
fifwc-arg-che-2026-07-11,Argentina,Switzerland,fifwc-arg-che-2026-07-11-exact-score,Argentina vs. Switzerland - Exact Score,15817369.33639,2126851.983339998,2844090,Exact Score: Argentina 2 - 2 Switzerland?,soccer_exact_score,exact_score,Argentina 2-2 Switzerland,Yes,No,22135358067284304613993820019860490910442328062593685173610775336002029947164,110861088455115770264486804911235400147199876961016958177476348456440000882889,264863.58146,99402.80792600005,0.041,0.042,0.05,0.001,0.042,0.041,0.0010000000000000009,2351.9175499999997,3268.5749499999997,0.959,0.958,0.0010000000000000009,14822.10482,24633.18224
fifwc-arg-che-2026-07-11,Argentina,Switzerland,fifwc-arg-che-2026-07-11-exact-score,Argentina vs. Switzerland - Exact Score,15817369.33639,2126851.983339998,2844091,Exact Score: Argentina 3 - 1 Switzerland?,soccer_exact_score,exact_score,Argentina 3-1 Switzerland,Yes,No,89079250970217418470716761810872559620457115441441318458659729041641721598279,102861918409970516563188176531193769612253662866098319432969470373054945427030,1607157.6582,211229.72855000026,0.05,0.06,0.05,0.01,0.06,0.05,0.009999999999999995,70183.288,112025.47200000001,0.95,0.94,0.010000000000000009,119788.9405,195577.0581
fifwc-arg-che-2026-07-11,Argentina,Switzerland,fifwc-arg-che-2026-07-11-exact-score,Argentina vs. Switzerland - Exact Score,15817369.33639,2126851.983339998,2844092,Exact Score: Argentina 2 - 3 Switzerland?,soccer_exact_score,exact_score,Argentina 2-3 Switzerland,Yes,No,21798301867239507227202761043811096213317359868438332383032326387552747846885,103165893245776973600018172261533735503069823943911175431167634539767708698100,158858.77135,160219.63189099997,0.01,0.011,0.05,0.001,0.011,0.01,0.0009999999999999992,344.03933,814.04403,0.99,0.989,0.0010000000000000009,150202.03042,150202.03042
fifwc-arg-che-2026-07-11,Argentina,Switzerland,fifwc-arg-che-2026-07-11-exact-score,Argentina vs. Switzerland - Exact Score,15817369.33639,2126851.983339998,2844094,Exact Score: Argentina 3 - 2 Switzerland?,soccer_exact_score,exact_score,Argentina 3-2 Switzerland,Yes,No,76490532411375191568297871587070466512829550422972984746759897208403282561446,84221069654245080682388392228213774157699625104705967714148845347650054667011,242492.07209,225360.25910999987,0.022,0.023,0.05,0.001,0.024,0.022,0.0020000000000000018,420.95532000000003,1043.98692,0.978,0.976,0.0020000000000000018,65299.17888,89512.31206
fifwc-arg-che-2026-07-11,Argentina,Switzerland,fifwc-arg-che-2026-07-11-exact-score,Argentina vs. Switzerland - Exact Score,15817369.33639,2126851.983339998,2844095,Exact Score: Argentina 3 - 3 Switzerland?,soccer_exact_score,exact_score,Argentina 3-3 Switzerland,Yes,No,11247406369921607706823419849977765715544651712922317131314681105048657007402,104628283453746770711022540759160486154073561277419414584829615667642162511194,182480.43577,434948.4567350003,0.006,0.007,0.05,0.001,0.008,0.006,0.002,499.69202,856.90204,0.994,0.992,0.0020000000000000018,496736.69431000005,496736.69431000005
fifwc-arg-che-2026-07-11,Argentina,Switzerland,fifwc-arg-che-2026-07-11-exact-score,Argentina vs. Switzerland - Exact Score,15817369.33639,2126851.983339998,2844096,Exact Score: Any Other Score?,soccer_exact_score,exact_score,Any Other Score,Yes,No,85399399518028787427939783089366712681591548810723904580635865053327553763942,29338089388335897818304443971822869930522701716474662035675950023424806893997,581785.1264,9517.071571000002,0.06,0.07,0.05,0.01,0.07,0.06,0.010000000000000009,4328.2286,49706.8532,0.94,0.93,0.009999999999999898,55038.038499999995,64411.67049999999
fifwc-arg-che-2026-07-11,Argentina,Switzerland,fifwc-arg-che-2026-07-11-first-to-score,Argentina vs. Switzerland - First Team to Score,336501.2379,14675.762310000002,2844099,Argentina to score first vs. Switzerland?,soccer_first_to_score,first_score,Argentina to score first,Yes,No,8415516340226904244995186341940588120122258904330760812158492896253142467642,26637122190243245884807049381918926225121972587259797081345062328890588687091,97715.3114,5634.221625000001,0.63,0.64,0.05,0.01,0.64,0.63,0.010000000000000009,24167.0189,32548.312700000002,0.37,0.36,0.010000000000000009,7975.5265,8252.336800000001
fifwc-arg-che-2026-07-11,Argentina,Switzerland,fifwc-arg-che-2026-07-11-first-to-score,Argentina vs. Switzerland - First Team to Score,336501.2379,14675.762310000002,2844100,Switzerland to score first vs. Argentina?,soccer_first_to_score,first_score,Switzerland to score first,Yes,No,36943836611240793442864664675520607920439188151883325917030545648643122193085,21570658951775343831385496073766202921622974173608973099179525659010704246701,117390.1469,2633.940076,0.28,0.29,0.05,0.01,0.29,0.28,0.009999999999999953,20939.216099999998,23517.9046,0.72,0.71,0.010000000000000009,13468.466,22955.524999999998
fifwc-arg-che-2026-07-11,Argentina,Switzerland,fifwc-arg-che-2026-07-11-first-to-score,Argentina vs. Switzerland - First Team to Score,336501.2379,14675.762310000002,2844101,Argentina vs. Switzerland: Neither team to score first?,soccer_first_to_score,first_score,Neither team to score first,Yes,No,76247753066714453377377155999938748228447567111262980040431877175064613068104,48638508230510428076268225873931703718885827174697936822181680974203130038877,128373.7903,6409.788109,0.09,0.1,0.05,0.01,0.1,0.09,0.010000000000000009,8122.8877999999995,9237.459799999999,0.91,0.9,0.010000000000000009,31565.2704,36004.4394
