date,year,home,away,hg,ag,p_home,p_draw,p_away,actual,correct,brier,logloss,rps
2014-06-12,2014,Brazil,Croatia,3,1,0.7982019408940056,0.13415454998763596,0.0676435091183584,H,1,0.06329554426717694,0.22539365478187848,0.02264905049239591
2014-06-13,2014,Chile,Australia,3,1,0.4327463290396423,0.2510172386306134,0.3162364323297443,H,1,0.4847918624403851,0.8376035678280205,0.21089110417532336
2014-06-13,2014,Mexico,Cameroon,1,0,0.5579732944876843,0.24120982239654484,0.20081688311577084,H,1,0.29389720735097735,0.5834441770871885,0.11785751446520232
2014-06-13,2014,Spain,Netherlands,1,5,0.4927927665727711,0.2667574987032811,0.24044973472394787,A,0,0.890920879381798,1.4252442145073674,0.40988065813368346
2014-06-14,2014,Colombia,Greece,3,0,0.4744536752666708,0.30388673999299204,0.22165958474033715,H,1,0.41767906169153696,0.7455912942193704,0.16266595547398427
2014-06-14,2014,England,Italy,1,2,0.44170488406070285,0.27811385974279396,0.28018125619650314,A,0,0.7905895475149576,1.2723185416904093,0.3566211142669616
2014-06-14,2014,Ivory Coast,Japan,2,1,0.4133356394876336,0.2543076159104803,0.33235674460188613,H,1,0.5193084410878196,0.883495329661164,0.22731803878887363
2014-06-14,2014,Uruguay,Costa Rica,1,3,0.5303200283814598,0.2435874223174759,0.22609254930106434,A,0,0.9395069070611102,1.4868108533545605,0.4400860373749189
2014-06-15,2014,Argentina,Bosnia and Herzegovina,2,1,0.6951504127127107,0.18042476881927214,0.1244248184680171,H,1,0.1409679035235174,0.3636270356636599,0.05420740316001481
2014-06-15,2014,France,Honduras,3,0,0.5338038251669857,0.26380938618294736,0.20238678865006693,H,1,0.3278946778872448,0.6277268761194684,0.1291496428245107
2014-06-15,2014,Switzerland,Ecuador,2,1,0.3419831648554033,0.28109094547974667,0.37692588966485013,H,0,0.6540714012640481,1.072993768700146,0.28752964081667504
2014-06-16,2014,Germany,Portugal,4,0,0.4688539956310437,0.24157126747654778,0.2895747368924086,H,1,0.4243262834736408,0.7574638689579916,0.1829848031017075
2014-06-16,2014,Ghana,United States,1,2,0.32393345169900506,0.2773215182313141,0.3987450300696809,A,1,0.5433476444696617,0.9194330887358512,0.23322020999777032
2014-06-16,2014,Iran,Nigeria,0,0,0.4036142932779213,0.2918024262420241,0.3045832804800546,D,0,0.7572192759629113,1.2316783281849617,0.12783773624311373
2014-06-17,2014,Belgium,Algeria,2,1,0.4800307743972722,0.2660087973342485,0.25396042826847925,H,1,0.40562457495942306,0.7339050638077216,0.16743194735010491
2014-06-17,2014,Brazil,Mexico,0,0,0.7296219673091664,0.15954634691563493,0.11083168577519867,D,0,1.2509942207347249,1.8354208226927735,0.2723159388759353
2014-06-17,2014,Russia,South Korea,1,1,0.4197520956392712,0.2845353190321317,0.2957125853285971,D,0,0.7755274646277364,1.256897888895589,0.13181887745764134
2014-06-18,2014,Australia,Netherlands,2,3,0.2098809995266502,0.2383124146566716,0.5518065858166782,A,1,0.3017201774591018,0.5945576821185289,0.12246368523980421
2014-06-18,2014,Cameroon,Croatia,0,4,0.28801587445496996,0.287017298936162,0.42496682660886803,A,1,0.4959952243269469,0.8557441681421308,0.20680814721916838
2014-06-18,2014,Spain,Chile,0,2,0.5830804240350078,0.23511601290563466,0.1818035630593575,A,0,1.0647077298398497,1.7048284986444675,0.5047140951576037
2014-06-19,2014,Colombia,Ivory Coast,2,1,0.3828391220892031,0.27861320119303074,0.33854767671776625,H,1,0.5731273945136509,0.960140424810328,0.24775103931731135
2014-06-19,2014,Japan,Greece,0,0,0.4580923915381767,0.2815384310932434,0.26036917736857995,D,0,0.7938277737047155,1.2674863181870206,0.13882037385437862
2014-06-19,2014,Uruguay,England,2,1,0.35210850317636777,0.26618663110222,0.3817048657214122,H,0,0.6363173187493173,1.0438159032224537,0.282730998085884
2014-06-20,2014,Honduras,Ecuador,1,2,0.30202388620178744,0.26754852371158927,0.4304275900866234,A,1,0.4872133705112125,0.8429761688279812,0.20781557898548098
2014-06-20,2014,Italy,Costa Rica,0,1,0.44154574641389654,0.2791234304769063,0.2793308231091971,A,0,0.7922365981378687,1.2753584536911302,0.35716335434833624
2014-06-20,2014,Switzerland,France,2,5,0.2408530007008105,0.29638449734340166,0.46276250195578783,A,1,0.43447806751689033,0.7705413112413116,0.17331714862569475
2014-06-21,2014,Argentina,Iran,1,0,0.5627924325882654,0.24186737674899483,0.19534019066273978,H,1,0.2878080750256822,0.5748443998375157,0.114654123545121
2014-06-21,2014,Germany,Ghana,2,2,0.5947724380137374,0.21763170063671766,0.18759586134954503,D,0,1.0010466160648774,1.524951091537947,0.19447323010814138
2014-06-21,2014,Nigeria,Bosnia and Herzegovina,1,0,0.44619379121002317,0.26170105293641255,0.2921051558535643,H,1,0.4605141800785895,0.8070019118944497,0.19601336948528128
2014-06-22,2014,Belgium,Russia,1,0,0.30180331277678973,0.28022885238487183,0.4179678348383385,H,0,0.7407039347178562,1.1979797559797067,0.33108786250445693
2014-06-22,2014,South Korea,Algeria,2,4,0.5030983596049957,0.2657289300482659,0.23117271034673845,A,0,0.914815225017414,1.4645901839830198,0.42210168037640894
2014-06-22,2014,United States,Portugal,2,2,0.3277330712646785,0.265420406510223,0.40684652222509854,D,0,0.8125402378188423,1.3264402704007647,0.13646652932361822
2014-06-23,2014,Australia,Spain,0,3,0.15344236203544231,0.22319524407228564,0.623362393892272,A,1,0.21521656177806298,0.47262723767080095,0.08270022240078789
2014-06-23,2014,Brazil,Cameroon,4,1,0.860192821765567,0.09688087511352494,0.04292630312090811,H,1,0.030774618548265017,0.15059870351088264,0.010694357292751299
2014-06-23,2014,Croatia,Mexico,1,3,0.27085735507992265,0.2697581237657011,0.45938452115437634,A,1,0.43839824810596556,0.7778676829073713,0.18281440138418714
2014-06-23,2014,Netherlands,Chile,2,0,0.4850391001559487,0.25534617006027227,0.2596147297837791,H,1,0.3977862028533492,0.7235257724159362,0.1662922681444498
2014-06-24,2014,Costa Rica,England,0,0,0.2605350511765832,0.2722591814330404,0.4672057673903764,D,0,0.8157664409829237,1.3010007934657604,0.1430798709872077
2014-06-24,2014,Greece,Ivory Coast,2,1,0.24153417696856627,0.2692998010373567,0.489166021994077,H,0,0.8870761846190198,1.4207442963638781,0.40727690089013
2014-06-24,2014,Italy,Uruguay,0,1,0.3163461633542255,0.2670539746417019,0.41659986200407273,A,1,0.511748441454536,0.8756290813985447,0.22021530804130274
2014-06-24,2014,Japan,Colombia,1,4,0.29204303611896754,0.28579376039275495,0.4221632034882775,A,1,0.5008625718279458,0.8623633015861577,0.20959224917425717
2014-06-25,2014,Bosnia and Herzegovina,Iran,3,1,0.25882117272922245,0.26124701972108294,0.4799318075496946,H,0,0.8479305992055501,1.3516179085378226,0.3898402969462011
2014-06-25,2014,Ecuador,France,0,0,0.24479343005991594,0.2814722915465466,0.47373427839353743,D,0,0.8006300577409154,1.267721267698074,0.14217399496277228
2014-06-25,2014,Honduras,Switzerland,0,3,0.31330068809627604,0.2790627426844485,0.4076365692192755,A,1,0.526927769642477,0.8973792632594071,0.22452587764395512
2014-06-25,2014,Nigeria,Argentina,2,3,0.17033382983144324,0.23499489914927477,0.5946712710192821,A,1,0.24852759474834918,0.5197465117948374,0.09665249606108571
2014-06-26,2014,Algeria,Russia,1,1,0.21804157154957216,0.2794686199113542,0.5024898085390737,D,0,0.8192036043018907,1.2748652649212728,0.15001906730472106
2014-06-26,2014,South Korea,Belgium,0,1,0.3649043922691613,0.2647126134762439,0.3703829942545948,A,1,0.5996455571545587,0.9932176891037403,0.2647863947105678
2014-06-26,2014,Portugal,Ghana,2,1,0.4687201491361394,0.2705289111922635,0.2607509396715971,H,1,0.4234352242644184,0.7577493855681937,0.17512466623677336
2014-06-26,2014,United States,Germany,0,1,0.2394815452844941,0.23323197538310386,0.527286479332402,A,1,0.33520663749490953,0.6400112740936265,0.1404047415769024
2014-06-28,2014,Brazil,Chile,1,1,0.7715600915717814,0.1425331330991843,0.0859067753290344,D,0,1.3379343767863898,1.9481807933236528,0.3013424744768444
2014-06-28,2014,Colombia,Uruguay,2,0,0.38083680037662854,0.27805159048618955,0.341111609137182,H,1,0.5770328846279082,0.9653843410897287,0.2498600988280043
2014-06-29,2014,Costa Rica,Greece,1,1,0.38841643335307763,0.30302563933492077,0.30855792731200166,D,0,0.7318485796303003,1.1939378587856262,0.12303766010290212
2014-06-29,2014,Netherlands,Mexico,2,1,0.4481850485176967,0.25827413933059695,0.29354081215170647,H,1,0.45737148012506085,0.8025490771237703,0.19533297453905007
2014-06-30,2014,France,Nigeria,2,0,0.483737260837944,0.2879778920061761,0.22828484715588,H,1,0.4015724535724134,0.7262133691700249,0.15932059364404627
2014-06-30,2014,Germany,Algeria,2,1,0.73754771377381,0.16553012347696244,0.09692216274922763,H,1,0.10567532995564016,0.3044244962184454,0.03913755408867086
2014-07-01,2014,Argentina,Switzerland,1,0,0.624870944799605,0.22253367308793337,0.15259538211246157,H,1,0.2135283943555963,0.47021013888801594,0.08200357934879457
2014-07-01,2014,Belgium,United States,2,1,0.29602107696012103,0.25813313790947534,0.4458457851304037,H,0,0.7609975050899261,1.217324621246745,0.34718239410146695
2014-07-04,2014,Brazil,Colombia,2,1,0.6911642103259765,0.18983839047562867,0.11899739919839482,H,1,0.14557854049793706,0.3693778418751514,0.054769962999779896
2014-07-04,2014,France,Germany,0,1,0.304594301812538,0.2684014253978082,0.4270042727896538,A,1,0.49314111725355614,0.8509612592704304,0.21055089604899047
2014-07-05,2014,Argentina,Belgium,1,0,0.658145950658301,0.20113495392443648,0.14071909541726255,H,1,0.17712132455655463,0.41832856274181673,0.06833302743318473
2014-07-05,2014,Netherlands,Costa Rica,0,0,0.58856320495793,0.235169910295936,0.17626688474613397,D,0,0.9624417270051837,1.4474470035569527,0.1887383304442286
2014-07-08,2014,Brazil,Germany,1,7,0.6636686110362753,0.18106979330761694,0.1552615956561078,A,0,1.186825267096747,1.862643870741249,0.577019498524142
2014-07-09,2014,Netherlands,Argentina,0,0,0.3377567047905622,0.26695736987219293,0.39528592533724494,D,0,0.8076820519853938,1.3206662967294716,0.1351652772003505
2014-07-12,2014,Brazil,Netherlands,0,3,0.6137802822980887,0.20786495883358633,0.17835475886832491,A,0,1.0950349783231383,1.7239806847839863,0.5259135686061249
2014-07-13,2014,Germany,Argentina,1,0,0.3726909179834461,0.24065876501043065,0.38665031700612323,H,0,0.6009317931977327,0.987005840962746,0.2715075760106936
2018-06-14,2018,Russia,Saudi Arabia,5,0,0.5735861278359414,0.2266068247982154,0.19980704736584326,H,1,0.2731022995961315,0.5558471743756075,0.11087582327550119
2018-06-15,2018,Egypt,Uruguay,0,1,0.2467258669602725,0.26255050638893945,0.4907236266507881,A,1,0.3891688462841124,0.7118741881748302,0.160118038939512
2018-06-15,2018,Morocco,Iran,0,1,0.2721158754671079,0.31864009954302175,0.4092440249898703,A,1,0.5245711847281864,0.8934436627400496,0.21151983584569978
2018-06-15,2018,Portugal,Spain,3,3,0.24220489541936546,0.26360946054688184,0.49418564403375276,D,0,0.8451536887302151,1.3332865872144928,0.15144133106708033
2018-06-16,2018,France,Australia,2,1,0.5483934138541339,0.24197615473871834,0.20963043140714777,H,1,0.30644588588440663,0.6007623411142101,0.12394671321113523
2018-06-16,2018,Argentina,Iceland,1,1,0.7284856640468536,0.173914726037378,0.09759960991576844,D,0,1.2226339264353954,1.7491901801411354,0.2701085232887477
2018-06-16,2018,Peru,Denmark,0,1,0.4009818148150378,0.2821813845946342,0.316836800590328,A,0,0.7071247066517655,1.1493684623087501,0.3137491864200103
2018-06-16,2018,Croatia,Nigeria,2,0,0.4821996426540551,0.283008721817371,0.2347916355285739,H,1,0.403338258806473,0.7293970543094697,0.16162216109088542
2018-06-17,2018,Costa Rica,Serbia,0,1,0.40507794775250794,0.27726412629398534,0.3176579259535067,A,0,0.7065542454990207,1.146780179736068,0.3148394248847268
2018-06-17,2018,Germany,Mexico,0,1,0.5216771288767542,0.2369682218244942,0.24135464929875167,A,0,0.9038437330883763,1.4214878533414697,0.42384489746685683
2018-06-17,2018,Brazil,Switzerland,1,1,0.6688878850631106,0.20340593807423635,0.1277061768626531,D,0,1.0982819698884636,1.5925516017218577,0.23185993519653814
2018-06-18,2018,Sweden,South Korea,1,0,0.4050637305070525,0.27833016143069417,0.31660610806225326,H,1,0.5316562711825484,0.9037108649785973,0.2270942962102561
2018-06-18,2018,Belgium,Panama,3,0,0.5826531283540779,0.2339988754521292,0.18334799619379297,H,1,0.26255037269377796,0.5401632467949602,0.10389744949045844
2018-06-18,2018,Tunisia,England,1,2,0.167115053813062,0.2503911735565725,0.5824937726303655,A,1,0.2649346308984052,0.5404367843627491,0.10111944555168377
2018-06-19,2018,Colombia,Japan,1,2,0.510197829568542,0.2636125939407206,0.22618957649073743,A,0,0.9285759965121905,1.4863817973046816,0.42954219841401775
2018-06-19,2018,Poland,Senegal,1,2,0.3710314443202544,0.2766625292545768,0.3523060264251689,A,0,0.6337139711730675,1.0432550878341345,0.27858590803976413
2018-06-19,2018,Russia,Egypt,3,1,0.4731218984069556,0.25879544566293816,0.26808265593010616,H,1,0.41644392704470884,0.7484022103586367,0.17473442217441504
2018-06-20,2018,Portugal,Morocco,1,0,0.5033760142371164,0.28109444712761045,0.21552953863527308,H,1,0.37210245346532345,0.6864178449387142,0.14654418262967325
2018-06-20,2018,Uruguay,Saudi Arabia,1,0,0.6355696573012899,0.2094010200092468,0.15502932268946334,H,1,0.20069235275396602,0.4532335841291941,0.07842178278652653
2018-06-20,2018,Iran,Spain,0,1,0.20307657778719418,0.2691495364373586,0.5277738857754473,A,1,0.3366790723658237,0.6390873336370652,0.13211879970068935
2018-06-21,2018,Denmark,Australia,1,1,0.39353496408136696,0.2649502052891374,0.34151483062949567,D,0,0.8118003481988972,1.328213375221483,0.13575107374720796
2018-06-21,2018,France,Peru,1,0,0.5042844700087932,0.2719098315076506,0.22380569848355636,H,1,0.36975783381869454,0.6846147455178114,0.1479114386740878
2018-06-21,2018,Argentina,Croatia,0,3,0.5255652053646078,0.26301958156196587,0.21141521307342634,A,0,0.9672640515470035,1.553931244684789,0.4490423756309859
2018-06-22,2018,Brazil,Costa Rica,2,0,0.6968978723393503,0.1913526211507206,0.11174950650992913,H,1,0.14097467761887672,0.3611164035781254,0.05217942599881274
2018-06-22,2018,Nigeria,Iceland,2,0,0.4009786228680139,0.27607963648160355,0.32294174065038256,H,1,0.5393379437952145,0.9138471626526479,0.23155898905770003
2018-06-22,2018,Serbia,Switzerland,1,2,0.30284017163671156,0.27558802043803865,0.42157180792524984,A,1,0.5022400999527739,0.8637651532383421,0.21314567147190858
2018-06-23,2018,Belgium,Tunisia,5,2,0.5941660140659685,0.22711760734979758,0.17871637858423395,H,1,0.24822317568166377,0.520596513708595,0.09832038405668347
2018-06-23,2018,South Korea,Mexico,1,2,0.23818214727408266,0.254927569482047,0.5068902832438703,A,1,0.36487599372142715,0.6794607026678915,0.1499439640197016
2018-06-23,2018,Germany,Sweden,2,1,0.5885698432510145,0.22453356854908454,0.18689658819990093,H,1,0.25462043196864464,0.5300596792030637,0.1021025542816291
2018-06-24,2018,England,Panama,6,1,0.6039805890785443,0.24357495563055404,0.15244445529090164,H,1,0.23939944478594283,0.504213218850914,0.09003534288775823
2018-06-24,2018,Japan,Senegal,2,2,0.37270816447439464,0.27808458784467677,0.3492072476809286,D,0,0.7820189400061521,1.279829938750509,0.1304285388493809
2018-06-24,2018,Poland,Colombia,0,3,0.23884617068449726,0.2689701453064936,0.4921836840090092,A,1,0.38726984310350604,0.7089032906826929,0.15746245201865494
2018-06-25,2018,Russia,Uruguay,0,3,0.3361344038513242,0.25188877627225914,0.4119768198764167,A,1,0.5222055534270735,0.8867881936512827,0.22937879890756863
2018-06-25,2018,Saudi Arabia,Egypt,2,1,0.27400705863979247,0.2739581620303915,0.45203477932981606,H,0,0.8064542671716715,1.294601411466791,0.36570059631430063
2018-06-25,2018,Spain,Morocco,2,2,0.6357216121364546,0.23281440279736185,0.13146398506618356,D,0,1.009998488062023,1.4575136973523184,0.21071237375342727
2018-06-25,2018,Iran,Portugal,1,1,0.29932266593547546,0.29425991076540664,0.40641742329911795,D,0,0.7528382538566664,1.223291851963226,0.1273845901519073
2018-06-26,2018,Australia,Peru,0,2,0.34274370624926215,0.2696924284920153,0.3875638652587226,A,1,0.5652852732962375,0.9478746301981028,0.2462756336551583
2018-06-26,2018,Denmark,France,0,0,0.2182644555521804,0.26786155262471933,0.5138739918231002,D,0,0.8477325581547841,1.3172850266361695,0.1558529260148487
2018-06-26,2018,Nigeria,Argentina,1,2,0.1434101685002079,0.23088036794454736,0.6257094635552448,A,1,0.2139656264035702,0.4688691313435239,0.08032994105068035
2018-06-26,2018,Iceland,Croatia,1,2,0.19013657888797864,0.24370593649657266,0.5661574846154488,A,1,0.28376383027009056,0.5688829981108544,0.11218562339320959
2018-06-27,2018,South Korea,Germany,2,0,0.15444618211498454,0.21347154444654096,0.6320822734384745,H,0,1.1600593596234678,1.8679095791526958,0.5572446296675382
2018-06-27,2018,Mexico,Sweden,0,3,0.4767546986775036,0.25476975916092115,0.2684755421615752,A,0,0.8273307053097922,1.3149954598281248,0.3812115375634393
2018-06-27,2018,Serbia,Brazil,0,2,0.099785548530227,0.17607135662810183,0.7241430948416712,A,1,0.11705531044386974,0.3227662613166447,0.043027093909504766
2018-06-27,2018,Switzerland,Costa Rica,2,2,0.42121847694491577,0.2826554541334597,0.29612606892162446,D,0,0.7796988514992421,1.263526599625784,0.1325578270073846
2018-06-28,2018,Japan,Poland,0,1,0.40759207257225333,0.2542030098568464,0.33820491757090027,A,0,0.6687231989713638,1.0841033022008362,0.30205201437554197
2018-06-28,2018,Senegal,Colombia,0,1,0.23751247555566396,0.29343553159963587,0.4690519928447001,A,1,0.42442237355192514,0.7570416577363328,0.16915898117338213
2018-06-28,2018,Panama,Tunisia,1,2,0.35233698837405747,0.29060751797404066,0.3570554936519018,A,1,0.6219717211227327,1.029864064879641,0.2687594958098501
2018-06-28,2018,England,Belgium,0,1,0.40469763810709697,0.2730503357509793,0.3222520261419237,A,0,0.697678980211913,1.1324213496979711,0.3115612471790952
2018-06-30,2018,France,Argentina,4,3,0.3325850475290441,0.2789117367792953,0.3885032156916606,H,0,0.674169224297812,1.1008596695506399,0.2981887336922846
2018-06-30,2018,Uruguay,Portugal,2,1,0.36382970481709975,0.2682046831275684,0.3679656120553318,H,0,0.6120450881799128,1.0110693647275701,0.2700556680641767
2018-07-01,2018,Russia,Spain,1,1,0.19232623939767585,0.22843870514024123,0.579235055462083,D,0,0.9678094635626822,1.4764873534722398,0.1862513159185072
2018-07-01,2018,Croatia,Denmark,1,1,0.43419271165841955,0.28240228893460645,0.28340499940697406,D,0,0.7837881794724504,1.2644226681033819,0.1344208522730792
2018-07-02,2018,Brazil,Mexico,2,0,0.615840361892619,0.21469075990349556,0.16946887820388534,H,1,0.2223904506184176,0.48476750180622186,0.08814916411523861
2018-07-02,2018,Belgium,Japan,3,2,0.5047384094491921,0.23634533160522175,0.2589162589455862,H,1,0.3681807879928761,0.6837149850063998,0.15616083611064693
2018-07-03,2018,Sweden,Switzerland,1,0,0.36509727596693986,0.2830029355041067,0.3518997885289534,H,1,0.6070255916552638,1.007591451408528,0.26346746507566116
2018-07-03,2018,Colombia,England,1,1,0.3612371122708092,0.3068176074699532,0.33194528025923764,D,0,0.7211817496818169,1.1815018204254117,0.1203399601840685
2018-07-06,2018,Uruguay,France,0,2,0.31301813078149143,0.2736627147619808,0.41331915445652784,A,1,0.5170660461764396,0.8835352133737576,0.2210873823627712
2018-07-06,2018,Brazil,Belgium,1,2,0.5934047612977649,0.22144655646638103,0.18514868223585418,A,0,1.0651504581636404,1.6865960889265137,0.5080559403964111
2018-07-07,2018,Sweden,England,0,2,0.2667034333185917,0.2804158438270963,0.452880722854312,A,1,0.44910327023760704,0.7921264931273081,0.1852351123841723
2018-07-07,2018,Russia,Croatia,2,2,0.3408633129748983,0.2682945314298184,0.39084215559528335,D,0,0.8043382814581002,1.3156699040548947,0.13447269436129553
2018-07-10,2018,France,Belgium,1,0,0.42766106630657863,0.26890561298599636,0.3034333207074251,H,1,0.49195386383223216,0.849424298272546,0.20982181756842883
2018-07-11,2018,Croatia,England,2,1,0.2970540119170972,0.2960681781777882,0.40687780990511463,H,0,0.7473389804845456,1.2138412984069302,0.3298413071775156
2018-07-14,2018,Belgium,England,2,0,0.3606645715674256,0.26976314361677906,0.3695722848157954,H,0,0.6181056174070378,1.0198069172234676,0.27266673187651547
2018-07-15,2018,France,Croatia,4,2,0.46463602235562546,0.2830443003058637,0.25231967733851096,H,1,0.43039388406705265,0.7665009275239671,0.1751399040657083
2022-11-20,2022,Qatar,Ecuador,0,2,0.3558179515456572,0.24299951551122206,0.4011825329431207,A,1,0.544237538033253,0.9133387608732256,0.2425943867472822
2022-11-21,2022,Senegal,Netherlands,0,2,0.20828712417295528,0.24787150527715537,0.5438413705498893,A,1,0.31290450444640633,0.6090976729031118,0.12573211065902173
2022-11-21,2022,England,Iran,6,2,0.4352503064840676,0.28521398948435817,0.27953570403157424,H,1,0.47842944595235104,0.8318339961776992,0.1985412130773837
2022-11-21,2022,United States,Wales,1,1,0.5044952416188159,0.2747024603064239,0.2208022980747602,D,0,0.8293256247366774,1.2920667295816504,0.15163455182556132
2022-11-22,2022,Argentina,Saudi Arabia,1,2,0.7300238468252729,0.1789120703945541,0.09106408278017304,A,0,1.3911088474786835,2.3961918139267233,0.6795496592729089
2022-11-22,2022,Mexico,Poland,0,0,0.495955192490216,0.24829211320609446,0.2557526943036896,D,0,0.8764457406697628,1.3931493501376213,0.15569049680080185
2022-11-22,2022,Denmark,Tunisia,0,0,0.5168780420501417,0.2586287107305421,0.22449324721931624,D,0,0.8671915169537194,1.3523617951003961,0.15878006420033053
2022-11-22,2022,France,Australia,4,1,0.5462534769129128,0.23817060833084477,0.2155759147562425,H,1,0.30908412090929593,0.60467216753463,0.12617944111830562
2022-11-23,2022,Germany,Japan,1,2,0.49746322432236445,0.2305848620656078,0.27195191361202786,A,0,0.8306930542602067,1.302130016506088,0.3887618378231957
2022-11-23,2022,Spain,Costa Rica,7,0,0.6417628101117221,0.21960331550021622,0.13863387438806174,H,1,0.19577885152558247,0.4435364982119997,0.07377661767344748
2022-11-23,2022,Morocco,Croatia,0,0,0.33191844746530014,0.27620961871508287,0.391871933819617,D,0,0.7876059843238672,1.2865952134319996,0.13186673414165076
2022-11-23,2022,Belgium,Canada,1,0,0.5358068037961873,0.2235069405972027,0.24068625560661008,H,1,0.3233605495349633,0.623981623564445,0.1367025985199209
2022-11-24,2022,Switzerland,Cameroon,1,0,0.5066271590386714,0.2633484758620514,0.2300243650992773,H,1,0.3656803884764436,0.679979932431748,0.14816398436878903
2022-11-24,2022,Brazil,Serbia,2,0,0.7520435153352344,0.16299283375567575,0.08496365090908992,H,1,0.09526790411881518,0.2849610905691978,0.03435062013155491
2022-11-24,2022,Uruguay,South Korea,0,0,0.46384665403684455,0.2737216161513083,0.2624317298118471,D,0,0.811504422119082,1.2956436885191425,0.14201206563660726
2022-11-24,2022,Portugal,Ghana,3,2,0.6518489783011897,0.2152378444637152,0.13291317723509505,H,1,0.18520237628203973,0.4279423722578871,0.06943752329632664
2022-11-25,2022,Qatar,Senegal,1,3,0.37637089653817263,0.25992105599968884,0.3637080474621386,A,0,0.6140814559773853,1.0114038005852668,0.273261250312696
2022-11-25,2022,Netherlands,Ecuador,1,1,0.5370728106832183,0.23227494940124466,0.23065223991553704,D,0,0.931049413070088,1.4598334822946526,0.1708238298766133
2022-11-25,2022,Wales,Iran,0,2,0.22018918156154849,0.2914381672073969,0.48837265123105467,A,1,0.3951820249902912,0.7166765349738712,0.1551229098425423
2022-11-25,2022,England,United States,0,0,0.49007330783449343,0.26256339670340834,0.24736329546209826,D,0,0.8451731908753262,1.3372627148585268,0.15068022349685573
2022-11-26,2022,Poland,Saudi Arabia,2,0,0.45383036492219486,0.26311931403536515,0.28305032104243993,H,1,0.44765052794169224,0.7900317963095055,0.1892093772616256
2022-11-26,2022,Argentina,Mexico,2,0,0.5455019478683177,0.2443951999322147,0.21010285219946753,H,1,0.31044070164375187,0.6060489029210372,0.12535584394692234
2022-11-26,2022,Tunisia,Australia,0,1,0.3203895287720806,0.26375568023510865,0.4158547909928107,A,1,0.5134421342091335,0.8774191397699715,0.22193753767642432
2022-11-26,2022,France,Denmark,2,1,0.4640393893568547,0.264760091664,0.27120051897914527,H,1,0.43090140379346065,0.7677858395036162,0.1804017488277655
2022-11-27,2022,Japan,Costa Rica,0,1,0.49008802155416376,0.26256281228492867,0.24734916616090757,A,0,0.8756087769445264,1.3969543124040245,0.40333477327477785
2022-11-27,2022,Spain,Germany,1,1,0.49218261491612164,0.23153303673047332,0.2762843483534051,D,0,0.909118241207425,1.4630327083784964,0.15928838378536847
2022-11-27,2022,Belgium,Morocco,0,2,0.5452797337463259,0.2410747767727055,0.21364548948096862,A,0,0.9738004522440993,1.5434372288352085,0.45784170212404474
2022-11-27,2022,Croatia,Canada,4,1,0.39907847309163025,0.24898120858682504,0.35194031832154477,H,1,0.5469603113915129,0.9185972070150376,0.2424843345810784
2022-11-28,2022,Cameroon,Serbia,3,3,0.2790452585276315,0.2637491422689531,0.45720559920341536,D,0,0.828968541759409,1.3327568462579902,0.1434516081248534
2022-11-28,2022,Brazil,Switzerland,1,0,0.697146332826717,0.19375366471218136,0.10910000246110167,H,1,0.14116363684671845,0.36075994359059155,0.051811577128659025
2022-11-28,2022,South Korea,Ghana,2,3,0.503072772468063,0.2749808841865711,0.22194634334536584,A,0,0.9340641937003793,1.5053196229656947,0.42922485351617545
2022-11-28,2022,Portugal,Uruguay,2,0,0.4260330971958285,0.2654580392654505,0.30850886353872115,H,1,0.495083695007224,0.8532382427827532,0.2123078621982832
2022-11-29,2022,Ecuador,Senegal,1,2,0.40863341776357914,0.2766736282066421,0.31469295402977876,A,0,0.713175313914602,1.1561578646451736,0.31831350868478736
2022-11-29,2022,Qatar,Netherlands,0,2,0.19834636359307092,0.20508978948185702,0.596563846925072,A,1,0.24416383130820385,0.5165690072541265,0.10105100477924571
2022-11-29,2022,Wales,England,0,3,0.1498929104336594,0.2426280312164344,0.6074790583499063,A,1,0.23540893576411234,0.4984375762136075,0.08827028711607468
2022-11-29,2022,Iran,United States,0,1,0.3831073813440963,0.29081396782284274,0.3260786508330609,A,0,0.6855140143841837,1.1206166664898838,0.3004706252516591
2022-11-30,2022,Poland,Argentina,0,2,0.14438135766928473,0.20939561988369304,0.6462230224470222,A,1,0.1898506519154221,0.4366105987936633,0.07300206314447302
2022-11-30,2022,Saudi Arabia,Mexico,1,2,0.20090958637056325,0.24878804337682006,0.5503023702526167,A,1,0.3044881106232719,0.5972873877248699,0.12129631004800273
2022-11-30,2022,Australia,Denmark,1,0,0.2999451775127339,0.2636537912818219,0.4364010312054442,H,0,0.7500359361821312,1.2041555626494413,0.3402613072624263
2022-11-30,2022,Tunisia,France,1,0,0.16501463919511666,0.2311031200779274,0.603882240726956,H,0,1.1152829655336234,1.8017210866225088,0.5309371567119352
2022-12-01,2022,Japan,Spain,2,1,0.2077006034512497,0.2321517555131012,0.5601476410356492,H,0,0.9953981511171313,1.5716576427058815,0.47075185676465825
2022-12-01,2022,Costa Rica,Germany,2,4,0.20084985546394699,0.23334535590463382,0.5658047886314193,A,1,0.2833162011375552,0.5695061566803203,0.11443307300764748
2022-12-01,2022,Croatia,Belgium,0,0,0.2772825643177875,0.236695744062486,0.48602169161972647,D,0,0.8957360923318705,1.4409797429259756,0.1565513525997742
2022-12-01,2022,Canada,Morocco,1,2,0.35765261882331445,0.2729325185631828,0.36941486261350276,A,1,0.6000451709331648,0.9958349775556112,0.2627765056219613
2022-12-02,2022,Serbia,Switzerland,2,3,0.32333715457828177,0.2540320568473794,0.4226307885743388,A,1,0.5024344077391798,0.8612563213325031,0.21895106091653477
2022-12-02,2022,Cameroon,Brazil,1,0,0.06258841679539635,0.1605533876678319,0.7768581955367717,H,0,1.5080265225904275,2.7711750532145225,0.7411245661494053
2022-12-02,2022,Ghana,Uruguay,0,2,0.17794029767475872,0.2463367341045719,0.5757229682206694,A,1,0.2723555358013674,0.5521286919338461,0.10583687461603043
2022-12-02,2022,South Korea,Portugal,2,1,0.21697728625075846,0.25948379075536876,0.5235389229938727,H,0,0.9545494118015869,1.5279626025756285,0.44360878706840545
2022-12-03,2022,Netherlands,United States,3,1,0.4785426040544285,0.2502010088047672,0.2712563871408043,H,1,0.4080983881579416,0.7370100353662876,0.1727489216755092
2022-12-03,2022,Argentina,Australia,2,1,0.6238033131851389,0.2164788811623398,0.15971780565252128,H,1,0.21389683060223366,0.4719201635286325,0.08351686230646761
2022-12-04,2022,France,Poland,3,1,0.5833766022313022,0.22732401870026198,0.1892993790684359,H,1,0.2610855199620671,0.5389223282298743,0.10470465524201499
2022-12-04,2022,England,Senegal,3,0,0.5528730371300932,0.2565558954448937,0.19057106742501323,H,1,0.30206078015230725,0.5926268930959591,0.11811992633238799
2022-12-05,2022,Japan,Croatia,1,1,0.3791642497073609,0.25401240472604847,0.36682334556659063,D,0,0.8348223874114252,1.3703721756519847,0.13916244755440613
2022-12-05,2022,Brazil,South Korea,4,1,0.6817981487054969,0.2096455122965054,0.10855633899799763,H,1,0.15698813772996142,0.38302163458636673,0.056518448451948616
2022-12-06,2022,Morocco,Spain,0,0,0.2066336388144156,0.25556431434993826,0.5378020468356463,D,0,0.8861129923395746,1.3642811814452032,0.16596425113514846
2022-12-06,2022,Portugal,Switzerland,6,1,0.510816742092237,0.2500367508544809,0.2391465070532821,H,1,0.35900968843090414,0.6717443791427196,0.14824565582651922
2022-12-09,2022,Croatia,Brazil,1,1,0.12693011181856828,0.2039556414991772,0.6691142466822545,D,0,1.0975117491004216,1.589852752413699,0.23191256419971756
2022-12-09,2022,Netherlands,Argentina,2,2,0.28629603840135265,0.2543183227427276,0.45938563885591976,D,0,0.8490417505885893,1.3691685574676806,0.14650029339568515
2022-12-10,2022,Morocco,Portugal,1,0,0.23741704494723517,0.270701573510819,0.49188138154194583,H,0,0.8967593987458538,1.4379370009541506,0.4117400284223103
2022-12-10,2022,England,France,1,2,0.37490840439853645,0.2757278659735622,0.34936372962790135,A,0,0.639909724086706,1.0516416942609985,0.2819419340061856
2022-12-13,2022,Argentina,Croatia,3,0,0.588674842651719,0.22720719045650448,0.1841179668917766,H,1,0.25471091819508773,0.5298812975934625,0.10154390539997471
2022-12-14,2022,France,Morocco,2,0,0.5037918433492914,0.27051378037565743,0.22569437627505115,H,1,0.370338191582008,0.6855921054501665,0.1485802431044393
2022-12-17,2022,Croatia,Morocco,2,1,0.3833183471492489,0.2763881750594419,0.34029347779130914,H,1,0.5724863353027271,0.9588894414504204,0.24804795599501922
2022-12-18,2022,Argentina,France,3,3,0.44447169541149106,0.269099690369927,0.2864286142185819,D,0,0.8138117016824792,1.3126733718633652,0.13979821953257127
2026-06-11,2026,Mexico,South Africa,2,0,0.6915333956398861,0.19219759840760975,0.11626900595250408,H,1,0.14561004458429527,0.36884383455339154,0.05433506387532123
2026-06-11,2026,South Korea,Czech Republic,2,1,0.49134620543452595,0.24912574345257565,0.25952805111289834,H,1,0.3881471280911133,0.7106062969377723,0.16304174602015736
2026-06-12,2026,Canada,Bosnia and Herzegovina,1,1,0.7344861582894289,0.1617803081463277,0.10373353356424345,D,0,1.2528428145157535,1.8215159866696562,0.275115281352244
2026-06-12,2026,United States,Paraguay,4,1,0.5187871477562818,0.24779598689162957,0.23341686535208866,H,1,0.3474520933149263,0.6562615998685208,0.14302462109766484
2026-06-13,2026,Qatar,Switzerland,1,1,0.1661164206036539,0.20259187687580832,0.6312917025205378,D,0,1.0619835936898951,1.5965617823651943,0.2130619394327246
2026-06-13,2026,Brazil,Morocco,1,1,0.4780317705648848,0.2811876103508617,0.2407806190842535,D,0,0.8031809317090995,1.2687331799349935,0.1432448400979975
2026-06-13,2026,Haiti,Scotland,0,1,0.30173158719888915,0.24578467347460842,0.4524837393265025,A,1,0.4512261121304701,0.7930034516778904,0.1954080032077251
2026-06-13,2026,Australia,Turkey,2,0,0.4654344775387085,0.2508686657466083,0.2836968567146832,H,1,0.4291792917675885,0.7647839493393489,0.1831221021570525
2026-06-14,2026,Germany,Curaçao,7,1,0.820747705380258,0.11947258070673451,0.059779713913007564,H,1,0.04997869686269102,0.19753951836400443,0.01785249966098191
2026-06-14,2026,Ivory Coast,Ecuador,1,0,0.26754529836932023,0.2864423483756589,0.446012353255021,H,0,0.817466128139932,1.3184663872840308,0.3677084545984848
2026-06-14,2026,Netherlands,Japan,2,2,0.39868946226692814,0.24890710079936584,0.35240343693370596,D,0,0.8472820129149947,1.3906755412916787,0.14157073484269042
2026-06-14,2026,Sweden,Tunisia,5,1,0.3742191838981354,0.2730843340597351,0.3526964820421296,H,1,0.5905714917548589,0.9829136000261477,0.25799821912300486
2026-06-15,2026,Belgium,Egypt,1,1,0.5485336983453621,0.24742081013373002,0.20404549152090784,D,0,0.9088992178502208,1.396664707226848,0.1712618904152248
2026-06-15,2026,Iran,New Zealand,2,2,0.5548945569711351,0.234156582198569,0.2109488608302959,D,0,0.9389235318315691,1.451765232713874,0.1762036956208959
2026-06-15,2026,Spain,Cape Verde,0,0,0.8253825845287078,0.12449952425333029,0.05011789121796197,D,0,1.45026929689607,2.083453384343067,0.34188410693171245
2026-06-15,2026,Saudi Arabia,Uruguay,1,1,0.15083709177250065,0.24566461456980432,0.603498293657695,D,0,0.9559838924142573,1.4037880286716287,0.19348100935106763
2026-06-16,2026,France,Senegal,3,1,0.5359239921291342,0.2514313993566787,0.21264460851418715,H,1,0.32380201919396945,0.6237629336959453,0.1302921353057559
2026-06-16,2026,Iraq,Norway,1,4,0.24814491438976827,0.2573264172156735,0.4945286683945583,A,1,0.3832940506095388,0.7041501550911148,0.15853858280624195
2026-06-16,2026,Argentina,Algeria,3,0,0.6559538354704092,0.2043989617567475,0.13964720277284326,H,1,0.17964804013703817,0.4216648652728493,0.06893455228490093
2026-06-16,2026,Austria,Jordan,3,1,0.48799402625031174,0.2501438651858824,0.2618621085638059,H,1,0.39329383434698184,0.7174521144942598,0.16536094052842445
2026-06-17,2026,Portugal,DR Congo,1,1,0.6815367588782524,0.20069743792989256,0.11776580319185503,D,0,1.1172457238355338,1.6059567889320163,0.23918056905184792
2026-06-17,2026,Uzbekistan,Colombia,1,3,0.17242351754033802,0.24983378314895924,0.5777426993107028,A,1,0.27044801658891604,0.5486266663234062,0.1040155486931974
2026-06-17,2026,England,Croatia,4,2,0.5133972474252213,0.2550269623618307,0.231575790212948,H,1,0.35544833695760525,0.6667053720218357,0.1452047927130513
2026-06-17,2026,Ghana,Panama,1,0,0.30367804133110643,0.2562233763808526,0.44009858228804105,H,0,0.744201450860432,1.1917872133603964,0.33927551612821394
2026-06-18,2026,Czech Republic,South Africa,1,1,0.44002730978065874,0.27087912800014,0.28909356221920124,D,0,0.8088163670552272,1.3060825797396018,0.1385995605346955
2026-06-18,2026,Mexico,South Korea,1,0,0.5293143941973459,0.23805459239069054,0.23263101341196363,H,1,0.33233211686918646,0.636172705707415,0.1378310639554443
2026-06-18,2026,Switzerland,Bosnia and Herzegovina,4,1,0.6649607252769606,0.1966941755814051,0.13834509914163434,H,1,0.1700792807710975,0.4080272998042715,0.06569534103172445
2026-06-18,2026,Canada,Qatar,6,0,0.6991998285432003,0.17141315123713963,0.12938702021966014,H,1,0.13660421256680935,0.3578186998593765,0.05361087207488142
2026-06-19,2026,Scotland,Morocco,0,1,0.16459989386839602,0.250341949983366,0.585058156148238,A,1,0.2619409507620614,0.5360440244721375,0.09963492942029364
2026-06-19,2026,Brazil,Haiti,3,0,0.8254669813064718,0.11889352592245381,0.05563949277107441,H,1,0.04769319827637111,0.1918060148392694,0.016778763885048956
2026-06-19,2026,United States,Australia,2,0,0.42318600640833653,0.2508353159071476,0.3259786776845159,H,1,0.5018948372143476,0.8599434651276164,0.21948824075405454
2026-06-19,2026,Turkey,Paraguay,0,1,0.38647943923752,0.27029120885064295,0.34322935191183707,A,0,0.6537713787254354,1.0693563908066779,0.2903570205717468
2026-06-20,2026,Germany,Ivory Coast,2,1,0.5601068804981022,0.22792542161428636,0.21196769788761144,H,1,0.29038625935093487,0.5796276554316939,0.11921813076644233
2026-06-20,2026,Ecuador,Curaçao,0,0,0.7105920012918631,0.189861668683234,0.09954633002490304,D,0,1.1711745799901163,1.6614595315476512,0.257425232060701
2026-06-20,2026,Netherlands,Sweden,5,1,0.5885016227765821,0.21426744523708507,0.19723093198633285,H,1,0.25414149307813105,0.5301755948062835,0.10411547749485187
2026-06-20,2026,Tunisia,Japan,0,4,0.1920644206981138,0.24134047687260443,0.5665951024292818,A,1,0.2829737727134829,0.5681103354118506,0.1123642734681934
2026-06-21,2026,Belgium,Iran,0,0,0.45670914660981393,0.2549133218089078,0.2883775315812783,D,0,0.8468990033358118,1.366831706082602,0.1458724226589878
2026-06-21,2026,New Zealand,Egypt,1,3,0.2964185633603637,0.27522665993332357,0.4283547767063127,A,1,0.4903919403571648,0.847803509224636,0.20732111300955575
2026-06-21,2026,Spain,Saudi Arabia,4,0,0.762647411627281,0.1587359414287683,0.07861664694395072,H,1,0.08771392748521653,0.2709594624614704,0.031258414191969584
2026-06-21,2026,Uruguay,Cape Verde,2,2,0.6777748718527608,0.21400000789559206,0.1082251202516472,D,0,1.0888874411566392,1.5417792270649961,0.2355457267842549
2026-06-22,2026,France,Iraq,3,0,0.7133214809997762,0.18461506533829775,0.10206345366192612,H,1,0.12668424417942575,0.33782307519326166,0.0463007609147809
2026-06-22,2026,Norway,Senegal,3,2,0.33481276280550554,0.2675786174098374,0.3976086197846571,H,0,0.6721649915484648,1.0941838204078913,0.3002833375267523
2026-06-22,2026,Argentina,Austria,2,0,0.6849096925984857,0.1956817821008272,0.11940852530068713,H,1,0.15183165757902126,0.37846828503364,0.05677014886643282
2026-06-22,2026,Jordan,Algeria,1,2,0.23353094304278152,0.2375117336863611,0.5289573232708574,A,1,0.3328297282973073,0.636847524724393,0.13820895232930322
2026-06-23,2026,Portugal,Uzbekistan,5,0,0.6021039062423432,0.2306715426863002,0.1672245510713566,H,1,0.23949471251389634,0.5073252468358139,0.09314267595430936
2026-06-23,2026,Colombia,DR Congo,1,0,0.6673463617451979,0.21415065953569667,0.11850297871910548,H,1,0.17056190398903137,0.40444608487095185,0.06235069950472874
2026-06-23,2026,England,Ghana,0,0,0.7386623520390536,0.17315329531659232,0.0881843526443541,D,0,1.237074023416981,1.7535779767433786,0.2766992751855853
2026-06-23,2026,Panama,Croatia,0,1,0.20927829238677584,0.2331331480709759,0.5575885595422483,A,1,0.29387635104171117,0.5841339370665207,0.1197626431561138
2026-06-24,2026,Mexico,Czech Republic,3,0,0.6571333127759412,0.19705052724009928,0.14581615998395947,H,1,0.17764882800606932,0.41986836970235003,0.0694099588602341
2026-06-24,2026,South Africa,South Korea,1,0,0.20713358135939575,0.2515269805896193,0.5413394380509851,H,0,0.984951366961865,1.574391373269765,0.460842772498667
2026-06-24,2026,Canada,Switzerland,1,2,0.44384692951734883,0.24001035085740008,0.3161427196252511,A,0,0.7222658452822186,1.1515615229721448,0.3323304383817632
2026-06-24,2026,Bosnia and Herzegovina,Qatar,3,1,0.33860369569700494,0.25333383816966343,0.40806246613333164,H,0,0.6681380811742498,1.0829248947029588,0.3019800238062383
2026-06-24,2026,Scotland,Brazil,0,3,0.09478322573242923,0.17582075394274002,0.7293960203248309,A,1,0.11312331121327751,0.31553845671672354,0.041105186848142024
2026-06-24,2026,Morocco,Haiti,4,2,0.7057980339400992,0.1871005749021537,0.10710139115774711,H,1,0.13303212995015218,0.3484261533213571,0.04901275241071788
2026-06-25,2026,United States,Turkey,2,3,0.5689794464656537,0.21587500318003594,0.21514555035431032,A,0,0.9863361346269807,1.5364405015088378,0.46986705881449997
2026-06-25,2026,Paraguay,Australia,0,0,0.27296737963784234,0.2787000013387622,0.4483326190233955,D,0,0.7957870156954286,1.2776193396906386,0.1377566638133635
2026-06-25,2026,Curaçao,Ivory Coast,0,2,0.147870823066875,0.21804059812450188,0.6340885788086231,A,1,0.2032986509032588,0.45556662009484755,0.07787847423638414
2026-06-25,2026,Ecuador,Germany,2,1,0.28256727812435845,0.25728425701794955,0.46014846485769195,H,0,0.7926415090380605,1.2638386040968865,0.3632231600643911
2026-06-25,2026,Japan,Sweden,1,1,0.5785996085399373,0.21793502835291062,0.20346536310715213,D,0,0.9878012808642566,1.52355829569272,0.188087830493447
2026-06-25,2026,Tunisia,Netherlands,1,3,0.17488913416122473,0.2263008715456879,0.5988099942930873,A,1,0.24275171438911342,0.5128109360397312,0.09576981496338774
2026-06-26,2026,Egypt,Iran,1,1,0.2845073677355756,0.27926012733946326,0.43623250492496113,D,0,0.7907092046916591,1.2756115754792814,0.13562162032446615
2026-06-26,2026,New Zealand,Belgium,1,5,0.1621415652729905,0.20954143283901364,0.6283170018879959,A,1,0.20834575035093036,0.46471045979611764,0.08221906913735175
2026-06-26,2026,Cape Verde,Saudi Arabia,0,0,0.29717316065952515,0.29092563200191646,0.41190120733855834,D,0,0.7607609513752156,1.2346876046025708,0.128987246011667
2026-06-26,2026,Uruguay,Spain,0,1,0.2257265288244944,0.2546115407960246,0.5196619303794809,A,1,0.3465041636484476,0.6545768127209551,0.14083856347096094
2026-06-26,2026,Norway,France,1,4,0.18601808435735603,0.22175960875494916,0.5922223068876948,A,1,0.2500626987831219,0.5238731961961399,0.10044268735398687
2026-06-26,2026,Senegal,Iraq,5,0,0.539975858435202,0.26363099968150905,0.19639314188328896,H,1,0.3196937809942908,0.6162308470246646,0.12509623850060947
2026-06-27,2026,Algeria,Austria,3,3,0.4188978313702615,0.25469601591291885,0.32640615271681966,D,0,0.83749439835418,1.3676845393926487,0.14100818482905192
2026-06-27,2026,Jordan,Argentina,1,3,0.07428117004750638,0.152134748071579,0.7735840818809147,A,1,0.07992684177213773,0.25672091173402795,0.028390930100667473
2026-06-27,2026,Colombia,Portugal,0,0,0.3830276209205742,0.26458213696756483,0.35239024211186104,D,0,0.8117284743909247,1.329603539150961,0.13544452056186554
2026-06-27,2026,DR Congo,Uzbekistan,3,1,0.2902558103397876,0.30011187273213275,0.4096323169280797,H,0,0.7616025859830862,1.2369926402073006,0.3357677249141491
2026-06-27,2026,Panama,England,0,2,0.10950724589069954,0.18490615688172107,0.7055865972275793,A,1,0.13286137548736937,0.348725769328833,0.04933554431730085
2026-06-27,2026,Croatia,Ghana,2,1,0.6075980017599204,0.22492776018421773,0.16747423805586198,H,1,0.23261944593668793,0.498241797008652,0.09101347431759946
2026-06-28,2026,South Africa,Canada,0,1,0.23275416180086345,0.26002329518302597,0.5072225430161106,A,1,0.36461623598497056,0.6788054308371337,0.14850206097356575
2026-06-29,2026,Brazil,Japan,2,1,0.5279602536728982,0.24224959766393894,0.22979014866316294,H,1,0.33430990210353345,0.6387342752440037,0.13781251726759652
2026-06-29,2026,Germany,Paraguay,1,1,0.5817254745403947,0.22783793394591495,0.19043659151369038,D,0,0.9709048793695128,1.4791207188038764,0.18733531155829977
2026-06-29,2026,Netherlands,Morocco,1,1,0.36986053349356224,0.27866379121500334,0.3514756752914345,D,0,0.7806578906620246,1.2777492732252296,0.13016598227885617
2026-06-30,2026,Ivory Coast,Norway,1,2,0.349174869195177,0.2637803665660283,0.38704476423879464,A,1,0.5672172921102521,0.9492149227739122,0.24881860516227192
2026-06-30,2026,France,Sweden,3,0,0.6631503571074118,0.19211263263943987,0.14473701025314833,H,1,0.17132374767354056,0.41075353154020594,0.06720824202694209
2026-06-30,2026,Mexico,Ecuador,2,0,0.4747281189567173,0.2650063285965239,0.26026555244675886,H,1,0.41387706100137395,0.7450130199638705,0.17182435340258254
2026-07-01,2026,England,DR Congo,2,1,0.6833491389784796,0.20833307764881243,0.10831778337270806,H,1,0.15540318122307326,0.38074936557288297,0.05600025499022357
2026-07-01,2026,Belgium,Senegal,3,2,0.4674723722344373,0.26231424173052875,0.2702133860350339,H,1,0.4254097097407983,0.7604150288244146,0.17830047416306802
2026-07-01,2026,United States,Bosnia and Herzegovina,2,0,0.7374302767919526,0.1624548523009958,0.10011487090705164,H,1,0.10535742595842458,0.3045837351804594,0.03948292346114311
2026-07-02,2026,Spain,Austria,3,0,0.6770324414157824,0.1921473841744845,0.13082017440973318,H,1,0.15834257917553993,0.3900360878445724,0.060710980965221484
2026-07-02,2026,Portugal,Croatia,2,1,0.5014517660850756,0.24664448838829514,0.25190374552662925,H,1,0.3728393422023588,0.6902478554976444,0.1560029192750175
2026-07-02,2026,Switzerland,Algeria,2,0,0.39723114798790043,0.2515333259017779,0.3512355261103217,H,1,0.5499656977971888,0.9232369309836553,0.2433483418789894
2026-07-03,2026,Australia,Egypt,1,1,0.43312810507620725,0.28004281835415323,0.2868290765696395,D,0,0.7882092179761289,1.2728127648109662,0.13493543728634907
2026-07-03,2026,Argentina,Cape Verde,3,2,0.8226234965456066,0.12990264458397066,0.04747385887042274,H,1,0.05059088832366464,0.19525665983784565,0.016858095626877616
2026-07-03,2026,Colombia,Ghana,1,0,0.7152481476462142,0.18343724393529934,0.10131460841848637,H,1,0.12499748976048194,0.33512573685434227,0.04567413364895171
2026-07-04,2026,Canada,Morocco,0,3,0.22883056754841283,0.2730738702982321,0.49809556215335504,A,1,0.3788408320143411,0.6969633284921679,0.1521357466873427
2026-07-04,2026,Paraguay,France,0,1,0.1465502816504786,0.22434978335056727,0.6290999349989541,A,1,0.20937666855906112,0.4634651557300273,0.07952192163480733
2026-07-05,2026,Brazil,Norway,1,2,0.6535945051578513,0.2022028317306149,0.14420266311153374,A,0,1.2004608441578069,1.9365355861219775,0.5797874294989638
2026-07-05,2026,Mexico,England,2,3,0.3366554859401898,0.26241203577145145,0.40093247828835876,A,1,0.5410788883010706,0.9139622491744319,0.23610940589167656
2026-07-06,2026,Portugal,Spain,0,1,0.2889636467053373,0.24821828643667443,0.4628180668579883,A,1,0.4336767361329946,0.7704212462698993,0.18603220920571792
2026-07-06,2026,United States,Belgium,1,4,0.3376038125063774,0.2445040913602066,0.41789209613341605,A,1,0.5126081966546696,0.87253202300357,0.22641297298139468
2026-07-07,2026,Argentina,Egypt,3,2,0.6806471141133942,0.20693167391991463,0.1124212119666913,H,1,0.15744551229546108,0.38471129493069056,0.0573123973120816
2026-07-07,2026,Switzerland,Colombia,0,0,0.23928015237631953,0.2491252145051234,0.511594633118557,D,0,0.8827970034489225,1.389799639415436,0.1594920299784728
2026-07-09,2026,France,Morocco,2,0,0.4406836567489565,0.282525945892672,0.2767903973583716,H,1,0.46926860600007336,0.8194279925757517,0.19472384794876216
2026-07-10,2026,Spain,Belgium,2,1,0.5215390430755025,0.23661033558292568,0.24185062134157181,H,1,0.34340106124907493,0.6509711404683303,0.14370830517220512
2026-07-11,2026,Norway,England,1,1,0.1922366359086452,0.231883675893573,0.5758796881977818,D,0,0.958595026823017,1.461519430067802,0.1842961697321237
2026-07-11,2026,Argentina,Switzerland,1,1,0.6442758808844273,0.20917058245612052,0.14655353665945217,D,0,1.0619805174495898,1.5646051759137862,0.2182846748983991
2026-07-14,2026,France,Spain,0,2,0.33191776043861826,0.2558213876804948,0.41226085188088707,A,1,0.5210512883211427,0.886098994345195,0.22780335296318432
2026-07-15,2026,England,Argentina,1,2,0.28368575594224343,0.2747156963660841,0.44159854769167256,A,1,0.4677585038944739,0.817354072766343,0.19614489503228577
