fixture_id,event_slug,event_title,market_id,sports_market_type,group_item_title,question,outcome_0,outcome_1,token_0,token_1,market_volume,market_liquidity,gamma_best_bid,gamma_best_ask,fee_rate,tick_size,accepting_orders,outcome_0_ask,outcome_0_bid,outcome_0_spread,outcome_0_ask_depth_best_usd,outcome_0_ask_depth_2c_usd,outcome_0_bid_depth_best_usd,outcome_1_ask,outcome_1_bid,outcome_1_spread,outcome_1_ask_depth_best_usd,outcome_1_ask_depth_2c_usd,outcome_1_bid_depth_best_usd
fifwc-fra-eng-2026-07-18,fifwc-fra-eng-2026-07-18,France vs. England,2941971,moneyline,France,Will France win on 2026-07-18?,Yes,No,27017352779469567119021515174282416893555366624071034758236558815968401338728,24700818764893371447983775874874488061572200819525844393509377284018768095208,114559.68585500012,1045667.2082,0.49,0.5,0.05,0.01,True,0.5,0.49,0.010000000000000009,591536.075,734576.463,94092.9556,0.51,0.5,0.010000000000000009,97933.4844,220833.8991,591536.075
fifwc-fra-eng-2026-07-18,fifwc-fra-eng-2026-07-18,France vs. England,2941972,moneyline,Draw (France vs. England),Will France vs. England end in a draw?,Yes,No,85239138404163331579594125846576574312907099172264868553957025875753281044940,112547101819436418115775183743525115211037676921707460770609242558856503450400,12773.223167000002,829149.1015,0.25,0.26,0.05,0.01,True,0.26,0.25,0.010000000000000009,198544.7334,234437.3792,70238.015,0.75,0.74,0.010000000000000009,210714.04499999998,292795.8782,565088.8565999999
fifwc-fra-eng-2026-07-18,fifwc-fra-eng-2026-07-18,France vs. England,2941973,moneyline,England,Will England win on 2026-07-18?,Yes,No,104204269101315799616235020335758894730330540969530162829399554926283403684718,34385162543059510571975707768358382063196208867331187336985212373807572088934,58357.335985999984,497494.66,0.26,0.27,0.05,0.01,True,0.27,0.26,0.010000000000000009,86508.5589,125713.80900000001,9112.178399999999,0.74,0.73,0.010000000000000009,25934.661599999996,208242.09910000002,233893.5111
fifwc-fra-eng-2026-07-18,fifwc-fra-eng-2026-07-18-halftime-result,France vs. England - Halftime Result,2941977,soccer_halftime_result,France,France leading at halftime?,Yes,No,61811493468803204160632540963577001178772148991316628543392506941734077645782,78490391201114733703387667755358493334495392218047392522111826426630817820622,2748.1274350000003,115885.2083,0.38,0.39,0.05,0.01,True,0.39,0.38,0.010000000000000009,414.6753,4846.3877,2005.9212,0.62,0.61,0.010000000000000009,3272.8188,9910.789,648.5947
fifwc-fra-eng-2026-07-18,fifwc-fra-eng-2026-07-18-halftime-result,France vs. England - Halftime Result,2941978,soccer_halftime_result,Draw,France vs. England: Draw at halftime?,Yes,No,93770991594114735840558498036990297268526632198384626767392636869348270702717,32807033096625811812555210042254733971212535752474785077716547711581928459340,5758.863071999999,109136.8946,0.37,0.38,0.05,0.01,True,0.38,0.37,0.010000000000000009,1370.8994,7897.1684000000005,399.3558,0.63,0.62,0.010000000000000009,679.9842,8345.8577,2236.7306
fifwc-fra-eng-2026-07-18,fifwc-fra-eng-2026-07-18-halftime-result,France vs. England - Halftime Result,2941979,soccer_halftime_result,England,England leading at halftime?,Yes,No,101466604796646303063065849483250957756641188696476792686552742499161794954374,34680546878445570238499787418316253879485183282717196136763719253922561001547,272.21500000000003,121780.6265,0.23,0.24,0.05,0.01,True,0.24,0.23,0.009999999999999981,426.24,4847.490400000001,383.8792,0.77,0.76,0.010000000000000009,1285.1608,7241.133400000001,1349.76
fifwc-fra-eng-2026-07-18,fifwc-fra-eng-2026-07-18-second-half-result,France vs. England - Second Half Result,2941980,soccer_second_half_result,France,France to win the second half?,Yes,No,81269570913916644194690320611023537431288854349067468910267873985178587398268,19496067462963110205036243822692095717194745632900824355345130843698426625482,661.7747360000001,43118.635,0.4,0.45,0.05,0.01,True,0.45,0.4,0.04999999999999999,363.9015,940.6496999999999,639.296,0.6,0.55,0.04999999999999993,958.944,1526.2839999999999,444.7685
fifwc-fra-eng-2026-07-18,fifwc-fra-eng-2026-07-18-second-half-result,France vs. England - Second Half Result,2941981,soccer_second_half_result,Draw,France vs. England: Second half draw?,Yes,No,59169302328506479397015766581411117208356044887548748930760200364562752545272,11243147421976689538894395841825473502307034835783870709980059448823287860895,286.436223,42375.7915,0.29,0.32,0.05,0.01,True,0.32,0.29,0.030000000000000027,118.77440000000001,229.7323,197.2986,0.71,0.68,0.029999999999999916,483.0414,1512.2789,252.39560000000003
fifwc-fra-eng-2026-07-18,fifwc-fra-eng-2026-07-18-second-half-result,France vs. England - Second Half Result,2941982,soccer_second_half_result,England,England to win the second half?,Yes,No,101422564053483390522515281259389536590147788317745214542827734122694877131448,3632568448728797759836781450537073325968641255413176100873102585419543925335,272.981761,90126.1997,0.22,0.25,0.05,0.01,True,0.25,0.22,0.03,201.9125,3175.7729,93.8432,0.78,0.75,0.030000000000000027,332.71680000000003,524.5392,605.7375
fifwc-fra-eng-2026-07-18,fifwc-fra-eng-2026-07-18-exact-score,France vs. England - Exact Score,2941983,soccer_exact_score,France 0 - 0 England,Exact Score: France 0 - 0 England?,Yes,No,77589184052310534074342368621823428560565401116328536972176290424846414791025,77899117691320282255084926855068126399522814425967645821251701722727475314950,5542.952577999998,221106.19803,0.041,0.042,0.05,0.001,True,0.042,0.041,0.0010000000000000009,2224.55814,9433.12121,235.86849000000004,0.959,0.958,0.0010000000000000009,5517.0215100000005,20224.1807,50741.11186
fifwc-fra-eng-2026-07-18,fifwc-fra-eng-2026-07-18-exact-score,France vs. England - Exact Score,2941984,soccer_exact_score,France 0 - 1 England,Exact Score: France 0 - 1 England?,Yes,No,97574919734149007313064889238734975478996946020639808421026332258713303476825,60129640300285378328035174641272884046194286578104309805402712072704054571258,22620.331358,200094.30665,0.039,0.04,0.05,0.001,True,0.04,0.039,0.0010000000000000009,3480.07,5134.1171,214.77378000000002,0.961,0.96,0.0010000000000000009,4817.24314,110604.9147,83521.68
fifwc-fra-eng-2026-07-18,fifwc-fra-eng-2026-07-18-exact-score,France vs. England - Exact Score,2941985,soccer_exact_score,France 1 - 0 England,Exact Score: France 1 - 0 England?,Yes,No,61614661992424492173938297562112512099804520917816987914209049210275885628462,36021325291674835501257551232202761749390705768070007003235288118635614421481,3401.0285240000007,302649.4376,0.06,0.07,0.05,0.01,True,0.07,0.06,0.010000000000000009,8805.338500000002,19199.0655,1764.0636,0.94,0.93,0.009999999999999898,27636.9964,43256.722,116985.2115
fifwc-fra-eng-2026-07-18,fifwc-fra-eng-2026-07-18-exact-score,France vs. England - Exact Score,2941986,soccer_exact_score,France 0 - 2 England,Exact Score: France 0 - 2 England?,Yes,No,39041009424463264405833524627754921712545508890394561269865959538907058912502,110390665526164462948552804745075921946361493821417521155912655831882419110222,5904.0638389999995,225695.23202,0.033,0.034,0.05,0.001,True,0.034,0.033,0.0010000000000000009,1904.7704400000002,5560.40534,67.92291,0.967,0.966,0.0010000000000000009,1990.34709,33252.50976,54117.88956
fifwc-fra-eng-2026-07-18,fifwc-fra-eng-2026-07-18-exact-score,France vs. England - Exact Score,2941987,soccer_exact_score,France 1 - 1 England,Exact Score: France 1 - 1 England?,Yes,No,51695634536654818524904567840367422434925521930955943706676129558812748145248,85991163361707059478122141587385154218740046714882039099540501189991002531177,3031.667540000003,286477.168,0.11,0.12,0.05,0.01,True,0.12,0.11,0.009999999999999995,20463.1524,28215.1054,360.1928,0.89,0.88,0.010000000000000009,2914.2872,29543.3407,150063.1176
fifwc-fra-eng-2026-07-18,fifwc-fra-eng-2026-07-18-exact-score,France vs. England - Exact Score,2941988,soccer_exact_score,France 2 - 0 England,Exact Score: France 2 - 0 England?,Yes,No,83738293003989061909432987812246099956283553688616457850473263255666340995863,24422286319743612424586161606143185900928449498626548494888494659350127767379,20231.78119000001,277775.7046,0.06,0.07,0.05,0.01,True,0.07,0.06,0.010000000000000009,6564.5321,15818.836299999999,1296.0324,0.94,0.93,0.009999999999999898,20304.5076,38518.6429,87214.4979
fifwc-fra-eng-2026-07-18,fifwc-fra-eng-2026-07-18-exact-score,France vs. England - Exact Score,2941989,soccer_exact_score,France 0 - 3 England,Exact Score: France 0 - 3 England?,Yes,No,43863237958662185303255747001516390892668137934134139782430242712958236796263,37325156613964674326708490905219409497036234425063978222001914062723598149570,1916.349633,188798.21435,0.015,0.016,0.05,0.001,True,0.016,0.015,0.0010000000000000009,1373.53104,2572.4646000000002,96.63104999999999,0.985,0.984,0.0010000000000000009,6345.43895,74424.7646,84472.15896
fifwc-fra-eng-2026-07-18,fifwc-fra-eng-2026-07-18-exact-score,France vs. England - Exact Score,2941990,soccer_exact_score,France 1 - 2 England,Exact Score: France 1 - 2 England?,Yes,No,47725115768942599245435543299520586635682755707864227318684625633614926636446,111967320046683721120109257616915970974897169935926251965786684117668181606776,5236.535709000001,317792.568,0.06,0.07,0.05,0.01,True,0.07,0.06,0.010000000000000009,689.0982000000001,20725.3205,1136.7624,0.94,0.93,0.009999999999999898,17809.2776,32557.5747,9188.3814
fifwc-fra-eng-2026-07-18,fifwc-fra-eng-2026-07-18-exact-score,France vs. England - Exact Score,2941991,soccer_exact_score,France 2 - 1 England,Exact Score: France 2 - 1 England?,Yes,No,70617876534332603001051872118464962749830433834266462871549496979917149356185,71824415369050529903604664265312348624339165546736865434786631559172922399295,35037.67184699999,410023.8167,0.1,0.11,0.05,0.01,True,0.11,0.1,0.009999999999999995,15774.5841,44504.6635,2224.454,0.9,0.89,0.010000000000000009,20020.086000000003,38791.4574,127630.7259
fifwc-fra-eng-2026-07-18,fifwc-fra-eng-2026-07-18-exact-score,France vs. England - Exact Score,2941992,soccer_exact_score,France 3 - 0 England,Exact Score: France 3 - 0 England?,Yes,No,71579935885238729370531508632170367735300675638008874113954459647621456394107,111864925266071288591217886296151901343503794465466677078902429990890941550054,6233.899642000001,187362.96431,0.042,0.043,0.05,0.001,True,0.043,0.042,0.000999999999999994,2221.22606,6802.79436,191.58258,0.958,0.957,0.0010000000000000009,4369.90742,36741.4668,49435.19394
fifwc-fra-eng-2026-07-18,fifwc-fra-eng-2026-07-18-exact-score,France vs. England - Exact Score,2941993,soccer_exact_score,France 1 - 3 England,Exact Score: France 1 - 3 England?,Yes,No,82683428151724578313364395635035607159364277568301998535997746533369405222616,81695283754059184552740228483256358767727532503668996582831580514490589196158,11676.284935,215941.44857,0.031,0.032,0.05,0.001,True,0.032,0.031,0.0010000000000000009,3231.23904,4773.88576,1053.0520199999999,0.969,0.968,0.0010000000000000009,32916.367979999995,72349.03906,97744.98096
fifwc-fra-eng-2026-07-18,fifwc-fra-eng-2026-07-18-exact-score,France vs. England - Exact Score,2941994,soccer_exact_score,France 2 - 2 England,Exact Score: France 2 - 2 England?,Yes,No,6958970558174309284782223375880969055625012204063988403251481024738779408118,7397811728293736056999681087356237492491531269299601004967845780588145337370,68315.321389,340945.3333,0.07,0.08,0.05,0.01,True,0.08,0.07,0.009999999999999995,11471.6784,23902.3877,656.2402000000001,0.93,0.92,0.010000000000000009,8718.6198,84517.63709999999,131924.3016
fifwc-fra-eng-2026-07-18,fifwc-fra-eng-2026-07-18-exact-score,France vs. England - Exact Score,2941995,soccer_exact_score,France 3 - 1 England,Exact Score: France 3 - 1 England?,Yes,No,57716287394748798766806223253182132223051854128703406873399535626224142146187,21068985420988296968126799664296613266675922370351368397019455239267146952705,55108.09431999995,386795.8892,0.06,0.07,0.05,0.01,True,0.07,0.06,0.010000000000000009,5569.561200000001,26137.6392,4040.5116,0.94,0.93,0.009999999999999898,63301.348399999995,85964.9764,73995.5988
fifwc-fra-eng-2026-07-18,fifwc-fra-eng-2026-07-18-exact-score,France vs. England - Exact Score,2941996,soccer_exact_score,France 2 - 3 England,Exact Score: France 2 - 3 England?,Yes,No,47900225213576749948704597444302726918908953028391106933373400103287761335255,12126985522496775779898513033450175928108152420587260431596891059917095347106,7947.333300999999,216975.40861,0.029,0.03,0.05,0.001,True,0.03,0.029,0.0009999999999999974,3422.3477999999996,4501.513,209.46091,0.971,0.97,0.0010000000000000009,7013.32909,105876.8326,110655.91219999999
fifwc-fra-eng-2026-07-18,fifwc-fra-eng-2026-07-18-exact-score,France vs. England - Exact Score,2941997,soccer_exact_score,France 3 - 2 England,Exact Score: France 3 - 2 England?,Yes,No,69502084100804689355153051763208490212667904877262906299746339004132409869954,72166004559276241860499618632827389901491601078965102090191221599394120521739,12263.81,341410.9941,0.04,0.05,0.05,0.01,True,0.05,0.04,0.010000000000000002,7125.9039999999995,15335.1385,399.36,0.96,0.95,0.010000000000000009,9584.64,66633.41459999999,135392.17599999998
fifwc-fra-eng-2026-07-18,fifwc-fra-eng-2026-07-18-exact-score,France vs. England - Exact Score,2941998,soccer_exact_score,France 3 - 3 England,Exact Score: France 3 - 3 England?,Yes,No,45441664016374221637425717412841164229115501443222518799950103324628857482912,79717254973953441731721062821113136648595821940607197619538640718877281304397,25421.564685999998,217035.85025,0.02,0.021,0.05,0.001,True,0.021,0.02,0.0010000000000000009,2641.7909700000005,3079.5974700000006,1168.0252,0.98,0.979,0.0010000000000000009,57233.2348,235605.18002,123157.77903
fifwc-fra-eng-2026-07-18,fifwc-fra-eng-2026-07-18-exact-score,France vs. England - Exact Score,2941999,soccer_exact_score,Any Other Score,Exact Score: Any Other Score?,Yes,No,77643273423189704343736039854784640042698303451885684346802301629042882281876,53921125910881474618616951274438881938303285021466303057535621782422136228777,6755.522782000001,158771.1963,0.13,0.14,0.05,0.01,True,0.14,0.13,0.010000000000000009,7295.790600000001,13332.9616,303.91920000000005,0.87,0.86,0.010000000000000009,2033.9208,34102.6863,44816.9994
fifwc-fra-eng-2026-07-18,fifwc-fra-eng-2026-07-18-first-to-score,France vs. England - First Team to Score,2942000,soccer_first_to_score,France,France to score first vs. England?,Yes,No,56735302916010239099392370155194320325205863232630645733151226259169129115252,95263391672314592162431977061052599293576507269153256221263204964044788438733,205.705271,51887.2083,0.55,0.57,0.05,0.01,True,0.57,0.55,0.019999999999999907,811.4405999999999,2153.6472999999996,1431.8480000000002,0.45,0.43,0.020000000000000018,1171.5120000000002,2238.427,612.1393999999999
fifwc-fra-eng-2026-07-18,fifwc-fra-eng-2026-07-18-first-to-score,France vs. England - First Team to Score,2942001,soccer_first_to_score,England,England to score first vs. France?,Yes,No,17610346931792627261599618639002865196881194394001571997005448094628240795040,90577939647849931338599586745796772026982380820389118649272944839985294328791,395.497551,42680.2834,0.39,0.41,0.05,0.01,True,0.41,0.39,0.019999999999999962,129.8593,1595.0554,3.3735000000000004,0.61,0.59,0.020000000000000018,5.2765,11.5765,186.8707
fifwc-fra-eng-2026-07-18,fifwc-fra-eng-2026-07-18-first-to-score,France vs. England - First Team to Score,2942002,soccer_first_to_score,Neither,France vs. England: Neither team to score first?,Yes,No,53909487511469903385778890039741849533103721576045814105547494969268513418889,16366202394934605632115871327259410479798404477344927866250023057352893411893,4384.898566,80002.6921,0.04,0.06,0.05,0.01,True,0.06,0.04,0.019999999999999997,441.1002,1367.6602,308.084,0.96,0.94,0.020000000000000018,7394.016,233337.72619999998,6910.569799999999
fifwc-fra-eng-2026-07-18,fifwc-fra-eng-2026-07-18-more-markets,France vs. England - More Markets,2942101,spreads,France (-1.5),Spread: France (-1.5),France,England,107315532298789701436237363960672430085793514173994076548684716531610645605062,45930495139847278152934131136324997363117779649024847111322222331312813758735,8055.782017000003,128292.1673,0.28,0.29,0.05,0.01,True,0.29,0.28,0.009999999999999953,1717.5858999999998,11128.3359,1262.3100000000002,0.72,0.71,0.010000000000000009,3245.94,18105.177,4205.1241
fifwc-fra-eng-2026-07-18,fifwc-fra-eng-2026-07-18-more-markets,France vs. England - More Markets,2942102,spreads,England (-1.5),Spread: England (-1.5),England,France,59081023737975607500628528400166797136144717449042303459139811438678429594435,99901836617520718258160716567558126987507829345477748705868933930827338302389,1016.196665,85109.6567,0.11,0.12,0.05,0.01,True,0.12,0.11,0.009999999999999995,687.6648,1915.9758000000002,54.1464,0.89,0.88,0.010000000000000009,438.09360000000004,11459.5543,5042.8752
fifwc-fra-eng-2026-07-18,fifwc-fra-eng-2026-07-18-more-markets,France vs. England - More Markets,2942103,spreads,France (-2.5),Spread: France (-2.5),France,England,93539866195124165694729688965730248046184193746602191832197809660776251335744,4110944043952185402670353611530369910123429462051198103756625151142374961601,614.4890730000001,83700.1858,0.12,0.14,0.05,0.01,True,0.14,0.12,0.020000000000000018,548.9106,1457.6757,324.9828,0.88,0.86,0.020000000000000018,2383.2072000000003,8161.1602,3371.8794
fifwc-fra-eng-2026-07-18,fifwc-fra-eng-2026-07-18-more-markets,France vs. England - More Markets,2942104,spreads,England (-2.5),Spread: England (-2.5),England,France,107356637311190267360783850642751181429643542425881821170401275479962938083788,55935298681955775296732900074490808079328769995256102977083593930399895110771,5662.523016,89440.64202,0.037,0.039,0.05,0.001,True,0.039,0.037,0.0020000000000000018,18.57375,899.8837299999999,62.789739999999995,0.963,0.961,0.0020000000000000018,1634.2302599999998,8924.74902,457.67625
fifwc-fra-eng-2026-07-18,fifwc-fra-eng-2026-07-18-more-markets,France vs. England - More Markets,2942105,spreads,France (-3.5),Spread: France (-3.5),France,England,30524596259337981680587728552664553209709035817148238328444855292983132704753,12386495218367275181874695555531833907696459056042848951693399856367821752395,5636.418786,95867.7271,0.042,0.047,0.05,0.001,True,0.05,0.047,0.0030000000000000027,55.95,254.36616,59.86719,0.953,0.95,0.0030000000000000027,1213.9028099999998,4207.95139,1063.05
fifwc-fra-eng-2026-07-18,fifwc-fra-eng-2026-07-18-more-markets,France vs. England - More Markets,2942106,spreads,England (-3.5),Spread: England (-3.5),England,France,109806483494935630291934132465846911927555746621302847455697136067770036217238,51997224566828875083197896629043134496740294018910226882849480957145518270977,5,77348.75609,0.012,0.016,0.05,0.001,True,0.016,0.012,0.004,8.63472,52.75678,4.78692,0.988,0.984,0.0040000000000000036,394.12308,8115.26498,531.03528
fifwc-fra-eng-2026-07-18,fifwc-fra-eng-2026-07-18-more-markets,France vs. England - More Markets,2942107,spreads,France (-4.5),Spread: France (-4.5),France,England,85267834267532893381510494854489910146537723937553185091933756740287328487141,43139594823871088966056390711790956497528805465981182476579695643178411232867,50.5555,75414.4547,0.01,0.09,0.05,0.01,True,0.09,0.01,0.08,4.5,5.5,3.4944,0.99,0.91,0.07999999999999996,345.9456,345.9456,45.5
fifwc-fra-eng-2026-07-18,fifwc-fra-eng-2026-07-18-more-markets,France vs. England - More Markets,2942108,spreads,England (-4.5),Spread: England (-4.5),England,France,83858137775429766873583079293801133212676011201440037799442043787644885294823,89058207458134900758600319309526527341787020895808278123754134456905217734693,604.9906,74028.9666,0.004,0.01,0.05,0.001,True,0.01,0.004,0.006,9.0956,17.51237,3.21812,0.996,0.99,0.006000000000000005,801.31188,3141.83968,900.4644
fifwc-fra-eng-2026-07-18,fifwc-fra-eng-2026-07-18-more-markets,France vs. England - More Markets,2942109,spreads,France (-5.5),Spread: France (-5.5),France,England,107015951727796682676788885254080516570237213402306304530045294301833891644659,9446245787433246498335064310287294029330042203205887085004523959288003776213,961.4111580000001,82617.48259,0.004,0.01,0.05,0.001,True,0.01,0.004,0.006,19.0279,29.16955,2.041,0.996,0.99,0.006000000000000005,508.209,3114.0595200000002,1883.7621
fifwc-fra-eng-2026-07-18,fifwc-fra-eng-2026-07-18-more-markets,France vs. England - More Markets,2942110,spreads,England (-5.5),Spread: England (-5.5),England,France,77241955199380862377228543134066331526988123349321676518462683525841616901560,110801258184439721765191661716063636530979258652834634756174617338920391705687,519.9994,79436.76992,0.003,0.006,0.05,0.001,True,0.006,0.003,0.003,1.092,45.1155,1.92558,0.997,0.994,0.0030000000000000027,639.93442,3364.68361,180.908
fifwc-fra-eng-2026-07-18,fifwc-fra-eng-2026-07-18-more-markets,France vs. England - More Markets,2942111,totals,O/U 0.5,France vs. England: O/U 0.5,Over,Under,63394989871563411327592225760911317119016898782082385835069625555113561021962,32120227478407138859055793501586096850440988532128785588091232235719684264342,15753.098584000003,92211.07318,0.961,0.966,0.05,0.001,True,0.966,0.961,0.0050000000000000044,1561.3844399999998,120135.60901999999,6132.611889999999,0.039,0.034,0.0049999999999999975,248.87811,682.36865,54.95556
fifwc-fra-eng-2026-07-18,fifwc-fra-eng-2026-07-18-more-markets,France vs. England - More Markets,2942112,totals,O/U 1.5,France vs. England: O/U 1.5,Over,Under,55849010379012227718027113079992156041960679126331030026026488393449056177567,74910594565068158224893375660958876959994195840064419226652129439754632788747,4638.980118999999,112732.0116,0.85,0.86,0.05,0.01,True,0.86,0.85,0.010000000000000009,799.6881999999999,11817.4772,9799.615999999998,0.15,0.14,0.009999999999999981,1729.3439999999998,3878.14,130.1818
fifwc-fra-eng-2026-07-18,fifwc-fra-eng-2026-07-18-more-markets,France vs. England - More Markets,2942113,totals,O/U 2.5,France vs. England: O/U 2.5,Over,Under,91273691439800949134343698031415822234564495516010775300750054870032248800390,51996903197318772681058668801526087046272632621329877425203598210032904792582,21035.067704000005,148238.1721,0.68,0.69,0.05,0.01,True,0.69,0.68,0.009999999999999898,7764.1284,28345.545,7647.232400000001,0.32,0.31,0.010000000000000009,3598.6976,7160.573,3488.2316
fifwc-fra-eng-2026-07-18,fifwc-fra-eng-2026-07-18-more-markets,France vs. England - More Markets,2942114,totals,O/U 3.5,France vs. England: O/U 3.5,Over,Under,95915378873861214136464741197731679476285197462037980287078869056825510229415,80365342899455479632541246608117408855851039680249554514392443212940481459570,42383.275406999994,294845.1136,0.44,0.45,0.05,0.01,True,0.45,0.44,0.010000000000000009,24089.895,41867.2969,20327.8548,0.56,0.55,0.010000000000000009,25871.8152,153230.28629999998,29443.205
fifwc-fra-eng-2026-07-18,fifwc-fra-eng-2026-07-18-more-markets,France vs. England - More Markets,2942115,totals,O/U 4.5,France vs. England: O/U 4.5,Over,Under,7267436150570971620568374104121715758612572881063684710694300709246542320993,64143894378963589272843637530029731499807712614460216549109031708733298999931,1813.826251,93109.4397,0.24,0.25,0.05,0.01,True,0.25,0.24,0.010000000000000009,309.0675,2061.5108,1042.0511999999999,0.76,0.75,0.010000000000000009,3299.8288000000002,16843.485500000003,927.2025
fifwc-fra-eng-2026-07-18,fifwc-fra-eng-2026-07-18-more-markets,France vs. England - More Markets,2942116,totals,O/U 5.5,France vs. England: O/U 5.5,Over,Under,2837693008135583864003951653173854105705739433929544841571301661558210743572,99391303792561285756495149589862050061661277188853613284256324718757101288129,7298.5693809999975,79634.0711,0.12,0.13,0.05,0.01,True,0.13,0.12,0.010000000000000009,362.08119999999997,1395.0918000000001,414.23159999999996,0.88,0.87,0.010000000000000009,3037.6983999999998,28584.914800000002,2423.1587999999997
fifwc-fra-eng-2026-07-18,fifwc-fra-eng-2026-07-18-more-markets,France vs. England - More Markets,2942117,totals,O/U 6.5,France vs. England: O/U 6.5,Over,Under,25098640277282139188067828879686561255823846168955945665383818259964582022663,74656679432355534623655040730607466184987767891880084920922552797033526495351,8904.999974999999,101577.3284,0.04,0.05,0.05,0.01,True,0.05,0.04,0.010000000000000002,28.241500000000002,776.1934000000001,536.1264,0.96,0.95,0.010000000000000009,12867.033599999999,61846.2636,536.5885000000001
fifwc-fra-eng-2026-07-18,fifwc-fra-eng-2026-07-18-more-markets,France vs. England - More Markets,2942118,totals,O/U 7.5,France vs. England: O/U 7.5,Over,Under,68106979109768751965045734891157200950640947704100301544315316427684123650379,64647116436858852187348705438424254494636479711911768297280086352874089897214,20,81203.06214,0.019,0.02,0.05,0.001,True,0.02,0.019,0.0010000000000000009,2.1208,97.32144,26.560290000000002,0.981,0.98,0.0010000000000000009,1371.34971,210707.74189,103.9192
fifwc-fra-eng-2026-07-18,fifwc-fra-eng-2026-07-18-more-markets,France vs. England - More Markets,2942119,totals,O/U 8.5,France vs. England: O/U 8.5,Over,Under,12309041237156455261283503330653006911942200196521974037423298457112193029839,44323953344620754285908375724740610970694641883401414173072988917495231221712,2445.0026,93770.72744,0.005,0.009,0.05,0.001,True,0.009,0.005,0.003999999999999999,37.15973999999999,102.41542,10.0172,0.995,0.991,0.0040000000000000036,1993.4228,10774.83522,4091.7002599999996
fifwc-fra-eng-2026-07-18,fifwc-fra-eng-2026-07-18-more-markets,France vs. England - More Markets,2942120,soccer_extra_time,Will the Match Go to Extra Time?,France vs. England: Will the Match Go to Extra Time?,Yes,No,97073421403398987959367536357885777657934815132029969889101561100080702766740,21741388897814937158825210815863347655387627963929351195812841540921288098860,239.20807499999998,110813.4119,0.24,0.25,0.05,0.01,True,0.25,0.24,0.010000000000000009,91.2475,2476.2275,907.6416,0.76,0.75,0.010000000000000009,2874.1984,14552.7984,273.7425
fifwc-fra-eng-2026-07-18,fifwc-fra-eng-2026-07-18-more-markets,France vs. England - More Markets,2942121,soccer_penalty_shootout,Will the Match Go to a Penalty Shootout?,France vs. England: Will the Match Go to a Penalty Shootout?,Yes,No,83043179192993203630938053790340590898652055325504637846849207587554779805134,23115808433726815135634015219269625481365734215381833317301970662744681283594,970.8479189999999,80294.445,0.13,0.15,0.05,0.01,True,0.15,0.13,0.01999999999999999,46.2675,149.4675,96.7668,0.87,0.85,0.020000000000000018,647.5932,2580.374,262.1825
fifwc-fra-eng-2026-07-18,fifwc-fra-eng-2026-07-18-more-markets,France vs. England - More Markets,2943451,soccer_team_to_advance,Team to Win,France vs. England: Team to Win,France,England,68383229798738153843260173110368067454393737148304707811610243859638727205428,19937769871419809473954673695368929587069246301853660575164489787400178851999,39806.13794300001,424239.1471,0.62,0.63,0.05,0.01,True,0.63,0.62,0.010000000000000009,31977.917999999998,96967.6686,68740.826,0.38,0.37,0.010000000000000009,42154.445,122855.63470000001,18721.9482
fifwc-fra-eng-2026-07-18,fifwc-fra-eng-2026-07-18-total-corners,France vs. England - Total Corners,2942122,total_corners,Total Corners: O/U 7.5,France vs. England: O/U 7.5 Total Corners,Over,Under,82737101781736233368805000095435496007494486871904983788683047060637474637581,110459387052509135950514758666279069015364599349259913317149342417234908734325,249.61269099999998,5638.8838,0.58,0.6,0.05,0.01,True,0.6,0.58,0.020000000000000018,3.396,3.396,542.3986,0.42,0.4,0.019999999999999962,392.77139999999997,805.1700999999999,2.2640000000000002
fifwc-fra-eng-2026-07-18,fifwc-fra-eng-2026-07-18-total-corners,France vs. England - Total Corners,2942123,total_corners,Total Corners: O/U 9.5,France vs. England: O/U 9.5 Total Corners,Over,Under,74521456636767031604688100457193866424444143835411879544395720416068677391952,5773535398990059725323205702229302251691300650431994026209860163076660304027,2819.9132790000003,28656.6256,0.4,0.41,0.05,0.01,True,0.41,0.4,0.009999999999999953,313.65,410.1162,3142.9120000000003,0.6,0.59,0.010000000000000009,4714.3679999999995,4776.3679999999995,451.34999999999997
fifwc-fra-eng-2026-07-18,fifwc-fra-eng-2026-07-18-total-corners,France vs. England - Total Corners,2942124,total_corners,Total Corners: O/U 10.5,France vs. England: O/U 10.5 Total Corners,Over,Under,112168995059814549386010508206108993064060064763785711819890321518838685303745,39108053213129684546469482314826802561017058586480290071725568791745522768247,253.35504000000003,6848.4106,0.27,0.3,0.05,0.01,True,0.3,0.27,0.02999999999999997,86.54100000000001,148.6309,60.423300000000005,0.73,0.7,0.030000000000000027,163.36669999999998,538.3667,201.929
fifwc-fra-eng-2026-07-18,fifwc-fra-eng-2026-07-18-total-corners,France vs. England - Total Corners,2942125,total_corners,Total Corners: O/U 11.5,France vs. England: O/U 11.5 Total Corners,Over,Under,79794945354423002433037771941457657706842839774169576081409224999650611127540,6760474390440116577692233208572932424237181782432584004470725109648616682321,119.14227000000001,3095.6647,0.16,0.23,0.05,0.01,True,0.22,0.16,0.06,1.2936,47.9974,17.28,0.84,0.78,0.05999999999999994,90.72,877.0635,4.5864
fifwc-fra-eng-2026-07-18,fifwc-fra-eng-2026-07-18-total-corners,France vs. England - Total Corners,2942126,total_corners,Total Corners: O/U 12.5,France vs. England: O/U 12.5 Total Corners,Over,Under,40906681590660419103556621797218531407941024281539588912975066296410448906563,51788962364913067057740152229959831402862938580319224337948409110894662210847,130.316589,34560.6466,0.11,0.13,0.05,0.01,True,0.13,0.11,0.020000000000000004,65.13,615.6379,82.9334,0.89,0.87,0.020000000000000018,671.0066,2280.5326000000005,435.87
fifwc-fra-eng-2026-07-18,fifwc-fra-eng-2026-07-18-total-corners,France vs. England - Total Corners,2942127,total_corners,Total Corners: O/U 8.5,France vs. England: O/U 8.5 Total Corners,Over,Under,9199245358321606659376918480682939142774574358606906132911106408283595182918,10154543686257673514573572805511142794407521096128765808644869575953422480577,304.992038,34195.1272,0.5,0.51,0.05,0.01,True,0.53,0.5,0.030000000000000027,227.56080000000003,528.8817,5603.695,0.5,0.47,0.030000000000000027,5603.695,6179.6839,201.79919999999998
fifwc-fra-eng-2026-07-18,fifwc-fra-eng-2026-07-18-total-corners,France vs. England - Total Corners,2942128,total_corners,Total Corners: O/U 6.5,France vs. England: O/U 6.5 Total Corners,Over,Under,96038757124217797449325148285961624701310370449787723647122146043573091921556,70144782109197884207570390508473440928281313651662974556712206334252616295522,228.555721,6860.8322,0.72,0.74,0.05,0.01,True,0.74,0.72,0.020000000000000018,317.756,814.9535,374.24159999999995,0.28,0.26,0.020000000000000018,145.5384,222.42249999999999,111.64399999999999
fifwc-fra-eng-2026-07-18,fifwc-fra-eng-2026-07-18-total-corners,France vs. England - Total Corners,2942129,soccer_first_half_total_corners,1st Half Total Corners: O/U 3.5,France vs. England: 1st Half O/U 3.5 Total Corners,Over,Under,364961966268651867414037428014500876692984930380256550133522201479322140365,70919329620415768390956207467660621636413175096559474493097068180068574300061,0,11970.3577,0.51,0.72,0.05,0.01,True,0.71,0.51,0.19999999999999996,35.5,46.5232,25.5,0.49,0.29,0.2,24.5,941.165,14.499999999999998
fifwc-fra-eng-2026-07-18,fifwc-fra-eng-2026-07-18-total-corners,France vs. England - Total Corners,2942130,soccer_first_half_total_corners,1st Half Total Corners: O/U 4.5,France vs. England: 1st Half O/U 4.5 Total Corners,Over,Under,32040466707452496073679992858224274721235398044906739823229141478841142916597,81671802901524969961293313032484006457696910967769163647428003676987740941515,0,7189.6223,0.36,0.67,0.05,0.01,True,0.67,0.36,0.31000000000000005,10.257700000000002,110.3438,18.0,0.64,0.33,0.31,32.0,357.0,5.052300000000001
fifwc-fra-eng-2026-07-18,fifwc-fra-eng-2026-07-18-total-corners,France vs. England - Total Corners,2942131,soccer_first_half_total_corners,1st Half Total Corners: O/U 5.5,France vs. England: 1st Half O/U 5.5 Total Corners,Over,Under,23859736097294385032774398803606926459911507379560539546900972804495099146936,95478875632286283349583785131192322770010071444219253360085972294248081124520,0,4123.703,0.2,0.37,0.05,0.01,True,0.36,0.2,0.15999999999999998,18.0,22.921,21.6,0.8,0.64,0.16000000000000003,86.4,491.4,32.0
fifwc-fra-eng-2026-07-18,fifwc-fra-eng-2026-07-18-total-corners,France vs. England - Total Corners,2942132,soccer_second_half_total_corners,2nd Half Total Corners: O/U 3.5,France vs. England: 2nd Half O/U 3.5 Total Corners,Over,Under,57967506953408546210077454782768488111983104018630645054328806801863727158734,33868995604101967066575643625057945241343200854476512338312020690588903033078,0,6043.1103,0.51,0.9,0.05,0.01,True,0.9,0.51,0.39,900.0,900.0,25.5,0.49,0.1,0.39,24.5,774.5,100.0
fifwc-fra-eng-2026-07-18,fifwc-fra-eng-2026-07-18-total-corners,France vs. England - Total Corners,2942133,soccer_second_half_total_corners,2nd Half Total Corners: O/U 4.5,France vs. England: 2nd Half O/U 4.5 Total Corners,Over,Under,60293486787940927809386510938701309692323686709810151080062528932938287471800,58080222179136729384437910261935656271406454974512360019703969515059893277292,0,2674.2447,0.33,0.77,0.05,0.01,True,0.77,0.34,0.43,11.7887,126.4688,17.0,0.66,0.23,0.43000000000000005,33.0,1373.0,3.5213
fifwc-fra-eng-2026-07-18,fifwc-fra-eng-2026-07-18-total-corners,France vs. England - Total Corners,2942134,soccer_second_half_total_corners,2nd Half Total Corners: O/U 5.5,France vs. England: 2nd Half O/U 5.5 Total Corners,Over,Under,6750523889293961322670902604813931674393358648059521351302541838174372881901,42073691791235335583184180190811522894505360404452549254503595161763813151547,0,2045.5675,0.19,0.67,0.05,0.01,True,0.67,0.2,0.47000000000000003,10.257700000000002,110.3438,21.6,0.8,0.33,0.47000000000000003,86.4,2516.4,5.052300000000001
fifwc-fra-eng-2026-07-18,fifwc-fra-eng-2026-07-18-total-corners,France vs. England - Total Corners,2942135,soccer_game_corners_odd_even,Total Corners: Odd or Even,France vs. England: Total Corners Odd or Even?,Odd,Even,12260513413424154986236494834029101043317069761387237447682034637095753394133,53852807331119707193572180932475621708500317124710147207322658523414967160603,3.125,64553.0771,0.49,0.51,0.05,0.01,True,0.51,0.49,0.020000000000000018,5698.3116,6334.3548,5474.8484,0.51,0.49,0.020000000000000018,5698.3116,6334.3548,5474.8484
fifwc-fra-eng-2026-07-18,fifwc-fra-eng-2026-07-18-total-corners,France vs. England - Total Corners,2942136,soccer_first_corner,Team to Take First Corner,France vs. England: Team to Take First Corner,France,England,109426155258832192110465069987449716342784349152372424241275278380245957302661,110820722777010390504614227253165554445079884925564786549086628000219103637965,21.113796999999998,2756.6806,0.49,0.61,0.05,0.01,True,0.61,0.49,0.12,54.35099999999999,368.351,7.35,0.51,0.39,0.12,7.65,91.92,34.749
fifwc-fra-eng-2026-07-18,fifwc-fra-eng-2026-07-18-player-props,France vs. England - Player Props,2943702,soccer_player_goalkeeper_saves,Brice Samba: 2+ saves,Brice Samba: 2+ saves,Yes,No,107239424319556934147292015802617748010670565192190716315417329416063517212725,25327042312870402417078576735458088437877510959276518403559404661297429863530,0,4.5,0.02,0.98,0.05,0.01,True,0.98,0.02,0.96,4.9,217.75,0.1,0.98,0.02,0.96,4.9,217.75,0.1
fifwc-fra-eng-2026-07-18,fifwc-fra-eng-2026-07-18-player-props,France vs. England - Player Props,2943703,soccer_player_goalkeeper_saves,Brice Samba: 3+ saves,Brice Samba: 3+ saves,Yes,No,70464853199361914220635425943177608221708647825164590421527577870771739707812,66359722997278914626995632328709946089937133069995390680774378534906243844215,0,4.5,0.02,0.98,0.05,0.01,True,0.98,0.02,0.96,4.9,217.75,0.1,0.98,0.02,0.96,4.9,217.75,0.1
fifwc-fra-eng-2026-07-18,fifwc-fra-eng-2026-07-18-player-props,France vs. England - Player Props,2943704,soccer_player_goalkeeper_saves,Brice Samba: 4+ saves,Brice Samba: 4+ saves,Yes,No,43832504498794667537562273285312067395013792631186320407025315591705512831428,4842682567934698787378350289402278457425286224197245085317386766003787113842,0,4.5,0.02,0.98,0.05,0.01,True,0.98,0.02,0.96,4.9,217.75,0.1,0.98,0.02,0.96,4.9,217.75,0.1
fifwc-fra-eng-2026-07-18,fifwc-fra-eng-2026-07-18-player-props,France vs. England - Player Props,2943705,soccer_player_goalkeeper_saves,Brice Samba: 5+ saves,Brice Samba: 5+ saves,Yes,No,6551304375398896690999282885374771373567188695895325825897915891048413470418,102406726678593717639284999169743677080529794379116954514729767177473864630147,0,4.5,0.02,0.98,0.05,0.01,True,0.98,0.02,0.96,4.9,217.75,0.1,0.98,0.02,0.96,4.9,217.75,0.1
fifwc-fra-eng-2026-07-18,fifwc-fra-eng-2026-07-18-player-props,France vs. England - Player Props,2943706,soccer_player_goalkeeper_saves,Jordan Pickford: 2+ saves,Jordan Pickford: 2+ saves,Yes,No,27597930125218543988908978855024722916866759394769641722353689326181096031468,6655948019428412795641236036433485742724996333821441594490744754054899212589,0,4.5,0.02,0.98,0.05,0.01,True,0.98,0.02,0.96,4.9,217.75,0.1,0.98,0.02,0.96,4.9,217.75,0.1
fifwc-fra-eng-2026-07-18,fifwc-fra-eng-2026-07-18-player-props,France vs. England - Player Props,2943707,soccer_player_goalkeeper_saves,Jordan Pickford: 3+ saves,Jordan Pickford: 3+ saves,Yes,No,80482073614570993419314669693583038663861201582717221613260557384525792779649,56321152914275988016773101355755209914229189979879917124834771431844071320671,0,4.5,0.02,0.98,0.05,0.01,True,0.98,0.02,0.96,4.9,217.75,0.1,0.98,0.02,0.96,4.9,217.75,0.1
fifwc-fra-eng-2026-07-18,fifwc-fra-eng-2026-07-18-player-props,France vs. England - Player Props,2943708,soccer_player_goalkeeper_saves,Jordan Pickford: 4+ saves,Jordan Pickford: 4+ saves,Yes,No,52675276782640070783519534781341050487055271132036606028851178656061450699244,40282337330215973006950446535045145940716964811559272002510729869643074127975,0,4.5,0.02,0.98,0.05,0.01,True,0.98,0.02,0.96,4.9,217.75,0.1,0.98,0.02,0.96,4.9,217.75,0.1
fifwc-fra-eng-2026-07-18,fifwc-fra-eng-2026-07-18-player-props,France vs. England - Player Props,2943710,soccer_player_goalkeeper_saves,Jordan Pickford: 5+ saves,Jordan Pickford: 5+ saves,Yes,No,40002197637028842111347672702703550254816093679014376413263930406261679350623,57140502568349392325956068740822723516903115247977016255006303424258713833720,0,4.5,0.02,0.98,0.05,0.01,True,0.98,0.02,0.96,4.9,217.75,0.1,0.98,0.02,0.96,4.9,217.75,0.1
fifwc-esp-arg-2026-07-19,fifwc-esp-arg-2026-07-19,Spain vs. Argentina,2941974,moneyline,Spain,Will Spain win on 2026-07-19?,Yes,No,105042264974012349507628582341465372921413790307165600767293079103508862620927,26950933687061136665045692928866901705470041092212665620581588770356803034388,52748.962782000046,1137234.4938,0.41,0.42,0.05,0.01,True,0.42,0.41,0.010000000000000009,71423.8854,255469.9595,530748.4398999999,0.59,0.58,0.010000000000000009,763759.9500999999,847435.2118999999,98632.9846
fifwc-esp-arg-2026-07-19,fifwc-esp-arg-2026-07-19,Spain vs. Argentina,2941975,moneyline,Draw (Spain vs. Argentina),Will Spain vs. Argentina end in a draw?,Yes,No,92571123127402723974640575698896369187398878096159854165218788690275715186568,8897745942892740554419142821188087932128583924929997823029754125155949675043,8941.786521999999,450348.9155,0.31,0.32,0.05,0.01,True,0.32,0.31,0.010000000000000009,62025.9904,126800.4736,30800.561499999996,0.69,0.68,0.009999999999999898,68556.08849999998,111551.37809999999,131805.22960000002
fifwc-esp-arg-2026-07-19,fifwc-esp-arg-2026-07-19,Spain vs. Argentina,2941976,moneyline,Argentina,Will Argentina win on 2026-07-19?,Yes,No,22596903656102431101396261359922941848858035376971300420659017295333613251025,40285215796521673925483410143614666389701053711161542152061618519144468632440,139350.19592799948,670757.9198,0.26,0.27,0.05,0.01,True,0.27,0.26,0.010000000000000009,53621.4573,133489.0958,166677.784,0.74,0.73,0.010000000000000009,474390.61600000004,527949.2519,144976.53269999998
fifwc-esp-arg-2026-07-19,fifwc-esp-arg-2026-07-19-halftime-result,Spain vs. Argentina - Halftime Result,2942003,soccer_halftime_result,Spain,Spain leading at halftime?,Yes,No,42503841910860913824009439250447867230452353097870659911813776798275939913183,99059826531541617583139361975369310511489155419493341373589793074206923469613,602.935462,137760.1831,0.3,0.31,0.05,0.01,True,0.31,0.3,0.010000000000000009,1230.7031,9636.6735,28543.215,0.7,0.69,0.010000000000000009,66600.83499999999,84231.65019999999,2739.3069
fifwc-esp-arg-2026-07-19,fifwc-esp-arg-2026-07-19-halftime-result,Spain vs. Argentina - Halftime Result,2942004,soccer_halftime_result,Draw,Spain vs. Argentina: Draw at halftime?,Yes,No,55534690741590152916803799347245209373571978987049575285043457531284537719480,82049642666299749350751413177958219988628930265531855056246225148910944146356,2424.5245000000014,157640.8576,0.47,0.48,0.05,0.01,True,0.48,0.47,0.010000000000000009,2006.4576,8020.9847,3169.8397999999997,0.53,0.52,0.010000000000000009,3574.5002000000004,8541.4728,2173.6624
fifwc-esp-arg-2026-07-19,fifwc-esp-arg-2026-07-19-halftime-result,Spain vs. Argentina - Halftime Result,2942005,soccer_halftime_result,Argentina,Argentina leading at halftime?,Yes,No,20664793222331339343552998267820854019645651559348706346914375656718469924729,50224683305525930795637556259236786272907665223902846135542340441464287900745,336.508174,115496.6926,0.21,0.22,0.05,0.01,True,0.22,0.21,0.010000000000000009,276.771,4564.5274,148.0752,0.79,0.78,0.010000000000000009,557.0448,7080.2080000000005,981.279
fifwc-esp-arg-2026-07-19,fifwc-esp-arg-2026-07-19-second-half-result,Spain vs. Argentina - Second Half Result,2942006,soccer_second_half_result,Spain,Spain to win the second half?,Yes,No,105939212437102202833913457556054935614168622874084087446115067861779128457956,23218786246020293905333474773382417683136263949066492185961095523252018618652,10.961577,57926.593,0.3,0.33,0.05,0.01,True,0.33,0.3,0.030000000000000027,42.7548,207.90439999999998,30.0,0.7,0.67,0.029999999999999916,70.0,682.02,86.80520000000001
fifwc-esp-arg-2026-07-19,fifwc-esp-arg-2026-07-19-second-half-result,Spain vs. Argentina - Second Half Result,2942007,soccer_second_half_result,Draw,Spain vs. Argentina: Second half draw?,Yes,No,96971411701036318269404639535897220026875646216565699305789706527902230545440,14678681355115503843176242219100846521080162753034217854185247120562389412867,8.33,59716.0181,0.37,0.39,0.05,0.01,True,0.39,0.37,0.020000000000000018,4.875,60.75,37.0,0.63,0.61,0.020000000000000018,63.0,1435.3600000000001,7.625
fifwc-esp-arg-2026-07-19,fifwc-esp-arg-2026-07-19-second-half-result,Spain vs. Argentina - Second Half Result,2942008,soccer_second_half_result,Argentina,Argentina to win the second half?,Yes,No,92398664276034606727217378427887667955317773344409043285643991870750709654075,2079772460783102876680714723754512283737636997253510656470916509423373186373,123.446062,51938.4433,0.23,0.27,0.05,0.01,True,0.27,0.23,0.04000000000000001,55.822500000000005,476.85249999999996,34.5,0.77,0.73,0.040000000000000036,115.5,1155.2450000000001,150.9275
fifwc-esp-arg-2026-07-19,fifwc-esp-arg-2026-07-19-exact-score,Spain vs. Argentina - Exact Score,2942009,soccer_exact_score,Spain 0 - 0 Argentina,Exact Score: Spain 0 - 0 Argentina?,Yes,No,81549293522926834217196813449020148539241513751484223259159114469711911824316,105131637194402927882857711341679712688698913278320313966910923046884205545649,6096.889232,241224.8829,0.1,0.11,0.05,0.01,True,0.11,0.1,0.009999999999999995,886.6132,19662.3526,902.481,0.9,0.89,0.010000000000000009,8122.329,22875.147800000002,7173.5068
fifwc-esp-arg-2026-07-19,fifwc-esp-arg-2026-07-19-exact-score,Spain vs. Argentina - Exact Score,2942010,soccer_exact_score,Spain 0 - 1 Argentina,Exact Score: Spain 0 - 1 Argentina?,Yes,No,44745496501222841727631055299580565730260078104743395625344679668446804748261,9315261753215457668569501926418745411616198632712838640504976861465067073909,7311.313279999997,284044.9807,0.08,0.09,0.05,0.01,True,0.09,0.08,0.009999999999999995,7862.6718,20096.934800000003,3712.4496000000004,0.92,0.91,0.010000000000000009,42693.1704,64013.1412,79500.34820000001
fifwc-esp-arg-2026-07-19,fifwc-esp-arg-2026-07-19-exact-score,Spain vs. Argentina - Exact Score,2942011,soccer_exact_score,Spain 1 - 0 Argentina,Exact Score: Spain 1 - 0 Argentina?,Yes,No,36284631190512394140314037549741121782871517320465510133598056044713226666250,45532354621305932937190196097170933475055093463758992985271554027450114042897,9158.313280999999,293013.8529,0.11,0.12,0.05,0.01,True,0.12,0.11,0.009999999999999995,10213.998,25430.174,4200.471,0.89,0.88,0.010000000000000009,33985.629,48302.677,74902.652
fifwc-esp-arg-2026-07-19,fifwc-esp-arg-2026-07-19-exact-score,Spain vs. Argentina - Exact Score,2942012,soccer_exact_score,Spain 0 - 2 Argentina,Exact Score: Spain 0 - 2 Argentina?,Yes,No,47145578323451058779403614719457551996653409901966195623142669480376673877090,46814744040327909045077123830469972958842988519470688298076989755729925747993,18264.815187,260674.29924,0.044,0.045,0.05,0.001,True,0.045,0.044,0.0010000000000000009,474.6114,9932.6591,232.243,0.956,0.955,0.0010000000000000009,5046.007,22490.09218,10072.3086
fifwc-esp-arg-2026-07-19,fifwc-esp-arg-2026-07-19-exact-score,Spain vs. Argentina - Exact Score,2942013,soccer_exact_score,Spain 1 - 1 Argentina,Exact Score: Spain 1 - 1 Argentina?,Yes,No,42736655376785853871753155043931522511145630893598165634855727846278733514149,61519513815745308865237366567876664659360188214480972005756531829514547913075,5989.172500000001,358159.2178,0.15,0.16,0.05,0.01,True,0.16,0.15,0.010000000000000009,14224.916799999999,51936.7145,7135.058999999999,0.85,0.84,0.010000000000000009,40432.001,76474.26539999999,74680.81319999999
fifwc-esp-arg-2026-07-19,fifwc-esp-arg-2026-07-19-exact-score,Spain vs. Argentina - Exact Score,2942014,soccer_exact_score,Spain 2 - 0 Argentina,Exact Score: Spain 2 - 0 Argentina?,Yes,No,22254858175513103187588388900033291336771070560809999961721316193141200660957,22893608586228782078354772038228054619714640643126094831956979889813476081650,20161.49694,287513.9112,0.07,0.08,0.05,0.01,True,0.08,0.07,0.009999999999999995,716.6800000000001,16059.9902,12609.7335,0.93,0.92,0.010000000000000009,167529.3165,182991.37689999997,8241.82
fifwc-esp-arg-2026-07-19,fifwc-esp-arg-2026-07-19-exact-score,Spain vs. Argentina - Exact Score,2942015,soccer_exact_score,Spain 0 - 3 Argentina,Exact Score: Spain 0 - 3 Argentina?,Yes,No,35289164512036836621533326126064114451858610409336283611332256435522186949436,58281199611700028311622954922299614722293459648127205757837137743802418668533,6309.1158479999995,206322.635,0.012,0.013,0.05,0.001,True,0.013,0.012,0.0009999999999999992,89.57988,2679.81018,18.53136,0.988,0.987,0.0010000000000000009,1525.74864,70156.43943,6801.18012
fifwc-esp-arg-2026-07-19,fifwc-esp-arg-2026-07-19-exact-score,Spain vs. Argentina - Exact Score,2942016,soccer_exact_score,Spain 1 - 2 Argentina,Exact Score: Spain 1 - 2 Argentina?,Yes,No,12384785608039901247497028680546060108195625418904439310834182431741545359435,33943426374788577933834234650409034353628286549043800145320636816016760055303,33691.95494300002,310866.8697,0.06,0.07,0.05,0.01,True,0.07,0.06,0.010000000000000009,4602.939600000001,17402.8524,3712.5372,0.94,0.93,0.009999999999999898,58163.0828,76144.7622,61153.3404
fifwc-esp-arg-2026-07-19,fifwc-esp-arg-2026-07-19-exact-score,Spain vs. Argentina - Exact Score,2942017,soccer_exact_score,Spain 2 - 1 Argentina,Exact Score: Spain 2 - 1 Argentina?,Yes,No,79464966601443444211409754239549864715374909947355242456484423943167025371292,45493746872063564096177937323959647647530659113687507849142486516762995679101,64037.475723000025,393467.412,0.08,0.09,0.05,0.01,True,0.09,0.08,0.009999999999999995,9891.9522,31717.829,7116.4248,0.92,0.91,0.010000000000000009,81838.8852,96805.40740000001,100018.6278
fifwc-esp-arg-2026-07-19,fifwc-esp-arg-2026-07-19-exact-score,Spain vs. Argentina - Exact Score,2942018,soccer_exact_score,Spain 3 - 0 Argentina,Exact Score: Spain 3 - 0 Argentina?,Yes,No,9849551241373217468398926116494361037206032495449574957261289531683799404303,6378631776633584701711096755651961644025777081603563784626403545311285914224,10053.419723,204205.07335,0.036,0.037,0.05,0.001,True,0.037,0.036,0.0010000000000000009,335.183,6258.99684,5455.280879999999,0.964,0.963,0.0010000000000000009,146080.29911999998,166842.01262999998,8723.817
fifwc-esp-arg-2026-07-19,fifwc-esp-arg-2026-07-19-exact-score,Spain vs. Argentina - Exact Score,2942019,soccer_exact_score,Spain 1 - 3 Argentina,Exact Score: Spain 1 - 3 Argentina?,Yes,No,28222289354527373762480982537652524035997379204805798075050731984117597182468,105464392408709386724730914760889773033348761488075448055131432680768115768863,23259.521193,212004.91112,0.021,0.022,0.05,0.001,True,0.022,0.021,0.0009999999999999974,2144.5417399999997,3203.8269399999995,174.78909000000002,0.979,0.978,0.0010000000000000009,8148.500910000001,78177.63162,95334.62826
fifwc-esp-arg-2026-07-19,fifwc-esp-arg-2026-07-19-exact-score,Spain vs. Argentina - Exact Score,2942020,soccer_exact_score,Spain 2 - 2 Argentina,Exact Score: Spain 2 - 2 Argentina?,Yes,No,30705778356175131138527811895766002183117548687772523359723445110027329785211,34891371387938701211840591458071323530884822030384779347681535463054581294576,47233.828479999975,287110.8361,0.05,0.06,0.05,0.01,True,0.06,0.05,0.009999999999999995,7867.842599999999,14165.4034,475.13599999999997,0.95,0.94,0.010000000000000009,8295.057999999999,131072.88199999998,123262.86739999999
fifwc-esp-arg-2026-07-19,fifwc-esp-arg-2026-07-19-exact-score,Spain vs. Argentina - Exact Score,2942021,soccer_exact_score,Spain 3 - 1 Argentina,Exact Score: Spain 3 - 1 Argentina?,Yes,No,7021530639078779013734059268307729540470749823782052736997993054767028914999,90697868812610472234346560441302376325910183076355912830906137032174188301710,21695.747129999996,217284.46146,0.037,0.038,0.05,0.001,True,0.038,0.037,0.0010000000000000009,2967.78556,5636.37456,370.97125,0.963,0.962,0.0010000000000000009,9655.27875,125462.19957,75131.83443999999
fifwc-esp-arg-2026-07-19,fifwc-esp-arg-2026-07-19-exact-score,Spain vs. Argentina - Exact Score,2942022,soccer_exact_score,Spain 2 - 3 Argentina,Exact Score: Spain 2 - 3 Argentina?,Yes,No,51109306394725090330084656461396328598075978877907267180360989433722055814374,28270659931872148672320983284020103550194403267662738412591930426417805719170,344897.6544550012,122318.00954,0.029,0.03,0.05,0.001,True,0.03,0.029,0.0009999999999999974,361.6593,1498.52448,277.81362,0.971,0.97,0.0010000000000000009,9301.96638,68247.6524,10758.7259
fifwc-esp-arg-2026-07-19,fifwc-esp-arg-2026-07-19-exact-score,Spain vs. Argentina - Exact Score,2942023,soccer_exact_score,Spain 3 - 2 Argentina,Exact Score: Spain 3 - 2 Argentina?,Yes,No,83578876256912836630465568836787043011698561387422220730948431144418924444718,49384164222368191218605127033710312316664748617991737246758669505738720950669,40195.854380000004,196079.78929,0.02,0.021,0.05,0.001,True,0.021,0.02,0.0010000000000000009,2248.6758,2665.9634,154.48160000000001,0.98,0.979,0.0010000000000000009,7569.5984,49018.1549,104831.1242
fifwc-esp-arg-2026-07-19,fifwc-esp-arg-2026-07-19-exact-score,Spain vs. Argentina - Exact Score,2942024,soccer_exact_score,Spain 3 - 3 Argentina,Exact Score: Spain 3 - 3 Argentina?,Yes,No,88228649965626685394164426382716859280399843611049553371375616762843144167182,18428656887981140823068577570134033651673411615058872565391929275495865976021,40803.48948699999,266222.51547,0.01,0.011,0.05,0.001,True,0.011,0.01,0.0009999999999999992,105.66577999999998,2757.3297900000002,353.0442,0.99,0.989,0.0010000000000000009,34951.375799999994,85741.84594,9500.31422
fifwc-esp-arg-2026-07-19,fifwc-esp-arg-2026-07-19-exact-score,Spain vs. Argentina - Exact Score,2942025,soccer_exact_score,Any Other Score,Exact Score: Any Other Score?,Yes,No,112506135920499895973036194948205811788595587475440410000783705571222669619858,115151072969073909238674209070880620860700060256512907416652712296216049269321,5850.029784,212978.4375,0.04,0.05,0.05,0.01,True,0.05,0.04,0.010000000000000002,223.837,9449.3772,157.7508,0.96,0.95,0.010000000000000009,3786.0191999999997,32863.2223,4252.902999999999
fifwc-esp-arg-2026-07-19,fifwc-esp-arg-2026-07-19-first-to-score,Spain vs. Argentina - First Team to Score,2942026,soccer_first_to_score,Spain,Spain to score first vs. Argentina?,Yes,No,9442745886371658885992984738892694704152411733298078866606168044613081349804,97171789406634980432007130638998091860312416287731490944838203146022145507770,791.626715,84996.5388,0.53,0.54,0.05,0.01,True,0.54,0.53,0.010000000000000009,21566.871000000003,23087.311800000003,432.52770000000004,0.47,0.46,0.009999999999999953,383.5623,3694.5224,18371.779000000002
fifwc-esp-arg-2026-07-19,fifwc-esp-arg-2026-07-19-first-to-score,Spain vs. Argentina - First Team to Score,2942027,soccer_first_to_score,Argentina,Argentina to score first vs. Spain?,Yes,No,91613958020462206796604703490892509074037827032000264303930178637905513667554,52462745552966070037353896544408106239819915353248296777169963883406867728145,576.3768620000001,40595.4774,0.34,0.37,0.05,0.01,True,0.37,0.34,0.02999999999999997,212.7426,1297.692,487.0704,0.66,0.63,0.030000000000000027,945.4896,2085.7776,362.23740000000004
fifwc-esp-arg-2026-07-19,fifwc-esp-arg-2026-07-19-first-to-score,Spain vs. Argentina - First Team to Score,2942028,soccer_first_to_score,Neither,Spain vs. Argentina: Neither team to score first?,Yes,No,46468009063184382728906236836743754404951837514722945422850096655231290940321,51886558789662081116832110864895092893246044793536840163063722959295768001701,810.7162109999999,38907.4758,0.11,0.13,0.05,0.01,True,0.13,0.11,0.020000000000000004,182.69940000000003,292.15090000000004,139.6747,0.89,0.87,0.020000000000000018,1130.0953,1985.929,1222.6806000000001
fifwc-esp-arg-2026-07-19,fifwc-esp-arg-2026-07-19-more-markets,Spain vs. Argentina - More Markets,2942064,spreads,Spain (-1.5),Spread: Spain (-1.5),Spain,Argentina,98699639556495089435803820424633193482385080794955683699757392440226749572387,51499791058434329766698297937382776746424415010143258660366209876130116492569,36757.58323300001,144863.2961,0.2,0.21,0.05,0.01,True,0.21,0.2,0.009999999999999981,2512.3245,5740.0586,12215.018,0.8,0.79,0.010000000000000009,48860.072,109799.7633,9459.8155
fifwc-esp-arg-2026-07-19,fifwc-esp-arg-2026-07-19-more-markets,Spain vs. Argentina - More Markets,2942065,spreads,Argentina (-1.5),Spread: Argentina (-1.5),Argentina,Spain,27866062221579476928861033428139821414043096358422032545150760258360702553383,102231986809071138728906508208881547976182342159506956488734498410239184870444,1466.4435380000002,82047.2244,0.09,0.1,0.05,0.01,True,0.1,0.09,0.010000000000000009,652.0360000000001,1267.1825000000001,154.76760000000002,0.91,0.9,0.010000000000000009,1564.8724000000002,22417.5485,5868.324
fifwc-esp-arg-2026-07-19,fifwc-esp-arg-2026-07-19-more-markets,Spain vs. Argentina - More Markets,2942066,spreads,Spain (-2.5),Spread: Spain (-2.5),Spain,Argentina,1558707332570189961820096200955136519582171078932511484380238317309280969172,53983086445102802647455380797667419444136142614376756774917672725334661547690,1680.855982,106075.3541,0.07,0.08,0.05,0.01,True,0.08,0.07,0.009999999999999995,493.7176,1319.083,393.9586,0.93,0.92,0.010000000000000009,5234.0214,37370.9838,5677.7524
fifwc-esp-arg-2026-07-19,fifwc-esp-arg-2026-07-19-more-markets,Spain vs. Argentina - More Markets,2942067,spreads,Argentina (-2.5),Spread: Argentina (-2.5),Argentina,Spain,49329839933847137508236296569317763424126272037348177295233262183539506102390,95927753836153400849282431012340434441468880940946124526171211637554397656956,821.112883,93896.70113,0.021,0.027,0.05,0.001,True,0.027,0.021,0.005999999999999998,97.47837,245.38304,86.08047,0.979,0.973,0.006000000000000005,4012.98953,22039.18929,3512.8316299999997
fifwc-esp-arg-2026-07-19,fifwc-esp-arg-2026-07-19-more-markets,Spain vs. Argentina - More Markets,2942068,spreads,Spain (-3.5),Spread: Spain (-3.5),Spain,Argentina,91615399910374774632716699707955161093586513472414125784440850426973819044394,32635700868942229311190389374989739093646922876665386023614865459624795467554,0,86475.08215,0.02,0.021,0.05,0.001,True,0.021,0.02,0.0010000000000000009,21.0,21.0,200.1,0.98,0.979,0.0010000000000000009,9804.9,17499.584,979.0
fifwc-esp-arg-2026-07-19,fifwc-esp-arg-2026-07-19-more-markets,Spain vs. Argentina - More Markets,2942069,spreads,Argentina (-3.5),Spread: Argentina (-3.5),Argentina,Spain,54844701786035835259029529509138818731759430955520272076143110098426589306237,27715479182877240374926505482638123577644716388119637236285740910613452647386,207.02,88484.3878,0.01,0.011,0.05,0.001,True,0.011,0.01,0.0009999999999999992,9.88889,9.88889,3.1399000000000004,0.99,0.989,0.0010000000000000009,310.8501,7465.3851,889.10111
fifwc-esp-arg-2026-07-19,fifwc-esp-arg-2026-07-19-more-markets,Spain vs. Argentina - More Markets,2942070,spreads,Spain (-4.5),Spread: Spain (-4.5),Spain,Argentina,9783484663367771053370513430414927678392183619921668445617744292539553771659,93904992474937854765835464136967512633018200026836946910032791050847665374852,395,63128.6661,0.004,0.01,0.05,0.001,True,0.01,0.004,0.006,7.9472000000000005,15.76684,2.6732,0.996,0.99,0.006000000000000005,665.6268,3127.8622,786.7728000000001
fifwc-esp-arg-2026-07-19,fifwc-esp-arg-2026-07-19-more-markets,Spain vs. Argentina - More Markets,2942071,spreads,Argentina (-4.5),Spread: Argentina (-4.5),Argentina,Spain,50566628398671844066086168302979468502494901688337964016203270901568885998503,97749234584173893643480670686521133892631380736811545751163271414470780121700,1005,88708.90152,0.002,0.009,0.05,0.001,True,0.009,0.002,0.006999999999999999,12.22146,214.0714,0.68784,0.998,0.991,0.007000000000000006,343.23216,552.02316,1345.71854
fifwc-esp-arg-2026-07-19,fifwc-esp-arg-2026-07-19-more-markets,Spain vs. Argentina - More Markets,2942072,spreads,Spain (-5.5),Spread: Spain (-5.5),Spain,Argentina,23748597158354846643235421984130201371194669485431024611492995992258659038441,60355982191905787681048665642297423360126574401720213554851134570885746870644,604.9907000000001,77127.4651,0.002,0.028,0.05,0.001,True,0.028,0.002,0.026000000000000002,11.199720000000001,146.10738,0.2,0.998,0.972,0.026000000000000023,99.8,142.757,388.79028
fifwc-esp-arg-2026-07-19,fifwc-esp-arg-2026-07-19-more-markets,Spain vs. Argentina - More Markets,2942073,spreads,Argentina (-5.5),Spread: Argentina (-5.5),Argentina,Spain,70067327697400826440646334682200786574182675701377529276477192598187627976266,26663200342242369242743664725822228580684130521640679795846882193264809290075,604.9994,100863.96335,0.002,0.007,0.05,0.001,True,0.007,0.002,0.005,5.39819,234.70120999999997,0.6392000000000001,0.998,0.993,0.0050000000000000044,318.9608,517.7618,765.77181
fifwc-esp-arg-2026-07-19,fifwc-esp-arg-2026-07-19-more-markets,Spain vs. Argentina - More Markets,2942074,totals,O/U 0.5,Spain vs. Argentina: O/U 0.5,Over,Under,95825958363807846699086525334115004140149075455134418888294284834103444139805,100899066788087264896991245177978653395891419153169248929857538839728453964270,10977.913135,74126.7649,0.89,0.9,0.05,0.01,True,0.9,0.89,0.010000000000000009,204.615,9606.4637,5417.1897,0.11,0.1,0.009999999999999995,669.5403,1819.1616999999999,22.735
fifwc-esp-arg-2026-07-19,fifwc-esp-arg-2026-07-19-more-markets,Spain vs. Argentina - More Markets,2942075,totals,O/U 1.5,Spain vs. Argentina: O/U 1.5,Over,Under,76487730613685673778526503275712730145438196914922669236000206527286181327605,94444460094130059478461527758124284936643092317254702208374627453626023521088,4406.29981,122564.747,0.69,0.7,0.05,0.01,True,0.7,0.69,0.010000000000000009,6877.164,17346.2843,2676.7929,0.31,0.3,0.010000000000000009,1202.6171,6313.2354000000005,2947.356
fifwc-esp-arg-2026-07-19,fifwc-esp-arg-2026-07-19-more-markets,Spain vs. Argentina - More Markets,2942076,totals,O/U 2.5,Spain vs. Argentina: O/U 2.5,Over,Under,96709369199155811896412708963452696003757852418260689931259227822622759089946,62079784984413523345650422563713547632559798516317866687864953356087521248390,17218.309868,273042.3716,0.41,0.42,0.05,0.01,True,0.42,0.41,0.010000000000000009,37173.8892,60276.5577,59647.2141,0.59,0.58,0.010000000000000009,85833.7959,106292.6776,51335.3708
fifwc-esp-arg-2026-07-19,fifwc-esp-arg-2026-07-19-more-markets,Spain vs. Argentina - More Markets,2942077,totals,O/U 3.5,Spain vs. Argentina: O/U 3.5,Over,Under,55402626476150628336189573790876489866083310387667065204313831315980903668019,79463031754212872590735327726896748721117002882760315528874275622377644753131,1872.7363070000001,110160.3727,0.21,0.22,0.05,0.01,True,0.22,0.21,0.010000000000000009,689.7792000000001,2109.5848,421.0248,0.79,0.78,0.010000000000000009,1583.8552000000002,7716.0473,2445.5808
fifwc-esp-arg-2026-07-19,fifwc-esp-arg-2026-07-19-more-markets,Spain vs. Argentina - More Markets,2942078,totals,O/U 4.5,Spain vs. Argentina: O/U 4.5,Over,Under,11495950938209749273971051560503552170700519238704281218794309479744779141493,44191264759697865385135202563380717265798503080774312620323457687658441080107,2449.465749,97706.2108,0.08,0.1,0.05,0.01,True,0.1,0.08,0.020000000000000004,507.32700000000006,1124.3786,530.9496,0.92,0.9,0.020000000000000018,6105.9204,47726.8156,4565.943
fifwc-esp-arg-2026-07-19,fifwc-esp-arg-2026-07-19-more-markets,Spain vs. Argentina - More Markets,2942079,totals,O/U 5.5,Spain vs. Argentina: O/U 5.5,Over,Under,39597975841443176908555740378556181319024921993457924597132299006128698383414,45112419386690364734449600494611320250510060938704315852020921265799923273987,131.62805,116476.14179,0.03,0.038,0.05,0.001,True,0.038,0.03,0.008,21.404639999999997,217.16120999999998,21.1908,0.97,0.962,0.008000000000000007,685.1692,6041.52649,541.87536
fifwc-esp-arg-2026-07-19,fifwc-esp-arg-2026-07-19-more-markets,Spain vs. Argentina - More Markets,2942080,totals,O/U 6.5,Spain vs. Argentina: O/U 6.5,Over,Under,12824531344546423125643023561330753840736159393118539820917597694992566604050,20229023836786455875423160779564438217271757651373250307733617830660567954572,537.1824809999999,86195.12065,0.011,0.012,0.05,0.001,True,0.012,0.011,0.0010000000000000009,0.23987999999999998,26.551879999999997,11.0,0.989,0.988,0.0010000000000000009,989.0,3497.3375,19.75012
fifwc-esp-arg-2026-07-19,fifwc-esp-arg-2026-07-19-more-markets,Spain vs. Argentina - More Markets,2942081,totals,O/U 7.5,Spain vs. Argentina: O/U 7.5,Over,Under,39694945349350859827256227800649660552056278027714528836781901344275639839905,2692517155492333981922803700748758333284067767841373811796825312545022886703,20,76049.81133,0.003,0.007,0.05,0.001,True,0.007,0.003,0.004,9.78537,13.36656,4.87398,0.997,0.993,0.0040000000000000036,1619.78602,8755.98236,1388.12463
fifwc-esp-arg-2026-07-19,fifwc-esp-arg-2026-07-19-more-markets,Spain vs. Argentina - More Markets,2942082,totals,O/U 8.5,Spain vs. Argentina: O/U 8.5,Over,Under,17164965730683793600598766066684853635037210347232250111784578411733566708083,51156099466887878211796641037191753756120490705979771546473791310455657552699,160.560137,85834.47293,0.002,0.004,0.05,0.001,True,0.004,0.002,0.002,3.7188800000000004,3.7188800000000004,0.49938,0.998,0.996,0.0020000000000000018,249.19062,8387.60406,926.00112
fifwc-esp-arg-2026-07-19,fifwc-esp-arg-2026-07-19-more-markets,Spain vs. Argentina - More Markets,2942083,soccer_team_to_advance,Team to Advance,Spain vs. Argentina: Team to Advance,Spain,Argentina,21489275813654264105403246157265887827595023709508765470113828829105196462288,59470269118682771304947535994646971819417763580663925170396066961563339373816,82704.62030200001,2188341.9902,0.58,0.59,0.05,0.01,True,0.59,0.58,0.010000000000000009,556792.1390999999,869425.7516999999,1166273.6164,0.42,0.41,0.010000000000000009,844542.9636,1083270.8408000001,386923.35089999996
fifwc-esp-arg-2026-07-19,fifwc-esp-arg-2026-07-19-more-markets,Spain vs. Argentina - More Markets,2942084,soccer_extra_time,Will the Match Go to Extra Time?,Spain vs. Argentina: Will the Match Go to Extra Time?,Yes,No,97948501642772411011659953242528615488160007717513876997441328473821772128256,45064127349620505638971408853930687190941379805009611444184929924545684192288,527.305785,151260.1604,0.31,0.32,0.05,0.01,True,0.32,0.31,0.010000000000000009,158.23680000000002,19491.235300000004,2455.2837,0.69,0.68,0.009999999999999898,5464.9863,9983.8563,336.25320000000005
fifwc-esp-arg-2026-07-19,fifwc-esp-arg-2026-07-19-more-markets,Spain vs. Argentina - More Markets,2942085,soccer_penalty_shootout,Will the Match Go to a Penalty Shootout?,Spain vs. Argentina: Will the Match Go to a Penalty Shootout?,Yes,No,99237176169814247102676104209521416651037975910599658912877418671626337542536,23672155771406754848331239612472695073393736122708258152585549720814710165762,442.56592300000005,114674.7234,0.22,0.24,0.05,0.01,True,0.24,0.22,0.01999999999999999,665.6808,831.8058,119.1014,0.78,0.76,0.020000000000000018,422.2686,628.2294999999999,2107.9892
fifwc-esp-arg-2026-07-19,fifwc-esp-arg-2026-07-19-total-corners,Spain vs. Argentina - Total Corners,2942086,total_corners,Total Corners: O/U 10.5,Spain vs. Argentina: O/U 10.5 Total Corners,Over,Under,100884929291058386486272562949288505573410161134361262436569204241548679514194,8798078604207564628901160346846366718740102821554595865956679542950175847197,133.834771,44848.7896,0.21,0.24,0.05,0.01,True,0.24,0.21,0.03,142.5528,1069.8678,100.3506,0.79,0.76,0.030000000000000027,377.5094,1526.3514,451.41720000000004
fifwc-esp-arg-2026-07-19,fifwc-esp-arg-2026-07-19-total-corners,Spain vs. Argentina - Total Corners,2942087,total_corners,Total Corners: O/U 7.5,Spain vs. Argentina: O/U 7.5 Total Corners,Over,Under,62297234945470202633521042925717694851731938289986095644136689608717831573280,14779115833904937674097764073453701387964631439951402547450795360800782701769,41.952977,12322.3773,0.56,0.59,0.05,0.01,True,0.59,0.56,0.029999999999999916,161.424,263.60400000000004,136.5952,0.44,0.41,0.030000000000000027,107.3248,504.0013,112.176
fifwc-esp-arg-2026-07-19,fifwc-esp-arg-2026-07-19-total-corners,Spain vs. Argentina - Total Corners,2942088,total_corners,Total Corners: O/U 6.5,Spain vs. Argentina: O/U 6.5 Total Corners,Over,Under,13791465386744541708008749529499707759399538147853478212698226131258167266843,98200721663470256841583863300165128793984043179730926032160921349858910509985,1637.613864,47050.816,0.73,0.75,0.05,0.01,True,0.75,0.73,0.020000000000000018,282.8925,1326.5928999999999,546.3612,0.27,0.25,0.020000000000000018,202.07880000000003,226.59870000000004,94.2975
fifwc-esp-arg-2026-07-19,fifwc-esp-arg-2026-07-19-total-corners,Spain vs. Argentina - Total Corners,2942089,total_corners,Total Corners: O/U 9.5,Spain vs. Argentina: O/U 9.5 Total Corners,Over,Under,58099927348932613457612110542604695170841031065893301089162724368076781554350,33828905686744352504401030470185377424515449695732960804300825727635006324623,48.627230999999995,6695.5282,0.29,0.33,0.05,0.01,True,0.33,0.29,0.040000000000000036,123.47610000000002,279.4297,433.8429,0.71,0.67,0.039999999999999925,1062.1671,2057.0942999999997,250.6939
fifwc-esp-arg-2026-07-19,fifwc-esp-arg-2026-07-19-total-corners,Spain vs. Argentina - Total Corners,2942090,total_corners,Total Corners: O/U 12.5,Spain vs. Argentina: O/U 12.5 Total Corners,Over,Under,8840952442716169572853510450574377895501391340133938674787209180474930429943,69083233201292256218742801149657862987331957887808317053951484291136696607294,0,36797.1392,0.08,0.11,0.05,0.01,True,0.11,0.08,0.03,6.9003,112.6254,43.684,0.92,0.89,0.030000000000000027,502.366,2864.507,55.829699999999995
fifwc-esp-arg-2026-07-19,fifwc-esp-arg-2026-07-19-total-corners,Spain vs. Argentina - Total Corners,2942091,total_corners,Total Corners: O/U 11.5,Spain vs. Argentina: O/U 11.5 Total Corners,Over,Under,114407872046271014049974812468345324983840270246338723559484175155285594720118,5276805451642985851441312018990805778197884630819859950202836307326431497186,5.747123,37094.2788,0.13,0.16,0.05,0.01,True,0.16,0.13,0.03,44.11520000000001,130.2251,85.1383,0.87,0.84,0.030000000000000027,569.7717,3973.3725,231.6048
fifwc-esp-arg-2026-07-19,fifwc-esp-arg-2026-07-19-total-corners,Spain vs. Argentina - Total Corners,2942092,total_corners,Total Corners: O/U 8.5,Spain vs. Argentina: O/U 8.5 Total Corners,Over,Under,37324691714507346241532363779598036161789194798773486258397943227545658009856,8982543254857777962338153839341664154429126981415171735057756857901145514789,300.392921,13629.7827,0.46,0.47,0.05,0.01,True,0.47,0.46,0.009999999999999953,165.91,520.7844,30.5854,0.54,0.53,0.010000000000000009,35.9046,45.211800000000004,187.09
fifwc-esp-arg-2026-07-19,fifwc-esp-arg-2026-07-19-total-corners,Spain vs. Argentina - Total Corners,2942093,soccer_first_half_total_corners,1st Half Total Corners: O/U 3.5,Spain vs. Argentina: 1st Half O/U 3.5 Total Corners,Over,Under,100002411886865891295169984829739899620779696243692635352330027637284200504726,58466313991005930067827911937419510174032031450766071388165026237975906922232,0,27604.0464,0.45,0.72,0.05,0.01,True,0.72,0.45,0.26999999999999996,77.75999999999999,3727.76,272.727,0.55,0.28,0.27,333.33299999999997,361.33299999999997,30.240000000000002
fifwc-esp-arg-2026-07-19,fifwc-esp-arg-2026-07-19-total-corners,Spain vs. Argentina - Total Corners,2942094,soccer_first_half_total_corners,1st Half Total Corners: O/U 4.5,Spain vs. Argentina: 1st Half O/U 4.5 Total Corners,Over,Under,18035517577195560264196283974031009861538528743965343122238515888260329341310,92948244477302759140376469587916981027967522994120032845178303285800028809076,165.38428300000004,4973.2427,0.34,0.98,0.05,0.01,True,0.98,0.34,0.6399999999999999,17.052,614.6358,10.200000000000001,0.66,0.02,0.64,19.8,733.9532000000002,0.348
fifwc-esp-arg-2026-07-19,fifwc-esp-arg-2026-07-19-total-corners,Spain vs. Argentina - Total Corners,2942095,soccer_first_half_total_corners,1st Half Total Corners: O/U 5.5,Spain vs. Argentina: 1st Half O/U 5.5 Total Corners,Over,Under,9885798250696592520803250131303664831322372676139008411884414081512223313757,85453085778552269777006138501584690473974296678744991874397268267214270455365,0,7634.7046,0.18,0.74,0.05,0.01,True,0.74,0.18,0.56,37.0,48.115,19.439999999999998,0.82,0.26,0.5599999999999999,88.55999999999999,2578.56,13.0
fifwc-esp-arg-2026-07-19,fifwc-esp-arg-2026-07-19-total-corners,Spain vs. Argentina - Total Corners,2942096,soccer_second_half_total_corners,2nd Half Total Corners: O/U 3.5,Spain vs. Argentina: 2nd Half O/U 3.5 Total Corners,Over,Under,11229308529538595873670320349867547005156407317938860193693224935549066827409,62860820207623726522472022353297322767207473867060139730030432342477378616421,0,20831.9122,0.51,0.93,0.05,0.01,True,0.93,0.51,0.42000000000000004,46.5,140.5,48.96,0.49,0.07,0.42,47.04,285.135,3.5000000000000004
fifwc-esp-arg-2026-07-19,fifwc-esp-arg-2026-07-19-total-corners,Spain vs. Argentina - Total Corners,2942097,soccer_second_half_total_corners,2nd Half Total Corners: O/U 4.5,Spain vs. Argentina: 2nd Half O/U 4.5 Total Corners,Over,Under,106283053712737944756413005220645896427336132115117742611837159494646990271871,115002775570846373692496749840505738262097245751768345375595109604801619716229,0,4983.3023,0.34,0.98,0.05,0.01,True,0.98,0.34,0.6399999999999999,43.4728,669.4200999999999,340.0,0.66,0.02,0.64,660.0,693.5,0.8872
fifwc-esp-arg-2026-07-19,fifwc-esp-arg-2026-07-19-total-corners,Spain vs. Argentina - Total Corners,2942098,soccer_second_half_total_corners,2nd Half Total Corners: O/U 5.5,Spain vs. Argentina: 2nd Half O/U 5.5 Total Corners,Over,Under,111124822249406526633264627712279512035909665825351985214210548572495493981125,102481956828121692073562746719346122993834543128990489492218502912139386167551,0,6553.023,0.07,0.74,0.05,0.01,True,0.74,0.07,0.6699999999999999,37.0,48.115,150.00020000000004,0.93,0.26,0.67,1992.8598000000002,1992.8598000000002,13.0
fifwc-esp-arg-2026-07-19,fifwc-esp-arg-2026-07-19-total-corners,Spain vs. Argentina - Total Corners,2942099,soccer_game_corners_odd_even,Total Corners: Odd or Even,Spain vs. Argentina: Total Corners Odd or Even?,Odd,Even,81809511806554974166286568783499827532552959829603561077517915052533031770154,105960501251774976052199588859640117732301380264276021710505073760419980166278,3.448269,63586.481,0.49,0.51,0.05,0.01,True,0.51,0.49,0.020000000000000018,5698.3116,6334.3548,5474.8484,0.51,0.49,0.020000000000000018,5698.3116,6334.3548,5474.8484
fifwc-esp-arg-2026-07-19,fifwc-esp-arg-2026-07-19-total-corners,Spain vs. Argentina - Total Corners,2942100,soccer_first_corner,Team to Take First Corner,Spain vs. Argentina: Team to Take First Corner,Spain,Argentina,31595967430498868585284413010824898428939213635137025005528628849047204566740,111927034294414814148418310856833862955545046236397110012497951576440635979318,16.464232,33473.3661,0.52,0.56,0.05,0.01,True,0.56,0.52,0.040000000000000036,145.4376,227.9223,135.6576,0.48,0.44,0.03999999999999998,125.2224,198.0217,114.27239999999999
fifwc-esp-arg-2026-07-19,fifwc-esp-arg-2026-07-19-player-props,Spain vs. Argentina - Player Props,2943686,soccer_player_goalkeeper_saves,David Raya: 2+ saves,David Raya: 2+ saves,Yes,No,39949099385493501611733331213639619409584953774981095679540370987953051472104,17924491596589075976729976036992442764670723569279519265166490575951537401421,0,5.4598,0.02,0.98,0.05,0.01,True,0.98,0.02,0.96,47.0302,269.7802,0.1,0.98,0.02,0.96,4.9,217.75,0.9598000000000001
fifwc-esp-arg-2026-07-19,fifwc-esp-arg-2026-07-19-player-props,Spain vs. Argentina - Player Props,2943688,soccer_player_goalkeeper_saves,David Raya: 3+ saves,David Raya: 3+ saves,Yes,No,36988753783723752091639612008488951540283296947661745914801431645242096203129,115532626142313927461775745971979071509617704061524712572364329213373024080150,0,5.4599,0.02,0.98,0.05,0.01,True,0.98,0.02,0.96,40.258399999999995,285.521,0.1,0.98,0.02,0.96,4.9,217.75,0.8216
fifwc-esp-arg-2026-07-19,fifwc-esp-arg-2026-07-19-player-props,Spain vs. Argentina - Player Props,2943689,soccer_player_goalkeeper_saves,David Raya: 4+ saves,David Raya: 4+ saves,Yes,No,85866015367527069080396541996615969690076274401580569626097936237867982676257,45514150179443383274571778561739161906492928107535744222138007472623385843248,0,5.4599,0.02,0.98,0.05,0.01,True,0.98,0.02,0.96,42.3752,274.5401,0.1,0.98,0.02,0.96,4.9,217.75,0.8648
fifwc-esp-arg-2026-07-19,fifwc-esp-arg-2026-07-19-player-props,Spain vs. Argentina - Player Props,2943692,soccer_player_goalkeeper_saves,David Raya: 5+ saves,David Raya: 5+ saves,Yes,No,2544294834117918730823197950932814219109455619001244730870991320270135431655,104392627401988207669717437741419365194589185307975810045142534442755509066819,0,5.4599,0.02,0.98,0.05,0.01,True,0.98,0.02,0.96,40.258399999999995,276.7001,0.1,0.98,0.02,0.96,4.9,217.75,0.8216
fifwc-esp-arg-2026-07-19,fifwc-esp-arg-2026-07-19-player-props,Spain vs. Argentina - Player Props,2943694,soccer_player_goalkeeper_saves,Juan Musso: 2+ saves,Juan Musso: 2+ saves,Yes,No,48932856069105025035980283452602475106308627350129463918945008350409560749448,16260627631258635535096029108958097635488028587457726794640082082493292092532,0,5.4063,0.02,0.98,0.05,0.01,True,0.98,0.02,0.96,41.7774,269.8437,0.1,0.98,0.02,0.96,4.9,217.75,0.8526
fifwc-esp-arg-2026-07-19,fifwc-esp-arg-2026-07-19-player-props,Spain vs. Argentina - Player Props,2943696,soccer_player_goalkeeper_saves,Juan Musso: 3+ saves,Juan Musso: 3+ saves,Yes,No,15341244262148977522933559842968425581930451889508956028982918740176584227332,46442306085421483082225752654980537027320458786425678618790573438994902531100,0,5.4599,0.02,0.98,0.05,0.01,True,0.98,0.02,0.96,43.365,273.5301,0.1,0.98,0.02,0.96,4.9,217.75,0.885
fifwc-esp-arg-2026-07-19,fifwc-esp-arg-2026-07-19-player-props,Spain vs. Argentina - Player Props,2943698,soccer_player_goalkeeper_saves,Juan Musso: 4+ saves,Juan Musso: 4+ saves,Yes,No,19396633055299427896043316007542634032193119612771385776121321080915945400293,1977064054262081446871596806474629012011426725557203592239791358373574234021,0,5.4599,0.02,0.98,0.05,0.01,True,0.98,0.02,0.96,44.6194,272.25010000000003,0.1,0.98,0.02,0.96,4.9,217.75,0.9106000000000001
fifwc-esp-arg-2026-07-19,fifwc-esp-arg-2026-07-19-player-props,Spain vs. Argentina - Player Props,2943700,soccer_player_goalkeeper_saves,Juan Musso: 5+ saves,Juan Musso: 5+ saves,Yes,No,107250327000203249371892208903428987887439391254973405011511606126321524047742,48935763432314771351531655580720486995528854947329085204509848829796423437664,0,5.46,0.02,0.98,0.05,0.01,True,0.98,0.02,0.96,47.04,269.79,0.1,0.98,0.02,0.96,4.9,217.75,0.96
